ลำดับที่,จังหวัด,อำเภอ,ประเภท,ชื่อ
1,กระบี่,เมืองกระบี่,องค์การบริหารส่วนจังหวัด,กระบี่
2,กระบี่,เมืองกระบี่,เทศบาลเมือง,กระบี่
3,กระบี่,เกาะลันตา,เทศบาลตำบล,เกาะกลาง
4,กระบี่,เกาะลันตา,เทศบาลตำบล,เกาะลันตาใหญ่
5,กระบี่,เกาะลันตา,เทศบาลตำบล,คลองยาง
6,กระบี่,เกาะลันตา,เทศบาลตำบล,ศาลาด่าน
7,กระบี่,เขาพนม,เทศบาลตำบล,เขาพนม
8,กระบี่,คลองท่อม,เทศบาลตำบล,คลองท่อมใต้
9,กระบี่,คลองท่อม,เทศบาลตำบล,คลองพน
10,กระบี่,คลองท่อม,เทศบาลตำบล,คลองพนพัฒนา
11,กระบี่,คลองท่อม,เทศบาลตำบล,ทรายขาว
12,กระบี่,คลองท่อม,เทศบาลตำบล,ห้วยน้ำขาว
13,กระบี่,ปลายพระยา,เทศบาลตำบล,ปลายพระยา
14,กระบี่,เมืองกระบี่,เทศบาลตำบล,กระบี่น้อย
15,กระบี่,ลำทับ,เทศบาลตำบล,ลำทับ
16,กระบี่,เหนือคลอง,เทศบาลตำบล,เหนือคลอง
17,กระบี่,อ่าวลึก,เทศบาลตำบล,คลองหิน
18,กระบี่,อ่าวลึก,เทศบาลตำบล,แหลมสัก
19,กระบี่,อ่าวลึก,เทศบาลตำบล,อ่าวลึกใต้
20,กระบี่,เกาะลันตา,องค์การบริหารส่วนตำบล,เกาะลันตาน้อย
21,กระบี่,เกาะลันตา,องค์การบริหารส่วนตำบล,เกาะลันตาใหญ่
22,กระบี่,เขาพนม,องค์การบริหารส่วนตำบล,เขาดิน
23,กระบี่,เขาพนม,องค์การบริหารส่วนตำบล,เขาพนม
24,กระบี่,เขาพนม,องค์การบริหารส่วนตำบล,โคกหาร
25,กระบี่,เขาพนม,องค์การบริหารส่วนตำบล,พรุเตียว
26,กระบี่,เขาพนม,องค์การบริหารส่วนตำบล,สินปุน
27,กระบี่,เขาพนม,องค์การบริหารส่วนตำบล,หน้าเขา
28,กระบี่,คลองท่อม,องค์การบริหารส่วนตำบล,คลองท่อมใต้
29,กระบี่,คลองท่อม,องค์การบริหารส่วนตำบล,คลองท่อมเหนือ
30,กระบี่,คลองท่อม,องค์การบริหารส่วนตำบล,พรุดินนา
31,กระบี่,คลองท่อม,องค์การบริหารส่วนตำบล,เพหลา
32,กระบี่,ปลายพระยา,องค์การบริหารส่วนตำบล,เขาเขน
33,กระบี่,ปลายพระยา,องค์การบริหารส่วนตำบล,เขาต่อ
34,กระบี่,ปลายพระยา,องค์การบริหารส่วนตำบล,คีรีวง
35,กระบี่,ปลายพระยา,องค์การบริหารส่วนตำบล,ปลายพระยา
36,กระบี่,เมืองกระบี่,องค์การบริหารส่วนตำบล,เขาคราม
37,กระบี่,เมืองกระบี่,องค์การบริหารส่วนตำบล,เขาทอง
38,กระบี่,เมืองกระบี่,องค์การบริหารส่วนตำบล,คลองประสงค์
39,กระบี่,เมืองกระบี่,องค์การบริหารส่วนตำบล,ทับปริก
40,กระบี่,เมืองกระบี่,องค์การบริหารส่วนตำบล,ไสไทย
41,กระบี่,เมืองกระบี่,องค์การบริหารส่วนตำบล,หนองทะเล
42,กระบี่,เมืองกระบี่,องค์การบริหารส่วนตำบล,อ่าวนาง
43,กระบี่,ลำทับ,องค์การบริหารส่วนตำบล,ดินแดง
44,กระบี่,ลำทับ,องค์การบริหารส่วนตำบล,ดินอุดม
45,กระบี่,ลำทับ,องค์การบริหารส่วนตำบล,ทุ่งไทรทอง
46,กระบี่,ลำทับ,องค์การบริหารส่วนตำบล,ลำทับ
47,กระบี่,เหนือคลอง,องค์การบริหารส่วนตำบล,เกาะศรีบอยา
48,กระบี่,เหนือคลอง,องค์การบริหารส่วนตำบล,คลองขนาน
49,กระบี่,เหนือคลอง,องค์การบริหารส่วนตำบล,คลองเขม้า
50,กระบี่,เหนือคลอง,องค์การบริหารส่วนตำบล,โคกยาง
51,กระบี่,เหนือคลอง,องค์การบริหารส่วนตำบล,ตลิ่งชัน
52,กระบี่,เหนือคลอง,องค์การบริหารส่วนตำบล,ปกาสัย
53,กระบี่,เหนือคลอง,องค์การบริหารส่วนตำบล,ห้วยยูง
54,กระบี่,เหนือคลอง,องค์การบริหารส่วนตำบล,เหนือคลอง
55,กระบี่,อ่าวลึก,องค์การบริหารส่วนตำบล,เขาใหญ่
56,กระบี่,อ่าวลึก,องค์การบริหารส่วนตำบล,คลองยา
57,กระบี่,อ่าวลึก,องค์การบริหารส่วนตำบล,นาเหนือ
58,กระบี่,อ่าวลึก,องค์การบริหารส่วนตำบล,บ้านกลาง
59,กระบี่,อ่าวลึก,องค์การบริหารส่วนตำบล,แหลมสัก
60,กระบี่,อ่าวลึก,องค์การบริหารส่วนตำบล,อ่าวลึกใต้
61,กระบี่,อ่าวลึก,องค์การบริหารส่วนตำบล,อ่าวลึกน้อย
62,กระบี่,อ่าวลึก,องค์การบริหารส่วนตำบล,อ่าวลึกเหนือ
63,กาญจนบุรี,เมืองกาญจนบุรี,องค์การบริหารส่วนจังหวัด,กาญจนบุรี
64,กาญจนบุรี,ท่ามะกา,เทศบาลเมือง,ท่าเรือพระแท่น
65,กาญจนบุรี,เมืองกาญจนบุรี,เทศบาลเมือง,กาญจนบุรี
66,กาญจนบุรี,เมืองกาญจนบุรี,เทศบาลเมือง,ปากแพรก
67,กาญจนบุรี,ด่านมะขามเตี้ย,เทศบาลตำบล,ด่านมะขามเตี้ย
68,กาญจนบุรี,ทองผาภูมิ,เทศบาลตำบล,ทองผาภูมิ
69,กาญจนบุรี,ทองผาภูมิ,เทศบาลตำบล,ท่าขนุน
70,กาญจนบุรี,ทองผาภูมิ,เทศบาลตำบล,ลิ่นถิ่น
71,กาญจนบุรี,ทองผาภูมิ,เทศบาลตำบล,สหกรณ์นิคม
72,กาญจนบุรี,ท่าม่วง,เทศบาลตำบล,ท่าม่วง
73,กาญจนบุรี,ท่าม่วง,เทศบาลตำบล,ท่าล้อ
74,กาญจนบุรี,ท่าม่วง,เทศบาลตำบล,ม่วงชุม
75,กาญจนบุรี,ท่าม่วง,เทศบาลตำบล,วังขนาย
76,กาญจนบุรี,ท่าม่วง,เทศบาลตำบล,วังศาลา
77,กาญจนบุรี,ท่าม่วง,เทศบาลตำบล,สำรอง
78,กาญจนบุรี,ท่าม่วง,เทศบาลตำบล,หนองขาว
79,กาญจนบุรี,ท่าม่วง,เทศบาลตำบล,หนองตากยา
80,กาญจนบุรี,ท่าม่วง,เทศบาลตำบล,หนองหญ้าดอกขาว
81,กาญจนบุรี,ท่ามะกา,เทศบาลตำบล,ดอนขมิ้น
82,กาญจนบุรี,ท่ามะกา,เทศบาลตำบล,ดอนชะเอม
83,กาญจนบุรี,ท่ามะกา,เทศบาลตำบล,ท่ามะกา
84,กาญจนบุรี,ท่ามะกา,เทศบาลตำบล,ท่าไม้
85,กาญจนบุรี,ท่ามะกา,เทศบาลตำบล,ท่าเสา
86,กาญจนบุรี,ท่ามะกา,เทศบาลตำบล,พระแท่น
87,กาญจนบุรี,ท่ามะกา,เทศบาลตำบล,พระแท่นลำพระยา
88,กาญจนบุรี,ท่ามะกา,เทศบาลตำบล,ยางม่วง
89,กาญจนบุรี,ท่ามะกา,เทศบาลตำบล,ลูกแก
90,กาญจนบุรี,ท่ามะกา,เทศบาลตำบล,สนามแย้
91,กาญจนบุรี,ท่ามะกา,เทศบาลตำบล,หนองลาน
92,กาญจนบุรี,ท่ามะกา,เทศบาลตำบล,หวายเหนียว
93,กาญจนบุรี,ไทรโยค,เทศบาลตำบล,ไทรโยค
94,กาญจนบุรี,ไทรโยค,เทศบาลตำบล,น้ำตกไทรโยคน้อย
95,กาญจนบุรี,ไทรโยค,เทศบาลตำบล,วังโพธิ์
96,กาญจนบุรี,บ่อพลอย,เทศบาลตำบล,บ่อพลอย
97,กาญจนบุรี,บ่อพลอย,เทศบาลตำบล,หนองรี
98,กาญจนบุรี,พนมทวน,เทศบาลตำบล,ดอนเจดีย์
99,กาญจนบุรี,พนมทวน,เทศบาลตำบล,ตลาดเขต
100,กาญจนบุรี,พนมทวน,เทศบาลตำบล,พนมทวน
101,กาญจนบุรี,พนมทวน,เทศบาลตำบล,รางหวาย
102,กาญจนบุรี,พนมทวน,เทศบาลตำบล,หนองสาหร่าย
103,กาญจนบุรี,เมืองกาญจนบุรี,เทศบาลตำบล,แก่งเสี้ยน
104,กาญจนบุรี,เมืองกาญจนบุรี,เทศบาลตำบล,ท่ามะขาม
105,กาญจนบุรี,เมืองกาญจนบุรี,เทศบาลตำบล,ลาดหญ้า
106,กาญจนบุรี,เมืองกาญจนบุรี,เทศบาลตำบล,หนองบัว
107,กาญจนบุรี,เลาขวัญ,เทศบาลตำบล,เลาขวัญ
108,กาญจนบุรี,เลาขวัญ,เทศบาลตำบล,หนองฝ้าย
109,กาญจนบุรี,ศรีสวัสดิ์,เทศบาลตำบล,เขาโจด
110,กาญจนบุรี,ศรีสวัสดิ์,เทศบาลตำบล,เอราวัณ
111,กาญจนบุรี,สังขละบุรี,เทศบาลตำบล,วังกะ
112,กาญจนบุรี,หนองปรือ,เทศบาลตำบล,สมเด็จเจริญ
113,กาญจนบุรี,หนองปรือ,เทศบาลตำบล,หนองปรือ
114,กาญจนบุรี,หนองปรือ,เทศบาลตำบล,หนองปลาไหล
115,กาญจนบุรี,ห้วยกระเจา,เทศบาลตำบล,สระลงเรือ
116,กาญจนบุรี,ห้วยกระเจา,เทศบาลตำบล,ห้วยกระเจา
117,กาญจนบุรี,ด่านมะขามเตี้ย,องค์การบริหารส่วนตำบล,กลอนโด
118,กาญจนบุรี,ด่านมะขามเตี้ย,องค์การบริหารส่วนตำบล,จรเข้เผือก
119,กาญจนบุรี,ด่านมะขามเตี้ย,องค์การบริหารส่วนตำบล,ด่านมะขามเตี้ย
120,กาญจนบุรี,ด่านมะขามเตี้ย,องค์การบริหารส่วนตำบล,หนองไผ่
121,กาญจนบุรี,ทองผาภูมิ,องค์การบริหารส่วนตำบล,ชะแล
122,กาญจนบุรี,ทองผาภูมิ,องค์การบริหารส่วนตำบล,ปิล๊อก
123,กาญจนบุรี,ทองผาภูมิ,องค์การบริหารส่วนตำบล,ห้วยเขย่ง
124,กาญจนบุรี,ทองผาภูมิ,องค์การบริหารส่วนตำบล,หินดาด
125,กาญจนบุรี,ท่าม่วง,องค์การบริหารส่วนตำบล,เขาน้อย
126,กาญจนบุรี,ท่าม่วง,องค์การบริหารส่วนตำบล,ท่าตะคร้อ
127,กาญจนบุรี,ท่าม่วง,องค์การบริหารส่วนตำบล,ท่าม่วง
128,กาญจนบุรี,ท่าม่วง,องค์การบริหารส่วนตำบล,ทุ่งทอง
129,กาญจนบุรี,ท่าม่วง,องค์การบริหารส่วนตำบล,บ้านใหม่
130,กาญจนบุรี,ท่าม่วง,องค์การบริหารส่วนตำบล,พังตรุ
131,กาญจนบุรี,ท่าม่วง,องค์การบริหารส่วนตำบล,รางสาลี่
132,กาญจนบุรี,ท่าม่วง,องค์การบริหารส่วนตำบล,หนองตากยา
133,กาญจนบุรี,ท่ามะกา,องค์การบริหารส่วนตำบล,เขาสามสิบหาบ
134,กาญจนบุรี,ท่ามะกา,องค์การบริหารส่วนตำบล,โคกตะบอง
135,กาญจนบุรี,ท่ามะกา,องค์การบริหารส่วนตำบล,ตะคร้ำเอน
136,กาญจนบุรี,ท่ามะกา,องค์การบริหารส่วนตำบล,ท่ามะกา
137,กาญจนบุรี,ท่ามะกา,องค์การบริหารส่วนตำบล,พงตึก
138,กาญจนบุรี,ท่ามะกา,องค์การบริหารส่วนตำบล,แสนตอ
139,กาญจนบุรี,ท่ามะกา,องค์การบริหารส่วนตำบล,หวายเหนียว
140,กาญจนบุรี,ท่ามะกา,องค์การบริหารส่วนตำบล,อุโลกสี่หมื่น
141,กาญจนบุรี,ไทรโยค,องค์การบริหารส่วนตำบล,ท่าเสา
142,กาญจนบุรี,ไทรโยค,องค์การบริหารส่วนตำบล,บ้องตี้
143,กาญจนบุรี,ไทรโยค,องค์การบริหารส่วนตำบล,ลุ่มสุ่ม
144,กาญจนบุรี,ไทรโยค,องค์การบริหารส่วนตำบล,วังกระแจะ
145,กาญจนบุรี,ไทรโยค,องค์การบริหารส่วนตำบล,ศรีมงคล
146,กาญจนบุรี,ไทรโยค,องค์การบริหารส่วนตำบล,สิงห์
147,กาญจนบุรี,บ่อพลอย,องค์การบริหารส่วนตำบล,ช่องด่าน
148,กาญจนบุรี,บ่อพลอย,องค์การบริหารส่วนตำบล,บ่อพลอย
149,กาญจนบุรี,บ่อพลอย,องค์การบริหารส่วนตำบล,หนองกร่าง
150,กาญจนบุรี,บ่อพลอย,องค์การบริหารส่วนตำบล,หนองกุ่ม
151,กาญจนบุรี,บ่อพลอย,องค์การบริหารส่วนตำบล,หนองรี
152,กาญจนบุรี,บ่อพลอย,องค์การบริหารส่วนตำบล,หลุมรัง
153,กาญจนบุรี,พนมทวน,องค์การบริหารส่วนตำบล,ดอนตาเพชร
154,กาญจนบุรี,พนมทวน,องค์การบริหารส่วนตำบล,ทุ่งสมอ
155,กาญจนบุรี,พนมทวน,องค์การบริหารส่วนตำบล,พนมทวน
156,กาญจนบุรี,พนมทวน,องค์การบริหารส่วนตำบล,พังตรุ
157,กาญจนบุรี,พนมทวน,องค์การบริหารส่วนตำบล,หนองโรง
158,กาญจนบุรี,เมืองกาญจนบุรี,องค์การบริหารส่วนตำบล,เกาะสำโรง
159,กาญจนบุรี,เมืองกาญจนบุรี,องค์การบริหารส่วนตำบล,แก่งเสี้ยน
160,กาญจนบุรี,เมืองกาญจนบุรี,องค์การบริหารส่วนตำบล,ช่องสะเดา
161,กาญจนบุรี,เมืองกาญจนบุรี,องค์การบริหารส่วนตำบล,บ้านเก่า
162,กาญจนบุรี,เมืองกาญจนบุรี,องค์การบริหารส่วนตำบล,ลาดหญ้า
163,กาญจนบุรี,เมืองกาญจนบุรี,องค์การบริหารส่วนตำบล,วังด้ง
164,กาญจนบุรี,เมืองกาญจนบุรี,องค์การบริหารส่วนตำบล,วังเย็น
165,กาญจนบุรี,เมืองกาญจนบุรี,องค์การบริหารส่วนตำบล,หนองบัว
166,กาญจนบุรี,เมืองกาญจนบุรี,องค์การบริหารส่วนตำบล,หนองหญ้า
167,กาญจนบุรี,เลาขวัญ,องค์การบริหารส่วนตำบล,ทุ่งกระบ่ำ
168,กาญจนบุรี,เลาขวัญ,องค์การบริหารส่วนตำบล,เลาขวัญ
169,กาญจนบุรี,เลาขวัญ,องค์การบริหารส่วนตำบล,หนองนกแก้ว
170,กาญจนบุรี,เลาขวัญ,องค์การบริหารส่วนตำบล,หนองประดู่
171,กาญจนบุรี,เลาขวัญ,องค์การบริหารส่วนตำบล,หนองปลิง
172,กาญจนบุรี,เลาขวัญ,องค์การบริหารส่วนตำบล,หนองฝ้าย
173,กาญจนบุรี,เลาขวัญ,องค์การบริหารส่วนตำบล,หนองโสน
174,กาญจนบุรี,ศรีสวัสดิ์,องค์การบริหารส่วนตำบล,ด่านแม่แฉลบ
175,กาญจนบุรี,ศรีสวัสดิ์,องค์การบริหารส่วนตำบล,ท่ากระดาน
176,กาญจนบุรี,ศรีสวัสดิ์,องค์การบริหารส่วนตำบล,นาสวน
177,กาญจนบุรี,ศรีสวัสดิ์,องค์การบริหารส่วนตำบล,แม่กระบุง
178,กาญจนบุรี,ศรีสวัสดิ์,องค์การบริหารส่วนตำบล,หนองเป็ด
179,กาญจนบุรี,สังขละบุรี,องค์การบริหารส่วนตำบล,ปรังเผล
180,กาญจนบุรี,สังขละบุรี,องค์การบริหารส่วนตำบล,ไล่โว่
181,กาญจนบุรี,สังขละบุรี,องค์การบริหารส่วนตำบล,หนองลู
182,กาญจนบุรี,หนองปรือ,องค์การบริหารส่วนตำบล,หนองปรือ
183,กาญจนบุรี,ห้วยกระเจา,องค์การบริหารส่วนตำบล,ดอนแสลบ
184,กาญจนบุรี,ห้วยกระเจา,องค์การบริหารส่วนตำบล,วังไผ่
185,กาฬสินธุ์,เมืองกาฬสินธุ์,องค์การบริหารส่วนจังหวัด,กาฬสินธุ์
186,กาฬสินธุ์,กุฉินารายณ์,เทศบาลเมือง,กุฉินารายณ์
187,กาฬสินธุ์,เมืองกาฬสินธุ์,เทศบาลเมือง,กาฬสินธุ์
188,กาฬสินธุ์,กมลาไสย,เทศบาลตำบล,กมลาไสย
189,กาฬสินธุ์,กมลาไสย,เทศบาลตำบล,ดงลิง
190,กาฬสินธุ์,กมลาไสย,เทศบาลตำบล,ธัญญา
191,กาฬสินธุ์,กมลาไสย,เทศบาลตำบล,หนองแปน
192,กาฬสินธุ์,กมลาไสย,เทศบาลตำบล,หลักเมือง
193,กาฬสินธุ์,กุฉินารายณ์,เทศบาลตำบล,กุดหว้า
194,กาฬสินธุ์,กุฉินารายณ์,เทศบาลตำบล,จุมจัง
195,กาฬสินธุ์,กุฉินารายณ์,เทศบาลตำบล,นาขาม
196,กาฬสินธุ์,กุฉินารายณ์,เทศบาลตำบล,สามขา
197,กาฬสินธุ์,กุฉินารายณ์,เทศบาลตำบล,เหล่าใหญ่
198,กาฬสินธุ์,เขาวง,เทศบาลตำบล,กุดสิม
199,กาฬสินธุ์,เขาวง,เทศบาลตำบล,กุดสิมคุ้มใหม่
200,กาฬสินธุ์,เขาวง,เทศบาลตำบล,สงเปลือย
201,กาฬสินธุ์,เขาวง,เทศบาลตำบล,สระพังทอง
202,กาฬสินธุ์,คำม่วง,เทศบาลตำบล,คำม่วง
203,กาฬสินธุ์,คำม่วง,เทศบาลตำบล,นาทัน
204,กาฬสินธุ์,คำม่วง,เทศบาลตำบล,โพน
205,กาฬสินธุ์,ฆ้องชัย,เทศบาลตำบล,ฆ้องชัยพัฒนา
206,กาฬสินธุ์,ฆ้องชัย,เทศบาลตำบล,โนนศิลาเลิง
207,กาฬสินธุ์,ดอนจาน,เทศบาลตำบล,ดอนจาน
208,กาฬสินธุ์,ดอนจาน,เทศบาลตำบล,ม่วงนา
209,กาฬสินธุ์,ท่าคันโท,เทศบาลตำบล,กุงเก่า
210,กาฬสินธุ์,ท่าคันโท,เทศบาลตำบล,กุดจิก
211,กาฬสินธุ์,ท่าคันโท,เทศบาลตำบล,ดงสมบูรณ์
212,กาฬสินธุ์,ท่าคันโท,เทศบาลตำบล,ท่าคันโท
213,กาฬสินธุ์,ท่าคันโท,เทศบาลตำบล,นาตาล
214,กาฬสินธุ์,นาคู,เทศบาลตำบล,นาคู
215,กาฬสินธุ์,นาคู,เทศบาลตำบล,ภูแล่นช้าง
216,กาฬสินธุ์,นามน,เทศบาลตำบล,นามน
217,กาฬสินธุ์,นามน,เทศบาลตำบล,สงเปลือย
218,กาฬสินธุ์,เมืองกาฬสินธุ์,เทศบาลตำบล,กลางหมื่น
219,กาฬสินธุ์,เมืองกาฬสินธุ์,เทศบาลตำบล,ขมิ้น
220,กาฬสินธุ์,เมืองกาฬสินธุ์,เทศบาลตำบล,เชียงเครือ
221,กาฬสินธุ์,เมืองกาฬสินธุ์,เทศบาลตำบล,นาจารย์
222,กาฬสินธุ์,เมืองกาฬสินธุ์,เทศบาลตำบล,บึงวิชัย
223,กาฬสินธุ์,เมืองกาฬสินธุ์,เทศบาลตำบล,ไผ่
224,กาฬสินธุ์,เมืองกาฬสินธุ์,เทศบาลตำบล,โพนทอง
225,กาฬสินธุ์,เมืองกาฬสินธุ์,เทศบาลตำบล,ภูดิน
226,กาฬสินธุ์,เมืองกาฬสินธุ์,เทศบาลตำบล,ภูปอ
227,กาฬสินธุ์,เมืองกาฬสินธุ์,เทศบาลตำบล,ลำคลอง
228,กาฬสินธุ์,เมืองกาฬสินธุ์,เทศบาลตำบล,ลำพาน
229,กาฬสินธุ์,เมืองกาฬสินธุ์,เทศบาลตำบล,หนองกุง
230,กาฬสินธุ์,เมืองกาฬสินธุ์,เทศบาลตำบล,หนองสอ
231,กาฬสินธุ์,เมืองกาฬสินธุ์,เทศบาลตำบล,หลุบ
232,กาฬสินธุ์,เมืองกาฬสินธุ์,เทศบาลตำบล,ห้วยโพธิ์
233,กาฬสินธุ์,เมืองกาฬสินธุ์,เทศบาลตำบล,เหนือ
234,กาฬสินธุ์,ยางตลาด,เทศบาลตำบล,เขาพระนอน
235,กาฬสินธุ์,ยางตลาด,เทศบาลตำบล,โคกศรี
236,กาฬสินธุ์,ยางตลาด,เทศบาลตำบล,โนนสูง
237,กาฬสินธุ์,ยางตลาด,เทศบาลตำบล,บัวบาน
238,กาฬสินธุ์,ยางตลาด,เทศบาลตำบล,ยางตลาด
239,กาฬสินธุ์,ยางตลาด,เทศบาลตำบล,หัวนาคำ
240,กาฬสินธุ์,ยางตลาด,เทศบาลตำบล,อิตื้อ
241,กาฬสินธุ์,ยางตลาด,เทศบาลตำบล,อุ่มเม่า
242,กาฬสินธุ์,ร่องคำ,เทศบาลตำบล,ร่องคำ
243,กาฬสินธุ์,สมเด็จ,เทศบาลตำบล,แซงบาดาล
244,กาฬสินธุ์,สมเด็จ,เทศบาลตำบล,ผาเสวย
245,กาฬสินธุ์,สมเด็จ,เทศบาลตำบล,มหาไชย
246,กาฬสินธุ์,สมเด็จ,เทศบาลตำบล,ลำห้วยหลัว
247,กาฬสินธุ์,สมเด็จ,เทศบาลตำบล,สมเด็จ
248,กาฬสินธุ์,สหัสขันธ์,เทศบาลตำบล,นามะเขือ
249,กาฬสินธุ์,สหัสขันธ์,เทศบาลตำบล,นิคม
250,กาฬสินธุ์,สหัสขันธ์,เทศบาลตำบล,โนนน้ำเกลี้ยง
251,กาฬสินธุ์,สหัสขันธ์,เทศบาลตำบล,โนนบุรี
252,กาฬสินธุ์,สหัสขันธ์,เทศบาลตำบล,โนนศิลา
253,กาฬสินธุ์,สหัสขันธ์,เทศบาลตำบล,ภูสิงห์
254,กาฬสินธุ์,หนองกุงศรี,เทศบาลตำบล,คำก้าว
255,กาฬสินธุ์,หนองกุงศรี,เทศบาลตำบล,ดงมูล
256,กาฬสินธุ์,หนองกุงศรี,เทศบาลตำบล,หนองกุงศรี
257,กาฬสินธุ์,หนองกุงศรี,เทศบาลตำบล,หนองบัว
258,กาฬสินธุ์,หนองกุงศรี,เทศบาลตำบล,หนองสรวง
259,กาฬสินธุ์,หนองกุงศรี,เทศบาลตำบล,หนองหิน
260,กาฬสินธุ์,หนองกุงศรี,เทศบาลตำบล,หนองใหญ่
261,กาฬสินธุ์,ห้วยผึ้ง,เทศบาลตำบล,คำบง
262,กาฬสินธุ์,ห้วยผึ้ง,เทศบาลตำบล,ไค้นุ่น
263,กาฬสินธุ์,ห้วยผึ้ง,เทศบาลตำบล,หนองอีบุตร
264,กาฬสินธุ์,ห้วยผึ้ง,เทศบาลตำบล,ห้วยผึ้ง
265,กาฬสินธุ์,ห้วยเม็ก,เทศบาลตำบล,คำเหมือดแก้ว
266,กาฬสินธุ์,ห้วยเม็ก,เทศบาลตำบล,คำใหญ่
267,กาฬสินธุ์,ห้วยเม็ก,เทศบาลตำบล,ท่าลาดดงยาง
268,กาฬสินธุ์,ห้วยเม็ก,เทศบาลตำบล,ห้วยเม็ก
269,กาฬสินธุ์,กมลาไสย,องค์การบริหารส่วนตำบล,กมลาไสย
270,กาฬสินธุ์,กมลาไสย,องค์การบริหารส่วนตำบล,โคกสมบูรณ์
271,กาฬสินธุ์,กมลาไสย,องค์การบริหารส่วนตำบล,เจ้าท่า
272,กาฬสินธุ์,กมลาไสย,องค์การบริหารส่วนตำบล,ธัญญา
273,กาฬสินธุ์,กมลาไสย,องค์การบริหารส่วนตำบล,โพนงาม
274,กาฬสินธุ์,กุฉินารายณ์,องค์การบริหารส่วนตำบล,กุดค้าว
275,กาฬสินธุ์,กุฉินารายณ์,องค์การบริหารส่วนตำบล,แจนแลน
276,กาฬสินธุ์,กุฉินารายณ์,องค์การบริหารส่วนตำบล,นาโก
277,กาฬสินธุ์,กุฉินารายณ์,องค์การบริหารส่วนตำบล,นาไคร้
278,กาฬสินธุ์,กุฉินารายณ์,องค์การบริหารส่วนตำบล,บัวขาว
279,กาฬสินธุ์,กุฉินารายณ์,องค์การบริหารส่วนตำบล,สมสะอาด
280,กาฬสินธุ์,กุฉินารายณ์,องค์การบริหารส่วนตำบล,หนองห้าง
281,กาฬสินธุ์,กุฉินารายณ์,องค์การบริหารส่วนตำบล,เหล่าไฮงาม
282,กาฬสินธุ์,เขาวง,องค์การบริหารส่วนตำบล,คุ้มเก่า
283,กาฬสินธุ์,เขาวง,องค์การบริหารส่วนตำบล,หนองผือ
284,กาฬสินธุ์,คำม่วง,องค์การบริหารส่วนตำบล,ดินจี่
285,กาฬสินธุ์,คำม่วง,องค์การบริหารส่วนตำบล,ทุ่งคลอง
286,กาฬสินธุ์,คำม่วง,องค์การบริหารส่วนตำบล,นาบอน
287,กาฬสินธุ์,คำม่วง,องค์การบริหารส่วนตำบล,เนินยาง
288,กาฬสินธุ์,คำม่วง,องค์การบริหารส่วนตำบล,โพน
289,กาฬสินธุ์,ฆ้องชัย,องค์การบริหารส่วนตำบล,โคกสะอาด
290,กาฬสินธุ์,ฆ้องชัย,องค์การบริหารส่วนตำบล,ลำชี
291,กาฬสินธุ์,ฆ้องชัย,องค์การบริหารส่วนตำบล,เหล่ากลาง
292,กาฬสินธุ์,ดอนจาน,องค์การบริหารส่วนตำบล,ดงพยุง
293,กาฬสินธุ์,ดอนจาน,องค์การบริหารส่วนตำบล,นาจำปา
294,กาฬสินธุ์,ดอนจาน,องค์การบริหารส่วนตำบล,สะอาดไชยศรี
295,กาฬสินธุ์,ท่าคันโท,องค์การบริหารส่วนตำบล,ยางอู้ม
296,กาฬสินธุ์,นาคู,องค์การบริหารส่วนตำบล,นาคู
297,กาฬสินธุ์,นาคู,องค์การบริหารส่วนตำบล,โนนนาจาน
298,กาฬสินธุ์,นาคู,องค์การบริหารส่วนตำบล,บ่อแก้ว
299,กาฬสินธุ์,นาคู,องค์การบริหารส่วนตำบล,สายนาวัง
300,กาฬสินธุ์,นามน,องค์การบริหารส่วนตำบล,นามน
301,กาฬสินธุ์,นามน,องค์การบริหารส่วนตำบล,ยอดแกง
302,กาฬสินธุ์,นามน,องค์การบริหารส่วนตำบล,หนองบัว
303,กาฬสินธุ์,นามน,องค์การบริหารส่วนตำบล,หลักเหลี่ยม
304,กาฬสินธุ์,ยางตลาด,องค์การบริหารส่วนตำบล,คลองขาม
305,กาฬสินธุ์,ยางตลาด,องค์การบริหารส่วนตำบล,ดอนสมบูรณ์
306,กาฬสินธุ์,ยางตลาด,องค์การบริหารส่วนตำบล,นาเชือก
307,กาฬสินธุ์,ยางตลาด,องค์การบริหารส่วนตำบล,นาดี
308,กาฬสินธุ์,ยางตลาด,องค์การบริหารส่วนตำบล,ยางตลาด
309,กาฬสินธุ์,ยางตลาด,องค์การบริหารส่วนตำบล,เว่อ
310,กาฬสินธุ์,ยางตลาด,องค์การบริหารส่วนตำบล,หนองตอกแป้น
311,กาฬสินธุ์,ยางตลาด,องค์การบริหารส่วนตำบล,หนองอิเฒ่า
312,กาฬสินธุ์,ยางตลาด,องค์การบริหารส่วนตำบล,หัวงัว
313,กาฬสินธุ์,ร่องคำ,องค์การบริหารส่วนตำบล,สามัคคี
314,กาฬสินธุ์,ร่องคำ,องค์การบริหารส่วนตำบล,เหล่าอ้อย
315,กาฬสินธุ์,สมเด็จ,องค์การบริหารส่วนตำบล,ศรีสมเด็จ
316,กาฬสินธุ์,สมเด็จ,องค์การบริหารส่วนตำบล,สมเด็จ
317,กาฬสินธุ์,สมเด็จ,องค์การบริหารส่วนตำบล,หนองแวง
318,กาฬสินธุ์,สมเด็จ,องค์การบริหารส่วนตำบล,หมูม่น
319,กาฬสินธุ์,สหัสขันธ์,องค์การบริหารส่วนตำบล,โนนแหลมทอง
320,กาฬสินธุ์,สหัสขันธ์,องค์การบริหารส่วนตำบล,สหัสขันธ์
321,กาฬสินธุ์,สามชัย,องค์การบริหารส่วนตำบล,คำสร้างเที่ยง
322,กาฬสินธุ์,สามชัย,องค์การบริหารส่วนตำบล,สำราญ
323,กาฬสินธุ์,สามชัย,องค์การบริหารส่วนตำบล,สำราญใต้
324,กาฬสินธุ์,สามชัย,องค์การบริหารส่วนตำบล,หนองช้าง
325,กาฬสินธุ์,หนองกุงศรี,องค์การบริหารส่วนตำบล,โคกเครือ
326,กาฬสินธุ์,หนองกุงศรี,องค์การบริหารส่วนตำบล,เสาเล้า
327,กาฬสินธุ์,หนองกุงศรี,องค์การบริหารส่วนตำบล,หนองหิน
328,กาฬสินธุ์,ห้วยผึ้ง,องค์การบริหารส่วนตำบล,นิคมห้วยผึ้ง
329,กาฬสินธุ์,ห้วยเม็ก,องค์การบริหารส่วนตำบล,กุดโดน
330,กาฬสินธุ์,ห้วยเม็ก,องค์การบริหารส่วนตำบล,คำใหญ่
331,กาฬสินธุ์,ห้วยเม็ก,องค์การบริหารส่วนตำบล,ทรายทอง
332,กาฬสินธุ์,ห้วยเม็ก,องค์การบริหารส่วนตำบล,โนนสะอาด
333,กาฬสินธุ์,ห้วยเม็ก,องค์การบริหารส่วนตำบล,บึงนาเรียง
334,กาฬสินธุ์,ห้วยเม็ก,องค์การบริหารส่วนตำบล,พิมูล
335,กาฬสินธุ์,ห้วยเม็ก,องค์การบริหารส่วนตำบล,หัวหิน
336,กำแพงเพชร,เมืองกำแพงเพชร,องค์การบริหารส่วนจังหวัด,กำแพงเพชร
337,กำแพงเพชร,ขาณุวรลักษบุรี,เทศบาลเมือง,ปางมะค่า
338,กำแพงเพชร,เมืองกำแพงเพชร,เทศบาลเมือง,กำแพงเพชร
339,กำแพงเพชร,เมืองกำแพงเพชร,เทศบาลเมือง,สระแก้ว
340,กำแพงเพชร,เมืองกำแพงเพชร,เทศบาลเมือง,หนองปลิง
341,กำแพงเพชร,ขาณุวรลักษบุรี,เทศบาลตำบล,ขาณุวรลักษบุรี
342,กำแพงเพชร,ขาณุวรลักษบุรี,เทศบาลตำบล,สลกบาตร
343,กำแพงเพชร,คลองขลุง,เทศบาลตำบล,คลองขลุง
344,กำแพงเพชร,คลองขลุง,เทศบาลตำบล,ท่าพุทรา
345,กำแพงเพชร,คลองขลุง,เทศบาลตำบล,ท่ามะเขือ
346,กำแพงเพชร,คลองขลุง,เทศบาลตำบล,วังบัว
347,กำแพงเพชร,คลองขลุง,เทศบาลตำบล,วังยาง
348,กำแพงเพชร,คลองลาน,เทศบาลตำบล,คลองลานพัฒนา
349,กำแพงเพชร,คลองลาน,เทศบาลตำบล,สักงาม
350,กำแพงเพชร,ทรายทองวัฒนา,เทศบาลตำบล,ทุ่งทราย
351,กำแพงเพชร,ไทรงาม,เทศบาลตำบล,ไทรงาม
352,กำแพงเพชร,บึงสามัคคี,เทศบาลตำบล,ระหาน
353,กำแพงเพชร,พรานกระต่าย,เทศบาลตำบล,เขาคีริส
354,กำแพงเพชร,พรานกระต่าย,เทศบาลตำบล,คลองพิไกร
355,กำแพงเพชร,พรานกระต่าย,เทศบาลตำบล,บ้านพราน
356,กำแพงเพชร,พรานกระต่าย,เทศบาลตำบล,พรานกระต่าย
357,กำแพงเพชร,เมืองกำแพงเพชร,เทศบาลตำบล,คลองแม่ลาย
358,กำแพงเพชร,เมืองกำแพงเพชร,เทศบาลตำบล,เทพนคร
359,กำแพงเพชร,เมืองกำแพงเพชร,เทศบาลตำบล,นครชุม
360,กำแพงเพชร,เมืองกำแพงเพชร,เทศบาลตำบล,นิคมทุ่งโพธิ์ทะเล
361,กำแพงเพชร,เมืองกำแพงเพชร,เทศบาลตำบล,ปากดง
362,กำแพงเพชร,ลานกระบือ,เทศบาลตำบล,ช่องลม
363,กำแพงเพชร,ลานกระบือ,เทศบาลตำบล,ประชาสุขสันต์
364,กำแพงเพชร,ลานกระบือ,เทศบาลตำบล,ลานกระบือ
365,กำแพงเพชร,โกสัมพีนคร,องค์การบริหารส่วนตำบล,โกสัมพี
366,กำแพงเพชร,โกสัมพีนคร,องค์การบริหารส่วนตำบล,เพชรชมภู
367,กำแพงเพชร,โกสัมพีนคร,องค์การบริหารส่วนตำบล,ลานดอกไม้ตก
368,กำแพงเพชร,ขาณุวรลักษบุรี,องค์การบริหารส่วนตำบล,เกาะตาล
369,กำแพงเพชร,ขาณุวรลักษบุรี,องค์การบริหารส่วนตำบล,โค้งไผ่
370,กำแพงเพชร,ขาณุวรลักษบุรี,องค์การบริหารส่วนตำบล,ดอนแตง
371,กำแพงเพชร,ขาณุวรลักษบุรี,องค์การบริหารส่วนตำบล,บ่อถ้ำ
372,กำแพงเพชร,ขาณุวรลักษบุรี,องค์การบริหารส่วนตำบล,ป่าพุทรา
373,กำแพงเพชร,ขาณุวรลักษบุรี,องค์การบริหารส่วนตำบล,ยางสูง
374,กำแพงเพชร,ขาณุวรลักษบุรี,องค์การบริหารส่วนตำบล,วังชะพลู
375,กำแพงเพชร,ขาณุวรลักษบุรี,องค์การบริหารส่วนตำบล,วังหามแห
376,กำแพงเพชร,ขาณุวรลักษบุรี,องค์การบริหารส่วนตำบล,สลกบาตร
377,กำแพงเพชร,ขาณุวรลักษบุรี,องค์การบริหารส่วนตำบล,แสนตอ
378,กำแพงเพชร,คลองขลุง,องค์การบริหารส่วนตำบล,คลองขลุง
379,กำแพงเพชร,คลองขลุง,องค์การบริหารส่วนตำบล,คลองสมบูรณ์
380,กำแพงเพชร,คลองขลุง,องค์การบริหารส่วนตำบล,ท่าพุทรา
381,กำแพงเพชร,คลองขลุง,องค์การบริหารส่วนตำบล,ท่ามะเขือ
382,กำแพงเพชร,คลองขลุง,องค์การบริหารส่วนตำบล,แม่ลาด
383,กำแพงเพชร,คลองขลุง,องค์การบริหารส่วนตำบล,วังแขม
384,กำแพงเพชร,คลองขลุง,องค์การบริหารส่วนตำบล,วังไทร
385,กำแพงเพชร,คลองขลุง,องค์การบริหารส่วนตำบล,หัวถนน
386,กำแพงเพชร,คลองลาน,องค์การบริหารส่วนตำบล,คลองน้ำไหล
387,กำแพงเพชร,คลองลาน,องค์การบริหารส่วนตำบล,โป่งน้ำร้อน
388,กำแพงเพชร,ทรายทองวัฒนา,องค์การบริหารส่วนตำบล,ถาวรวัฒนา
389,กำแพงเพชร,ทรายทองวัฒนา,องค์การบริหารส่วนตำบล,ทุ่งทอง
390,กำแพงเพชร,ไทรงาม,องค์การบริหารส่วนตำบล,ไทรงาม
391,กำแพงเพชร,ไทรงาม,องค์การบริหารส่วนตำบล,พานทอง
392,กำแพงเพชร,ไทรงาม,องค์การบริหารส่วนตำบล,มหาชัย
393,กำแพงเพชร,ไทรงาม,องค์การบริหารส่วนตำบล,หนองคล้า
394,กำแพงเพชร,ไทรงาม,องค์การบริหารส่วนตำบล,หนองทอง
395,กำแพงเพชร,ไทรงาม,องค์การบริหารส่วนตำบล,หนองแม่แตง
396,กำแพงเพชร,ไทรงาม,องค์การบริหารส่วนตำบล,หนองไม้กอง
397,กำแพงเพชร,บึงสามัคคี,องค์การบริหารส่วนตำบล,เทพนิมิต
398,กำแพงเพชร,บึงสามัคคี,องค์การบริหารส่วนตำบล,บึงสามัคคี
399,กำแพงเพชร,บึงสามัคคี,องค์การบริหารส่วนตำบล,วังชะโอน
400,กำแพงเพชร,ปางศิลาทอง,องค์การบริหารส่วนตำบล,ปางตาไว
401,กำแพงเพชร,ปางศิลาทอง,องค์การบริหารส่วนตำบล,โพธิ์ทอง
402,กำแพงเพชร,ปางศิลาทอง,องค์การบริหารส่วนตำบล,หินดาต
403,กำแพงเพชร,พรานกระต่าย,องค์การบริหารส่วนตำบล,คุยบ้านโอง
404,กำแพงเพชร,พรานกระต่าย,องค์การบริหารส่วนตำบล,ถ้ำกระต่ายทอง
405,กำแพงเพชร,พรานกระต่าย,องค์การบริหารส่วนตำบล,ท่าไม้
406,กำแพงเพชร,พรานกระต่าย,องค์การบริหารส่วนตำบล,วังควง
407,กำแพงเพชร,พรานกระต่าย,องค์การบริหารส่วนตำบล,วังตะแบก
408,กำแพงเพชร,พรานกระต่าย,องค์การบริหารส่วนตำบล,หนองหัววัว
409,กำแพงเพชร,พรานกระต่าย,องค์การบริหารส่วนตำบล,ห้วยยั้ง
410,กำแพงเพชร,เมืองกำแพงเพชร,องค์การบริหารส่วนตำบล,คณฑี
411,กำแพงเพชร,เมืองกำแพงเพชร,องค์การบริหารส่วนตำบล,คลองแม่ลาย
412,กำแพงเพชร,เมืองกำแพงเพชร,องค์การบริหารส่วนตำบล,ไตรตรึงษ์
413,กำแพงเพชร,เมืองกำแพงเพชร,องค์การบริหารส่วนตำบล,ทรงธรรม
414,กำแพงเพชร,เมืองกำแพงเพชร,องค์การบริหารส่วนตำบล,ท่าขุนราม
415,กำแพงเพชร,เมืองกำแพงเพชร,องค์การบริหารส่วนตำบล,ธำมรงค์
416,กำแพงเพชร,เมืองกำแพงเพชร,องค์การบริหารส่วนตำบล,นครชุม
417,กำแพงเพชร,เมืองกำแพงเพชร,องค์การบริหารส่วนตำบล,นาบ่อคำ
418,กำแพงเพชร,เมืองกำแพงเพชร,องค์การบริหารส่วนตำบล,ลานดอกไม้
419,กำแพงเพชร,เมืองกำแพงเพชร,องค์การบริหารส่วนตำบล,วังทอง
420,กำแพงเพชร,เมืองกำแพงเพชร,องค์การบริหารส่วนตำบล,อ่างทอง
421,กำแพงเพชร,ลานกระบือ,องค์การบริหารส่วนตำบล,จันทิมา
422,กำแพงเพชร,ลานกระบือ,องค์การบริหารส่วนตำบล,โนนพลวง
423,กำแพงเพชร,ลานกระบือ,องค์การบริหารส่วนตำบล,บึงทับแรต
424,กำแพงเพชร,ลานกระบือ,องค์การบริหารส่วนตำบล,ลานกระบือ
425,กำแพงเพชร,ลานกระบือ,องค์การบริหารส่วนตำบล,หนองหลวง
426,ขอนแก่น,เมืองขอนแก่น,องค์การบริหารส่วนจังหวัด,ขอนแก่น
427,ขอนแก่น,เมืองขอนแก่น,เทศบาลนคร,ขอนแก่น
428,ขอนแก่น,กระนวน,เทศบาลเมือง,กระนวน
429,ขอนแก่น,ชุมแพ,เทศบาลเมือง,ชุมแพ
430,ขอนแก่น,น้ำพอง,เทศบาลเมือง,บัวเงิน
431,ขอนแก่น,บ้านไผ่,เทศบาลเมือง,บ้านไผ่
432,ขอนแก่น,พล,เทศบาลเมือง,เมืองพล
433,ขอนแก่น,เมืองขอนแก่น,เทศบาลเมือง,บ้านทุ่ม
434,ขอนแก่น,เมืองขอนแก่น,เทศบาลเมือง,บ้านเป็ด
435,ขอนแก่น,เมืองขอนแก่น,เทศบาลเมือง,ศิลา
436,ขอนแก่น,กระนวน,เทศบาลตำบล,น้ำอ้อม
437,ขอนแก่น,กระนวน,เทศบาลตำบล,หนองโน
438,ขอนแก่น,กระนวน,เทศบาลตำบล,ห้วยยาง
439,ขอนแก่น,เขาสวนกวาง,เทศบาลตำบล,เขาสวนกวาง
440,ขอนแก่น,เขาสวนกวาง,เทศบาลตำบล,โนนสมบูรณ์
441,ขอนแก่น,โคกโพธิ์ไชย,เทศบาลตำบล,นาแพง
442,ขอนแก่น,โคกโพธิ์ไชย,เทศบาลตำบล,บ้านโคก
443,ขอนแก่น,โคกโพธิ์ไชย,เทศบาลตำบล,โพธิ์ไชย
444,ขอนแก่น,โคกโพธิ์ไชย,เทศบาลตำบล,ภูผาแดง
445,ขอนแก่น,ชนบท,เทศบาลตำบล,ชนบท
446,ขอนแก่น,ชนบท,เทศบาลตำบล,ชลบถวิบูลย์
447,ขอนแก่น,ชุมแพ,เทศบาลตำบล,โคกสูงสัมพันธ์
448,ขอนแก่น,ชุมแพ,เทศบาลตำบล,นาเพียง
449,ขอนแก่น,ชุมแพ,เทศบาลตำบล,โนนสะอาด
450,ขอนแก่น,ชุมแพ,เทศบาลตำบล,โนนหัน
451,ขอนแก่น,ชุมแพ,เทศบาลตำบล,หนองไผ่
452,ขอนแก่น,ชุมแพ,เทศบาลตำบล,หนองเสาเล้า
453,ขอนแก่น,ซำสูง,เทศบาลตำบล,ซำสูง
454,ขอนแก่น,น้ำพอง,เทศบาลตำบล,กุดน้ำใส
455,ขอนแก่น,น้ำพอง,เทศบาลตำบล,น้ำพอง
456,ขอนแก่น,น้ำพอง,เทศบาลตำบล,ม่วงหวาน
457,ขอนแก่น,น้ำพอง,เทศบาลตำบล,ลำน้ำพอง
458,ขอนแก่น,น้ำพอง,เทศบาลตำบล,วังชัย
459,ขอนแก่น,น้ำพอง,เทศบาลตำบล,สะอาด
460,ขอนแก่น,โนนศิลา,เทศบาลตำบล,โนนศิลา
461,ขอนแก่น,บ้านไผ่,เทศบาลตำบล,แคนเหนือ
462,ขอนแก่น,บ้านไผ่,เทศบาลตำบล,ในเมือง
463,ขอนแก่น,บ้านไผ่,เทศบาลตำบล,บ้านลาน
464,ขอนแก่น,บ้านฝาง,เทศบาลตำบล,แก่นฝาง
465,ขอนแก่น,บ้านฝาง,เทศบาลตำบล,โคกงาม
466,ขอนแก่น,บ้านฝาง,เทศบาลตำบล,โนนฆ้อง
467,ขอนแก่น,บ้านฝาง,เทศบาลตำบล,บ้านฝาง
468,ขอนแก่น,บ้านฝาง,เทศบาลตำบล,ป่ามะนาว
469,ขอนแก่น,บ้านฝาง,เทศบาลตำบล,ป่าหวายนั่ง
470,ขอนแก่น,บ้านฝาง,เทศบาลตำบล,หนองบัว
471,ขอนแก่น,บ้านแฮด,เทศบาลตำบล,โคกสำราญ
472,ขอนแก่น,บ้านแฮด,เทศบาลตำบล,โนนสมบูรณ์
473,ขอนแก่น,บ้านแฮด,เทศบาลตำบล,บ้านแฮด
474,ขอนแก่น,บ้านแฮด,เทศบาลตำบล,วังสวรรค์
475,ขอนแก่น,เปือยน้อย,เทศบาลตำบล,เปือยน้อย
476,ขอนแก่น,เปือยน้อย,เทศบาลตำบล,สระแก้ว
477,ขอนแก่น,พระยืน,เทศบาลตำบล,บ้านโต้น
478,ขอนแก่น,พระยืน,เทศบาลตำบล,พระบุ
479,ขอนแก่น,พระยืน,เทศบาลตำบล,พระยืน
480,ขอนแก่น,พระยืน,เทศบาลตำบล,พระยืนมิ่งมงคล
481,ขอนแก่น,พล,เทศบาลตำบล,เมืองพล
482,ขอนแก่น,พล,เทศบาลตำบล,หนองมะเขือ
483,ขอนแก่น,ภูผาม่าน,เทศบาลตำบล,โนนคอม
484,ขอนแก่น,ภูผาม่าน,เทศบาลตำบล,ภูผาม่าน
485,ขอนแก่น,ภูเวียง,เทศบาลตำบล,ภูเวียง
486,ขอนแก่น,ภูเวียง,เทศบาลตำบล,หนองกุงเซิน
487,ขอนแก่น,ภูเวียง,เทศบาลตำบล,หนองกุงธนสาร
488,ขอนแก่น,มัญจาคีรี,เทศบาลตำบล,นาข่า
489,ขอนแก่น,มัญจาคีรี,เทศบาลตำบล,มัญจาคีรี
490,ขอนแก่น,เมืองขอนแก่น,เทศบาลตำบล,ท่าพระ
491,ขอนแก่น,เมืองขอนแก่น,เทศบาลตำบล,โนนท่อน
492,ขอนแก่น,เมืองขอนแก่น,เทศบาลตำบล,บ้านค้อ
493,ขอนแก่น,เมืองขอนแก่น,เทศบาลตำบล,บ้านหว้า
494,ขอนแก่น,เมืองขอนแก่น,เทศบาลตำบล,บึงเนียม
495,ขอนแก่น,เมืองขอนแก่น,เทศบาลตำบล,พระลับ
496,ขอนแก่น,เมืองขอนแก่น,เทศบาลตำบล,เมืองเก่า
497,ขอนแก่น,เมืองขอนแก่น,เทศบาลตำบล,สาวะถี
498,ขอนแก่น,เมืองขอนแก่น,เทศบาลตำบล,สำราญ
499,ขอนแก่น,เมืองขอนแก่น,เทศบาลตำบล,หนองตูม
500,ขอนแก่น,เวียงเก่า,เทศบาลตำบล,ในเมือง
501,ขอนแก่น,แวงน้อย,เทศบาลตำบล,ก้านเหลือง
502,ขอนแก่น,แวงน้อย,เทศบาลตำบล,แวงน้อย
503,ขอนแก่น,แวงใหญ่,เทศบาลตำบล,แวงใหญ่
504,ขอนแก่น,สีชมพู,เทศบาลตำบล,นาจาน
505,ขอนแก่น,สีชมพู,เทศบาลตำบล,วังเพิ่ม
506,ขอนแก่น,สีชมพู,เทศบาลตำบล,สีชมพู
507,ขอนแก่น,หนองนาคำ,เทศบาลตำบล,ขนวน
508,ขอนแก่น,หนองนาคำ,เทศบาลตำบล,หนองนาคำ
509,ขอนแก่น,หนองเรือ,เทศบาลตำบล,กุดกว้าง
510,ขอนแก่น,หนองเรือ,เทศบาลตำบล,ดอนโมง
511,ขอนแก่น,หนองเรือ,เทศบาลตำบล,โนนทอง
512,ขอนแก่น,หนองเรือ,เทศบาลตำบล,โนนทัน
513,ขอนแก่น,หนองเรือ,เทศบาลตำบล,โนนสะอาด
514,ขอนแก่น,หนองเรือ,เทศบาลตำบล,บ้านผือ
515,ขอนแก่น,หนองเรือ,เทศบาลตำบล,บ้านเม็ง
516,ขอนแก่น,หนองเรือ,เทศบาลตำบล,ยางคำ
517,ขอนแก่น,หนองเรือ,เทศบาลตำบล,เรือหงส์
518,ขอนแก่น,หนองเรือ,เทศบาลตำบล,หนองแก
519,ขอนแก่น,หนองเรือ,เทศบาลตำบล,หนองเรือ
520,ขอนแก่น,หนองสองห้อง,เทศบาลตำบล,วังหิน
521,ขอนแก่น,หนองสองห้อง,เทศบาลตำบล,หนองสองห้อง
522,ขอนแก่น,อุบลรัตน์,เทศบาลตำบล,เขื่อนอุบลรัตน์
523,ขอนแก่น,อุบลรัตน์,เทศบาลตำบล,โคกสูง
524,ขอนแก่น,อุบลรัตน์,เทศบาลตำบล,นาคำ
525,ขอนแก่น,กระนวน,องค์การบริหารส่วนตำบล,ดูนสาด
526,ขอนแก่น,กระนวน,องค์การบริหารส่วนตำบล,บ้านฝาง
527,ขอนแก่น,กระนวน,องค์การบริหารส่วนตำบล,หนองกุงใหญ่
528,ขอนแก่น,กระนวน,องค์การบริหารส่วนตำบล,หนองโก
529,ขอนแก่น,กระนวน,องค์การบริหารส่วนตำบล,ห้วยโจด
530,ขอนแก่น,กระนวน,องค์การบริหารส่วนตำบล,หัวนาคำ
531,ขอนแก่น,เขาสวนกวาง,องค์การบริหารส่วนตำบล,เขาสวนกวาง
532,ขอนแก่น,เขาสวนกวาง,องค์การบริหารส่วนตำบล,คำม่วง
533,ขอนแก่น,เขาสวนกวาง,องค์การบริหารส่วนตำบล,ดงเมืองแอม
534,ขอนแก่น,เขาสวนกวาง,องค์การบริหารส่วนตำบล,นางิ้ว
535,ขอนแก่น,โคกโพธิ์ไชย,องค์การบริหารส่วนตำบล,ซับสมบูรณ์
536,ขอนแก่น,ชนบท,องค์การบริหารส่วนตำบล,กุดเพียขอม
537,ขอนแก่น,ชนบท,องค์การบริหารส่วนตำบล,โนนพะยอม
538,ขอนแก่น,ชนบท,องค์การบริหารส่วนตำบล,บ้านแท่น
539,ขอนแก่น,ชนบท,องค์การบริหารส่วนตำบล,ปอแดง
540,ขอนแก่น,ชนบท,องค์การบริหารส่วนตำบล,วังแสง
541,ขอนแก่น,ชนบท,องค์การบริหารส่วนตำบล,ศรีบุญเรือง
542,ขอนแก่น,ชนบท,องค์การบริหารส่วนตำบล,ห้วยแก
543,ขอนแก่น,ชุมแพ,องค์การบริหารส่วนตำบล,ขัวเรียง
544,ขอนแก่น,ชุมแพ,องค์การบริหารส่วนตำบล,ชุมแพ
545,ขอนแก่น,ชุมแพ,องค์การบริหารส่วนตำบล,ไชยสอ
546,ขอนแก่น,ชุมแพ,องค์การบริหารส่วนตำบล,นาหนองทุ่ม
547,ขอนแก่น,ชุมแพ,องค์การบริหารส่วนตำบล,โนนหัน
548,ขอนแก่น,ชุมแพ,องค์การบริหารส่วนตำบล,โนนอุดม
549,ขอนแก่น,ชุมแพ,องค์การบริหารส่วนตำบล,วังหินลาด
550,ขอนแก่น,ชุมแพ,องค์การบริหารส่วนตำบล,หนองเขียด
551,ขอนแก่น,ซำสูง,องค์การบริหารส่วนตำบล,คำแมด
552,ขอนแก่น,ซำสูง,องค์การบริหารส่วนตำบล,คูคำ
553,ขอนแก่น,ซำสูง,องค์การบริหารส่วนตำบล,บ้านโนน
554,ขอนแก่น,ซำสูง,องค์การบริหารส่วนตำบล,ห้วยเตย
555,ขอนแก่น,น้ำพอง,องค์การบริหารส่วนตำบล,ทรายมูล
556,ขอนแก่น,น้ำพอง,องค์การบริหารส่วนตำบล,ท่ากระเสริม
557,ขอนแก่น,น้ำพอง,องค์การบริหารส่วนตำบล,บัวใหญ่
558,ขอนแก่น,น้ำพอง,องค์การบริหารส่วนตำบล,บ้านขาม
559,ขอนแก่น,น้ำพอง,องค์การบริหารส่วนตำบล,พังทุย
560,ขอนแก่น,น้ำพอง,องค์การบริหารส่วนตำบล,วังชัย
561,ขอนแก่น,น้ำพอง,องค์การบริหารส่วนตำบล,หนองกุง
562,ขอนแก่น,โนนศิลา,องค์การบริหารส่วนตำบล,โนนแดง
563,ขอนแก่น,โนนศิลา,องค์การบริหารส่วนตำบล,บ้านหัน
564,ขอนแก่น,โนนศิลา,องค์การบริหารส่วนตำบล,เปือยใหญ่
565,ขอนแก่น,โนนศิลา,องค์การบริหารส่วนตำบล,หนองปลาหมอ
566,ขอนแก่น,บ้านไผ่,องค์การบริหารส่วนตำบล,บ้านไผ่
567,ขอนแก่น,บ้านไผ่,องค์การบริหารส่วนตำบล,ป่าปอ
568,ขอนแก่น,บ้านไผ่,องค์การบริหารส่วนตำบล,ภูเหล็ก
569,ขอนแก่น,บ้านไผ่,องค์การบริหารส่วนตำบล,เมืองเพีย
570,ขอนแก่น,บ้านไผ่,องค์การบริหารส่วนตำบล,หนองน้ำใส
571,ขอนแก่น,บ้านไผ่,องค์การบริหารส่วนตำบล,หัวหนอง
572,ขอนแก่น,บ้านไผ่,องค์การบริหารส่วนตำบล,หินตั้ง
573,ขอนแก่น,บ้านฝาง,องค์การบริหารส่วนตำบล,บ้านเหล่า
574,ขอนแก่น,บ้านแฮด,องค์การบริหารส่วนตำบล,หนองแซง
575,ขอนแก่น,เปือยน้อย,องค์การบริหารส่วนตำบล,ขามป้อม
576,ขอนแก่น,เปือยน้อย,องค์การบริหารส่วนตำบล,วังม่วง
577,ขอนแก่น,พระยืน,องค์การบริหารส่วนตำบล,ขามป้อม
578,ขอนแก่น,พระยืน,องค์การบริหารส่วนตำบล,หนองแวง
579,ขอนแก่น,พล,องค์การบริหารส่วนตำบล,เก่างิ้ว
580,ขอนแก่น,พล,องค์การบริหารส่วนตำบล,โคกสง่า
581,ขอนแก่น,พล,องค์การบริหารส่วนตำบล,โจดหนองแก
582,ขอนแก่น,พล,องค์การบริหารส่วนตำบล,โนนข่า
583,ขอนแก่น,พล,องค์การบริหารส่วนตำบล,เพ็กใหญ่
584,ขอนแก่น,พล,องค์การบริหารส่วนตำบล,ลอมคอม
585,ขอนแก่น,พล,องค์การบริหารส่วนตำบล,โสกนกเต็น
586,ขอนแก่น,พล,องค์การบริหารส่วนตำบล,หนองแวงนางเบ้า
587,ขอนแก่น,พล,องค์การบริหารส่วนตำบล,หนองแวงโสกพระ
588,ขอนแก่น,พล,องค์การบริหารส่วนตำบล,หัวทุ่ง
589,ขอนแก่น,ภูผาม่าน,องค์การบริหารส่วนตำบล,นาฝาย
590,ขอนแก่น,ภูผาม่าน,องค์การบริหารส่วนตำบล,ภูผาม่าน
591,ขอนแก่น,ภูผาม่าน,องค์การบริหารส่วนตำบล,วังสวาบ
592,ขอนแก่น,ภูผาม่าน,องค์การบริหารส่วนตำบล,ห้วยม่วง
593,ขอนแก่น,ภูเวียง,องค์การบริหารส่วนตำบล,กุดขอนแก่น
594,ขอนแก่น,ภูเวียง,องค์การบริหารส่วนตำบล,ดินดำ
595,ขอนแก่น,ภูเวียง,องค์การบริหารส่วนตำบล,ทุ่งชมพู
596,ขอนแก่น,ภูเวียง,องค์การบริหารส่วนตำบล,นาชุมแสง
597,ขอนแก่น,ภูเวียง,องค์การบริหารส่วนตำบล,นาหว้า
598,ขอนแก่น,ภูเวียง,องค์การบริหารส่วนตำบล,บ้านเรือ
599,ขอนแก่น,ภูเวียง,องค์การบริหารส่วนตำบล,ภูเวียง
600,ขอนแก่น,ภูเวียง,องค์การบริหารส่วนตำบล,สงเปือย
601,ขอนแก่น,ภูเวียง,องค์การบริหารส่วนตำบล,หว้าทอง
602,ขอนแก่น,มัญจาคีรี,องค์การบริหารส่วนตำบล,กุดเค้า
603,ขอนแก่น,มัญจาคีรี,องค์การบริหารส่วนตำบล,คำแคน
604,ขอนแก่น,มัญจาคีรี,องค์การบริหารส่วนตำบล,ท่าศาลา
605,ขอนแก่น,มัญจาคีรี,องค์การบริหารส่วนตำบล,นางาม
606,ขอนแก่น,มัญจาคีรี,องค์การบริหารส่วนตำบล,โพนเพ็ก
607,ขอนแก่น,มัญจาคีรี,องค์การบริหารส่วนตำบล,สวนหม่อน
608,ขอนแก่น,มัญจาคีรี,องค์การบริหารส่วนตำบล,หนองแปน
609,ขอนแก่น,เมืองขอนแก่น,องค์การบริหารส่วนตำบล,โคกสี
610,ขอนแก่น,เมืองขอนแก่น,องค์การบริหารส่วนตำบล,ดอนช้าง
611,ขอนแก่น,เมืองขอนแก่น,องค์การบริหารส่วนตำบล,ดอนหัน
612,ขอนแก่น,เมืองขอนแก่น,องค์การบริหารส่วนตำบล,แดงใหญ่
613,ขอนแก่น,เมืองขอนแก่น,องค์การบริหารส่วนตำบล,ท่าพระ
614,ขอนแก่น,เวียงเก่า,องค์การบริหารส่วนตำบล,เขาน้อย
615,ขอนแก่น,เวียงเก่า,องค์การบริหารส่วนตำบล,เมืองเก่าพัฒนา
616,ขอนแก่น,แวงน้อย,องค์การบริหารส่วนตำบล,ทางขวาง
617,ขอนแก่น,แวงน้อย,องค์การบริหารส่วนตำบล,ท่านางแนว
618,ขอนแก่น,แวงน้อย,องค์การบริหารส่วนตำบล,ท่าวัด
619,ขอนแก่น,แวงน้อย,องค์การบริหารส่วนตำบล,ละหานนา
620,ขอนแก่น,แวงน้อย,องค์การบริหารส่วนตำบล,แวงน้อย
621,ขอนแก่น,แวงใหญ่,องค์การบริหารส่วนตำบล,คอนฉิม
622,ขอนแก่น,แวงใหญ่,องค์การบริหารส่วนตำบล,โนนทอง
623,ขอนแก่น,แวงใหญ่,องค์การบริหารส่วนตำบล,โนนสะอาด
624,ขอนแก่น,แวงใหญ่,องค์การบริหารส่วนตำบล,ใหม่นาเพียง
625,ขอนแก่น,สีชมพู,องค์การบริหารส่วนตำบล,ซำยาง
626,ขอนแก่น,สีชมพู,องค์การบริหารส่วนตำบล,ดงลาน
627,ขอนแก่น,สีชมพู,องค์การบริหารส่วนตำบล,บริบูรณ์
628,ขอนแก่น,สีชมพู,องค์การบริหารส่วนตำบล,บ้านใหม่
629,ขอนแก่น,สีชมพู,องค์การบริหารส่วนตำบล,ภูห่าน
630,ขอนแก่น,สีชมพู,องค์การบริหารส่วนตำบล,ศรีสุข
631,ขอนแก่น,สีชมพู,องค์การบริหารส่วนตำบล,สีชมพู
632,ขอนแก่น,สีชมพู,องค์การบริหารส่วนตำบล,หนองแดง
633,ขอนแก่น,หนองนาคำ,องค์การบริหารส่วนตำบล,กุดธาตุ
634,ขอนแก่น,หนองเรือ,องค์การบริหารส่วนตำบล,จระเข้
635,ขอนแก่น,หนองเรือ,องค์การบริหารส่วนตำบล,บ้านกง
636,ขอนแก่น,หนองสองห้อง,องค์การบริหารส่วนตำบล,คึมชาด
637,ขอนแก่น,หนองสองห้อง,องค์การบริหารส่วนตำบล,ดงเค็ง
638,ขอนแก่น,หนองสองห้อง,องค์การบริหารส่วนตำบล,ดอนดั่ง
639,ขอนแก่น,หนองสองห้อง,องค์การบริหารส่วนตำบล,ดอนดู่
640,ขอนแก่น,หนองสองห้อง,องค์การบริหารส่วนตำบล,ตะกั่วป่า
641,ขอนแก่น,หนองสองห้อง,องค์การบริหารส่วนตำบล,โนนธาตุ
642,ขอนแก่น,หนองสองห้อง,องค์การบริหารส่วนตำบล,สำโรง
643,ขอนแก่น,หนองสองห้อง,องค์การบริหารส่วนตำบล,หนองไผ่ล้อม
644,ขอนแก่น,หนองสองห้อง,องค์การบริหารส่วนตำบล,หนองเม็ก
645,ขอนแก่น,หนองสองห้อง,องค์การบริหารส่วนตำบล,หนองสองห้อง
646,ขอนแก่น,หนองสองห้อง,องค์การบริหารส่วนตำบล,หันโจด
647,ขอนแก่น,อุบลรัตน์,องค์การบริหารส่วนตำบล,เขื่อนอุบลรัตน์
648,ขอนแก่น,อุบลรัตน์,องค์การบริหารส่วนตำบล,ทุ่งโป่ง
649,ขอนแก่น,อุบลรัตน์,องค์การบริหารส่วนตำบล,บ้านดง
650,ขอนแก่น,อุบลรัตน์,องค์การบริหารส่วนตำบล,ศรีสุขสำราญ
651,จันทบุรี,เมืองจันทบุรี,องค์การบริหารส่วนจังหวัด,จันทบุรี
652,จันทบุรี,ขลุง,เทศบาลเมือง,ขลุง
653,จันทบุรี,ท่าใหม่,เทศบาลเมือง,ท่าใหม่
654,จันทบุรี,เมืองจันทบุรี,เทศบาลเมือง,เกาะขวาง
655,จันทบุรี,เมืองจันทบุรี,เทศบาลเมือง,จันทนิมิต
656,จันทบุรี,เมืองจันทบุรี,เทศบาลเมือง,จันทบุรี
657,จันทบุรี,เมืองจันทบุรี,เทศบาลเมือง,ท่าช้าง
658,จันทบุรี,เมืองจันทบุรี,เทศบาลเมือง,ท่าช้างจันทบูร
659,จันทบุรี,แก่งหางแมว,เทศบาลตำบล,พวา
660,จันทบุรี,ขลุง,เทศบาลตำบล,เกวียนหัก
661,จันทบุรี,ขลุง,เทศบาลตำบล,ซึ้ง
662,จันทบุรี,ขลุง,เทศบาลตำบล,ตกพรม
663,จันทบุรี,ขลุง,เทศบาลตำบล,บ่อ
664,จันทบุรี,ขลุง,เทศบาลตำบล,บ่อเวฬุ
665,จันทบุรี,ขลุง,เทศบาลตำบล,วันยาว
666,จันทบุรี,เขาคิชฌกูฏ,เทศบาลตำบล,คลองพลู
667,จันทบุรี,เขาคิชฌกูฏ,เทศบาลตำบล,จันทเขลม
668,จันทบุรี,เขาคิชฌกูฏ,เทศบาลตำบล,ชากไทย
669,จันทบุรี,เขาคิชฌกูฏ,เทศบาลตำบล,ตะเคียนทอง
670,จันทบุรี,เขาคิชฌกูฏ,เทศบาลตำบล,พลวง
671,จันทบุรี,ท่าใหม่,เทศบาลตำบล,เขาบายศรี
672,จันทบุรี,ท่าใหม่,เทศบาลตำบล,เขาวัว-พลอยแหวน
673,จันทบุรี,ท่าใหม่,เทศบาลตำบล,คลองขุด
674,จันทบุรี,ท่าใหม่,เทศบาลตำบล,ตะกาดเง้า
675,จันทบุรี,ท่าใหม่,เทศบาลตำบล,เนินสูง
676,จันทบุรี,ท่าใหม่,เทศบาลตำบล,สองพี่น้อง
677,จันทบุรี,ท่าใหม่,เทศบาลตำบล,หนองคล้า
678,จันทบุรี,นายายอาม,เทศบาลตำบล,ช้างข้าม
679,จันทบุรี,นายายอาม,เทศบาลตำบล,นายายอาม
680,จันทบุรี,นายายอาม,เทศบาลตำบล,สนามไชย
681,จันทบุรี,โป่งน้ำร้อน,เทศบาลตำบล,คลองใหญ่
682,จันทบุรี,โป่งน้ำร้อน,เทศบาลตำบล,ทับไทร
683,จันทบุรี,โป่งน้ำร้อน,เทศบาลตำบล,เทพนิมิต
684,จันทบุรี,โป่งน้ำร้อน,เทศบาลตำบล,โป่งน้ำร้อน
685,จันทบุรี,โป่งน้ำร้อน,เทศบาลตำบล,หนองตาคง
686,จันทบุรี,มะขาม,เทศบาลตำบล,ฉมัน
687,จันทบุรี,มะขาม,เทศบาลตำบล,ท่าหลวง
688,จันทบุรี,มะขาม,เทศบาลตำบล,ปัถวี
689,จันทบุรี,มะขาม,เทศบาลตำบล,มะขาม
690,จันทบุรี,มะขาม,เทศบาลตำบล,มะขามเมืองใหม่
691,จันทบุรี,มะขาม,เทศบาลตำบล,วังแซ้ม
692,จันทบุรี,มะขาม,เทศบาลตำบล,อ่างคีรี
693,จันทบุรี,เมืองจันทบุรี,เทศบาลตำบล,ค่ายเนินวง
694,จันทบุรี,เมืองจันทบุรี,เทศบาลตำบล,บางกะจะ
695,จันทบุรี,เมืองจันทบุรี,เทศบาลตำบล,พลับพลา
696,จันทบุรี,เมืองจันทบุรี,เทศบาลตำบล,พลับพลานารายณ์
697,จันทบุรี,เมืองจันทบุรี,เทศบาลตำบล,แสลง
698,จันทบุรี,เมืองจันทบุรี,เทศบาลตำบล,หนองบัว
699,จันทบุรี,สอยดาว,เทศบาลตำบล,ทับช้าง
700,จันทบุรี,สอยดาว,เทศบาลตำบล,ปะตง
701,จันทบุรี,สอยดาว,เทศบาลตำบล,สอยดาว
702,จันทบุรี,แหลมสิงห์,เทศบาลตำบล,บางสระเก้า
703,จันทบุรี,แหลมสิงห์,เทศบาลตำบล,ปากน้ำแหลมสิงห์
704,จันทบุรี,แหลมสิงห์,เทศบาลตำบล,พลิ้ว
705,จันทบุรี,แก่งหางแมว,องค์การบริหารส่วนตำบล,แก่งหางแมว
706,จันทบุรี,แก่งหางแมว,องค์การบริหารส่วนตำบล,ขุนซ่อง
707,จันทบุรี,แก่งหางแมว,องค์การบริหารส่วนตำบล,เขาวงกต
708,จันทบุรี,แก่งหางแมว,องค์การบริหารส่วนตำบล,สามพี่น้อง
709,จันทบุรี,ขลุง,องค์การบริหารส่วนตำบล,ตรอกนอง
710,จันทบุรี,ขลุง,องค์การบริหารส่วนตำบล,ตะปอน
711,จันทบุรี,ขลุง,องค์การบริหารส่วนตำบล,บางชัน
712,จันทบุรี,ขลุง,องค์การบริหารส่วนตำบล,มาบไพ
713,จันทบุรี,ขลุง,องค์การบริหารส่วนตำบล,วังสรรพรส
714,จันทบุรี,ท่าใหม่,องค์การบริหารส่วนตำบล,เขาแก้ว
715,จันทบุรี,ท่าใหม่,องค์การบริหารส่วนตำบล,โขมง
716,จันทบุรี,ท่าใหม่,องค์การบริหารส่วนตำบล,ทุ่งเบญจา
717,จันทบุรี,ท่าใหม่,องค์การบริหารส่วนตำบล,รำพัน
718,จันทบุรี,ท่าใหม่,องค์การบริหารส่วนตำบล,สีพยา-บ่อพุ
719,จันทบุรี,นายายอาม,องค์การบริหารส่วนตำบล,กระแจะ
720,จันทบุรี,นายายอาม,องค์การบริหารส่วนตำบล,นายายอาม
721,จันทบุรี,นายายอาม,องค์การบริหารส่วนตำบล,วังโตนด
722,จันทบุรี,นายายอาม,องค์การบริหารส่วนตำบล,วังใหม่
723,จันทบุรี,โป่งน้ำร้อน,องค์การบริหารส่วนตำบล,โป่งน้ำร้อน
724,จันทบุรี,เมืองจันทบุรี,องค์การบริหารส่วนตำบล,คมบาง
725,จันทบุรี,เมืองจันทบุรี,องค์การบริหารส่วนตำบล,คลองนารายณ์
726,จันทบุรี,เมืองจันทบุรี,องค์การบริหารส่วนตำบล,หนองบัว
727,จันทบุรี,สอยดาว,องค์การบริหารส่วนตำบล,ทรายขาว
728,จันทบุรี,สอยดาว,องค์การบริหารส่วนตำบล,ทุ่งขนาน
729,จันทบุรี,สอยดาว,องค์การบริหารส่วนตำบล,สะตอน
730,จันทบุรี,แหลมสิงห์,องค์การบริหารส่วนตำบล,เกาะเปริด
731,จันทบุรี,แหลมสิงห์,องค์การบริหารส่วนตำบล,บางกะไชย
732,จันทบุรี,แหลมสิงห์,องค์การบริหารส่วนตำบล,หนองชิ่ม
733,ฉะเชิงเทรา,เมืองฉะเชิงเทรา,องค์การบริหารส่วนจังหวัด,ฉะเชิงเทรา
734,ฉะเชิงเทรา,เมืองฉะเชิงเทรา,เทศบาลเมือง,ฉะเชิงเทรา
735,ฉะเชิงเทรา,บางคล้า,เทศบาลตำบล,บางคล้า
736,ฉะเชิงเทรา,บางคล้า,เทศบาลตำบล,ปากน้ำ
737,ฉะเชิงเทรา,บางน้ำเปรี้ยว,เทศบาลตำบล,คลองแสนแสบ
738,ฉะเชิงเทรา,บางน้ำเปรี้ยว,เทศบาลตำบล,ดอนเกาะกา
739,ฉะเชิงเทรา,บางน้ำเปรี้ยว,เทศบาลตำบล,ดอนฉิมพลี
740,ฉะเชิงเทรา,บางน้ำเปรี้ยว,เทศบาลตำบล,บางขนาก
741,ฉะเชิงเทรา,บางน้ำเปรี้ยว,เทศบาลตำบล,บางน้ำเปรี้ยว
742,ฉะเชิงเทรา,บางน้ำเปรี้ยว,เทศบาลตำบล,ศาลาแดง
743,ฉะเชิงเทรา,บางน้ำเปรี้ยว,เทศบาลตำบล,สิงโตทอง
744,ฉะเชิงเทรา,บางน้ำเปรี้ยว,เทศบาลตำบล,หมอนทอง
745,ฉะเชิงเทรา,บางปะกง,เทศบาลตำบล,ท่าข้าม
746,ฉะเชิงเทรา,บางปะกง,เทศบาลตำบล,ท่าสะอ้าน
747,ฉะเชิงเทรา,บางปะกง,เทศบาลตำบล,บางปะกง
748,ฉะเชิงเทรา,บางปะกง,เทศบาลตำบล,บางปะกงพรหมเทพรังสรรค์
749,ฉะเชิงเทรา,บางปะกง,เทศบาลตำบล,บางผึ้ง
750,ฉะเชิงเทรา,บางปะกง,เทศบาลตำบล,บางวัว
751,ฉะเชิงเทรา,บางปะกง,เทศบาลตำบล,บางวัวคณารักษ์
752,ฉะเชิงเทรา,บางปะกง,เทศบาลตำบล,บางสมัคร
753,ฉะเชิงเทรา,บางปะกง,เทศบาลตำบล,พิมพา
754,ฉะเชิงเทรา,บางปะกง,เทศบาลตำบล,หอมศีล
755,ฉะเชิงเทรา,บ้านโพธิ์,เทศบาลตำบล,คลองประเวศ
756,ฉะเชิงเทรา,บ้านโพธิ์,เทศบาลตำบล,เทพราช
757,ฉะเชิงเทรา,บ้านโพธิ์,เทศบาลตำบล,บ้านโพธิ์
758,ฉะเชิงเทรา,บ้านโพธิ์,เทศบาลตำบล,ลาดขวาง
759,ฉะเชิงเทรา,บ้านโพธิ์,เทศบาลตำบล,แสนภูดาษ
760,ฉะเชิงเทรา,แปลงยาว,เทศบาลตำบล,ทุ่งสะเดา
761,ฉะเชิงเทรา,แปลงยาว,เทศบาลตำบล,แปลงยาว
762,ฉะเชิงเทรา,แปลงยาว,เทศบาลตำบล,วังเย็น
763,ฉะเชิงเทรา,แปลงยาว,เทศบาลตำบล,หัวสำโรง
764,ฉะเชิงเทรา,พนมสารคาม,เทศบาลตำบล,เกาะขนุน
765,ฉะเชิงเทรา,พนมสารคาม,เทศบาลตำบล,เขาหินซ้อน
766,ฉะเชิงเทรา,พนมสารคาม,เทศบาลตำบล,ท่าถ่าน
767,ฉะเชิงเทรา,พนมสารคาม,เทศบาลตำบล,บ้านซ่อง
768,ฉะเชิงเทรา,พนมสารคาม,เทศบาลตำบล,พนมสารคาม
769,ฉะเชิงเทรา,เมืองฉะเชิงเทรา,เทศบาลตำบล,นครเนื่องเขต
770,ฉะเชิงเทรา,สนามชัยเขต,เทศบาลตำบล,สนามชัยเขต
771,ฉะเชิงเทรา,คลองเขื่อน,องค์การบริหารส่วนตำบล,ก้อนแก้ว
772,ฉะเชิงเทรา,คลองเขื่อน,องค์การบริหารส่วนตำบล,คลองเขื่อน
773,ฉะเชิงเทรา,คลองเขื่อน,องค์การบริหารส่วนตำบล,บางตลาด
774,ฉะเชิงเทรา,คลองเขื่อน,องค์การบริหารส่วนตำบล,บางโรง
775,ฉะเชิงเทรา,คลองเขื่อน,องค์การบริหารส่วนตำบล,บางเล่า
776,ฉะเชิงเทรา,ท่าตะเกียบ,องค์การบริหารส่วนตำบล,คลองตะเกรา
777,ฉะเชิงเทรา,ท่าตะเกียบ,องค์การบริหารส่วนตำบล,ท่าตะเกียบ
778,ฉะเชิงเทรา,บางคล้า,องค์การบริหารส่วนตำบล,ท่าทองหลาง
779,ฉะเชิงเทรา,บางคล้า,องค์การบริหารส่วนตำบล,บางกระเจ็ด
780,ฉะเชิงเทรา,บางคล้า,องค์การบริหารส่วนตำบล,บางสวน
781,ฉะเชิงเทรา,บางคล้า,องค์การบริหารส่วนตำบล,สาวชะโงก
782,ฉะเชิงเทรา,บางคล้า,องค์การบริหารส่วนตำบล,เสม็ดใต้
783,ฉะเชิงเทรา,บางคล้า,องค์การบริหารส่วนตำบล,เสม็ดเหนือ
784,ฉะเชิงเทรา,บางคล้า,องค์การบริหารส่วนตำบล,หัวไทร
785,ฉะเชิงเทรา,บางน้ำเปรี้ยว,องค์การบริหารส่วนตำบล,ดอนฉิมพลี
786,ฉะเชิงเทรา,บางน้ำเปรี้ยว,องค์การบริหารส่วนตำบล,บางน้ำเปรี้ยว
787,ฉะเชิงเทรา,บางน้ำเปรี้ยว,องค์การบริหารส่วนตำบล,บึงน้ำรักษ์
788,ฉะเชิงเทรา,บางน้ำเปรี้ยว,องค์การบริหารส่วนตำบล,โพรงอากาศ
789,ฉะเชิงเทรา,บางน้ำเปรี้ยว,องค์การบริหารส่วนตำบล,โยธะกา
790,ฉะเชิงเทรา,บางน้ำเปรี้ยว,องค์การบริหารส่วนตำบล,ศาลาแดง
791,ฉะเชิงเทรา,บางปะกง,องค์การบริหารส่วนตำบล,เขาดิน
792,ฉะเชิงเทรา,บางปะกง,องค์การบริหารส่วนตำบล,ท่าสะอ้าน
793,ฉะเชิงเทรา,บางปะกง,องค์การบริหารส่วนตำบล,บางเกลือ
794,ฉะเชิงเทรา,บางปะกง,องค์การบริหารส่วนตำบล,สองคลอง
795,ฉะเชิงเทรา,บางปะกง,องค์การบริหารส่วนตำบล,หนองจอก
796,ฉะเชิงเทรา,บางปะกง,องค์การบริหารส่วนตำบล,หอมศีล
797,ฉะเชิงเทรา,บ้านโพธิ์,องค์การบริหารส่วนตำบล,เกาะไร่
798,ฉะเชิงเทรา,บ้านโพธิ์,องค์การบริหารส่วนตำบล,คลองขุด
799,ฉะเชิงเทรา,บ้านโพธิ์,องค์การบริหารส่วนตำบล,คลองบ้านโพธิ์
800,ฉะเชิงเทรา,บ้านโพธิ์,องค์การบริหารส่วนตำบล,ดอนทราย
801,ฉะเชิงเทรา,บ้านโพธิ์,องค์การบริหารส่วนตำบล,เทพราช
802,ฉะเชิงเทรา,บ้านโพธิ์,องค์การบริหารส่วนตำบล,บางกรูด
803,ฉะเชิงเทรา,บ้านโพธิ์,องค์การบริหารส่วนตำบล,สนามจันทร์
804,ฉะเชิงเทรา,บ้านโพธิ์,องค์การบริหารส่วนตำบล,สิบเอ็ดศอก
805,ฉะเชิงเทรา,บ้านโพธิ์,องค์การบริหารส่วนตำบล,หนองตีนนก
806,ฉะเชิงเทรา,บ้านโพธิ์,องค์การบริหารส่วนตำบล,หนองบัว
807,ฉะเชิงเทรา,บ้านโพธิ์,องค์การบริหารส่วนตำบล,แหลมประดู่
808,ฉะเชิงเทรา,แปลงยาว,องค์การบริหารส่วนตำบล,แปลงยาว
809,ฉะเชิงเทรา,แปลงยาว,องค์การบริหารส่วนตำบล,หนองไม้แก่น
810,ฉะเชิงเทรา,แปลงยาว,องค์การบริหารส่วนตำบล,หัวสำโรง
811,ฉะเชิงเทรา,พนมสารคาม,องค์การบริหารส่วนตำบล,เกาะขนุน
812,ฉะเชิงเทรา,พนมสารคาม,องค์การบริหารส่วนตำบล,พนมสารคาม
813,ฉะเชิงเทรา,พนมสารคาม,องค์การบริหารส่วนตำบล,เมืองเก่า
814,ฉะเชิงเทรา,พนมสารคาม,องค์การบริหารส่วนตำบล,หนองยาว
815,ฉะเชิงเทรา,พนมสารคาม,องค์การบริหารส่วนตำบล,หนองแหน
816,ฉะเชิงเทรา,เมืองฉะเชิงเทรา,องค์การบริหารส่วนตำบล,คลองจุกกระเฌอ
817,ฉะเชิงเทรา,เมืองฉะเชิงเทรา,องค์การบริหารส่วนตำบล,คลองนครเนื่องเขต
818,ฉะเชิงเทรา,เมืองฉะเชิงเทรา,องค์การบริหารส่วนตำบล,คลองนา
819,ฉะเชิงเทรา,เมืองฉะเชิงเทรา,องค์การบริหารส่วนตำบล,คลองเปรง
820,ฉะเชิงเทรา,เมืองฉะเชิงเทรา,องค์การบริหารส่วนตำบล,คลองหลวงแพ่ง
821,ฉะเชิงเทรา,เมืองฉะเชิงเทรา,องค์การบริหารส่วนตำบล,คลองอุดมชลจร
822,ฉะเชิงเทรา,เมืองฉะเชิงเทรา,องค์การบริหารส่วนตำบล,ท่าไข่
823,ฉะเชิงเทรา,เมืองฉะเชิงเทรา,องค์การบริหารส่วนตำบล,บางกะไห
824,ฉะเชิงเทรา,เมืองฉะเชิงเทรา,องค์การบริหารส่วนตำบล,บางแก้ว
825,ฉะเชิงเทรา,เมืองฉะเชิงเทรา,องค์การบริหารส่วนตำบล,บางขวัญ
826,ฉะเชิงเทรา,เมืองฉะเชิงเทรา,องค์การบริหารส่วนตำบล,บางตีนเป็ด
827,ฉะเชิงเทรา,เมืองฉะเชิงเทรา,องค์การบริหารส่วนตำบล,บางเตย
828,ฉะเชิงเทรา,เมืองฉะเชิงเทรา,องค์การบริหารส่วนตำบล,บางไผ่
829,ฉะเชิงเทรา,เมืองฉะเชิงเทรา,องค์การบริหารส่วนตำบล,บางพระ
830,ฉะเชิงเทรา,เมืองฉะเชิงเทรา,องค์การบริหารส่วนตำบล,บ้านใหม่
831,ฉะเชิงเทรา,เมืองฉะเชิงเทรา,องค์การบริหารส่วนตำบล,วังตะเคียน
832,ฉะเชิงเทรา,เมืองฉะเชิงเทรา,องค์การบริหารส่วนตำบล,โสธร
833,ฉะเชิงเทรา,เมืองฉะเชิงเทรา,องค์การบริหารส่วนตำบล,หนามแดง
834,ฉะเชิงเทรา,ราชสาส์น,องค์การบริหารส่วนตำบล,ดงน้อย
835,ฉะเชิงเทรา,ราชสาส์น,องค์การบริหารส่วนตำบล,บางคา
836,ฉะเชิงเทรา,ราชสาส์น,องค์การบริหารส่วนตำบล,เมืองใหม่
837,ฉะเชิงเทรา,สนามชัยเขต,องค์การบริหารส่วนตำบล,คู้ยายหมี
838,ฉะเชิงเทรา,สนามชัยเขต,องค์การบริหารส่วนตำบล,ท่ากระดาน
839,ฉะเชิงเทรา,สนามชัยเขต,องค์การบริหารส่วนตำบล,ทุ่งพระยา
840,ฉะเชิงเทรา,สนามชัยเขต,องค์การบริหารส่วนตำบล,ลาดกระทิง
841,ชลบุรี,เมืองชลบุรี,องค์การบริหารส่วนจังหวัด,ชลบุรี
842,ชลบุรี,เมืองชลบุรี,เทศบาลนคร,บ้านสวน
843,ชลบุรี,ศรีราชา,เทศบาลนคร,เจ้าพระยาสุรศักดิ์
844,ชลบุรี,ศรีราชา,เทศบาลนคร,แหลมฉบัง
845,ชลบุรี,เกาะจันทร์,เทศบาลเมือง,ปรกฟ้า
846,ชลบุรี,บางละมุง,เทศบาลเมือง,หนองปรือ
847,ชลบุรี,บ้านบึง,เทศบาลเมือง,บ้านบึง
848,ชลบุรี,พนัสนิคม,เทศบาลเมือง,พนัสนิคม
849,ชลบุรี,เมืองชลบุรี,เทศบาลเมือง,ชลบุรี
850,ชลบุรี,เมืองชลบุรี,เทศบาลเมือง,ดอนหัวฬ่อ
851,ชลบุรี,เมืองชลบุรี,เทศบาลเมือง,แสนสุข
852,ชลบุรี,เมืองชลบุรี,เทศบาลเมือง,อ่างศิลา
853,ชลบุรี,ศรีราชา,เทศบาลเมือง,บางพระ
854,ชลบุรี,ศรีราชา,เทศบาลเมือง,ศรีราชา
855,ชลบุรี,สัตหีบ,เทศบาลเมือง,พลูตาหลวง
856,ชลบุรี,สัตหีบ,เทศบาลเมือง,สัตหีบ
857,ชลบุรี,เกาะจันทร์,เทศบาลตำบล,เกาะจันทร์
858,ชลบุรี,เกาะจันทร์,เทศบาลตำบล,ท่าบุญมี
859,ชลบุรี,เกาะสีชัง,เทศบาลตำบล,เกาะสีชัง
860,ชลบุรี,บ่อทอง,เทศบาลตำบล,ธาตุทอง
861,ชลบุรี,บ่อทอง,เทศบาลตำบล,บ่อกวางทอง
862,ชลบุรี,บ่อทอง,เทศบาลตำบล,บ่อทอง
863,ชลบุรี,บางละมุง,เทศบาลตำบล,เขาไม้แก้ว
864,ชลบุรี,บางละมุง,เทศบาลตำบล,ตะเคียนเตี้ย
865,ชลบุรี,บางละมุง,เทศบาลตำบล,บางละมุง
866,ชลบุรี,บางละมุง,เทศบาลตำบล,โป่ง
867,ชลบุรี,บางละมุง,เทศบาลตำบล,หนองปลาไหล
868,ชลบุรี,บางละมุง,เทศบาลตำบล,ห้วยใหญ่
869,ชลบุรี,บ้านบึง,เทศบาลตำบล,บ้านบึง
870,ชลบุรี,บ้านบึง,เทศบาลตำบล,หนองชาก
871,ชลบุรี,บ้านบึง,เทศบาลตำบล,หนองซ้ำซาก
872,ชลบุรี,บ้านบึง,เทศบาลตำบล,หนองไผ่แก้ว
873,ชลบุรี,บ้านบึง,เทศบาลตำบล,หัวกุญแจ
874,ชลบุรี,พนัสนิคม,เทศบาลตำบล,กุฎโง้ง
875,ชลบุรี,พนัสนิคม,เทศบาลตำบล,หมอนนาง
876,ชลบุรี,พนัสนิคม,เทศบาลตำบล,หัวถนน
877,ชลบุรี,พานทอง,เทศบาลตำบล,พานทอง
878,ชลบุรี,พานทอง,เทศบาลตำบล,หนองตำลึง
879,ชลบุรี,เมืองชลบุรี,เทศบาลตำบล,คลองตำหรุ
880,ชลบุรี,เมืองชลบุรี,เทศบาลตำบล,นาป่า
881,ชลบุรี,เมืองชลบุรี,เทศบาลตำบล,บางทราย
882,ชลบุรี,เมืองชลบุรี,เทศบาลตำบล,เสม็ด
883,ชลบุรี,เมืองชลบุรี,เทศบาลตำบล,หนองไม้แดง
884,ชลบุรี,เมืองชลบุรี,เทศบาลตำบล,หนองรี
885,ชลบุรี,เมืองชลบุรี,เทศบาลตำบล,ห้วยกะปิ
886,ชลบุรี,เมืองชลบุรี,เทศบาลตำบล,เหมือง
887,ชลบุรี,ศรีราชา,เทศบาลตำบล,บางพระ
888,ชลบุรี,สัตหีบ,เทศบาลตำบล,เกล็ดแก้ว
889,ชลบุรี,สัตหีบ,เทศบาลตำบล,เขตรอุดมศักดิ์
890,ชลบุรี,สัตหีบ,เทศบาลตำบล,เขาชีจรรย์
891,ชลบุรี,สัตหีบ,เทศบาลตำบล,นาจอมเทียน
892,ชลบุรี,สัตหีบ,เทศบาลตำบล,บางเสร่
893,ชลบุรี,สัตหีบ,เทศบาลตำบล,แสมสาร
894,ชลบุรี,หนองใหญ่,เทศบาลตำบล,หนองใหญ่
895,ชลบุรี,บางละมุง,อปท.รูปแบบพิเศษ,เมืองพัทยา
896,ชลบุรี,เกาะจันทร์,องค์การบริหารส่วนตำบล,ท่าบุญมี
897,ชลบุรี,บ่อทอง,องค์การบริหารส่วนตำบล,เกษตรสุวรรณ
898,ชลบุรี,บ่อทอง,องค์การบริหารส่วนตำบล,บ่อทอง
899,ชลบุรี,บ่อทอง,องค์การบริหารส่วนตำบล,พลวงทอง
900,ชลบุรี,บ่อทอง,องค์การบริหารส่วนตำบล,วัดสุวรรณ
901,ชลบุรี,บ้านบึง,องค์การบริหารส่วนตำบล,คลองกิ่ว
902,ชลบุรี,บ้านบึง,องค์การบริหารส่วนตำบล,มาบไผ่
903,ชลบุรี,บ้านบึง,องค์การบริหารส่วนตำบล,หนองบอนแดง
904,ชลบุรี,บ้านบึง,องค์การบริหารส่วนตำบล,หนองไผ่แก้ว
905,ชลบุรี,บ้านบึง,องค์การบริหารส่วนตำบล,หนองอิรุณ
906,ชลบุรี,พนัสนิคม,องค์การบริหารส่วนตำบล,โคกเพลาะ
907,ชลบุรี,พนัสนิคม,องค์การบริหารส่วนตำบล,ท่าข้าม
908,ชลบุรี,พนัสนิคม,องค์การบริหารส่วนตำบล,ทุ่งขวาง
909,ชลบุรี,พนัสนิคม,องค์การบริหารส่วนตำบล,นามะตูม
910,ชลบุรี,พนัสนิคม,องค์การบริหารส่วนตำบล,นาเริก
911,ชลบุรี,พนัสนิคม,องค์การบริหารส่วนตำบล,นาวังหิน
912,ชลบุรี,พนัสนิคม,องค์การบริหารส่วนตำบล,บ้านช้าง
913,ชลบุรี,พนัสนิคม,องค์การบริหารส่วนตำบล,บ้านเซิด
914,ชลบุรี,พนัสนิคม,องค์การบริหารส่วนตำบล,ไร่หลักทอง
915,ชลบุรี,พนัสนิคม,องค์การบริหารส่วนตำบล,วัดโบสถ์
916,ชลบุรี,พนัสนิคม,องค์การบริหารส่วนตำบล,วัดหลวง
917,ชลบุรี,พนัสนิคม,องค์การบริหารส่วนตำบล,สระสี่เหลี่ยม
918,ชลบุรี,พนัสนิคม,องค์การบริหารส่วนตำบล,หนองขยาด
919,ชลบุรี,พนัสนิคม,องค์การบริหารส่วนตำบล,หนองปรือ
920,ชลบุรี,พนัสนิคม,องค์การบริหารส่วนตำบล,หนองเหียง
921,ชลบุรี,พนัสนิคม,องค์การบริหารส่วนตำบล,หน้าพระธาตุ
922,ชลบุรี,พานทอง,องค์การบริหารส่วนตำบล,เกาะลอยบางหัก
923,ชลบุรี,พานทอง,องค์การบริหารส่วนตำบล,โคกขี้หนอน
924,ชลบุรี,พานทอง,องค์การบริหารส่วนตำบล,บางนาง
925,ชลบุรี,พานทอง,องค์การบริหารส่วนตำบล,บ้านเก่า
926,ชลบุรี,พานทอง,องค์การบริหารส่วนตำบล,พานทองหนองกะขะ
927,ชลบุรี,พานทอง,องค์การบริหารส่วนตำบล,มาบโป่ง
928,ชลบุรี,พานทอง,องค์การบริหารส่วนตำบล,หนองหงษ์
929,ชลบุรี,พานทอง,องค์การบริหารส่วนตำบล,หน้าประดู่
930,ชลบุรี,เมืองชลบุรี,องค์การบริหารส่วนตำบล,คลองตำหรุ
931,ชลบุรี,เมืองชลบุรี,องค์การบริหารส่วนตำบล,สำนักบก
932,ชลบุรี,เมืองชลบุรี,องค์การบริหารส่วนตำบล,หนองข้างคอก
933,ชลบุรี,ศรีราชา,องค์การบริหารส่วนตำบล,เขาคันทรง
934,ชลบุรี,ศรีราชา,องค์การบริหารส่วนตำบล,บ่อวิน
935,ชลบุรี,ศรีราชา,องค์การบริหารส่วนตำบล,หนองขาม
936,ชลบุรี,หนองใหญ่,องค์การบริหารส่วนตำบล,เขาซก
937,ชลบุรี,หนองใหญ่,องค์การบริหารส่วนตำบล,คลองพลู
938,ชลบุรี,หนองใหญ่,องค์การบริหารส่วนตำบล,หนองเสือช้าง
939,ชลบุรี,หนองใหญ่,องค์การบริหารส่วนตำบล,ห้างสูง
940,ชัยนาท,เมืองชัยนาท,องค์การบริหารส่วนจังหวัด,ชัยนาท
941,ชัยนาท,เมืองชัยนาท,เทศบาลเมือง,ชัยนาท
942,ชัยนาท,เนินขาม,เทศบาลตำบล,เนินขาม
943,ชัยนาท,มโนรมย์,เทศบาลตำบล,คุ้งสำเภา
944,ชัยนาท,มโนรมย์,เทศบาลตำบล,มโนรมย์
945,ชัยนาท,มโนรมย์,เทศบาลตำบล,ศิลาดาน
946,ชัยนาท,มโนรมย์,เทศบาลตำบล,หางน้ำสาคร
947,ชัยนาท,เมืองชัยนาท,เทศบาลตำบล,ชัยนาท
948,ชัยนาท,เมืองชัยนาท,เทศบาลตำบล,ท่าชัย
949,ชัยนาท,เมืองชัยนาท,เทศบาลตำบล,ธรรมามูล
950,ชัยนาท,เมืองชัยนาท,เทศบาลตำบล,นางลือ
951,ชัยนาท,เมืองชัยนาท,เทศบาลตำบล,บ้านกล้วย
952,ชัยนาท,เมืองชัยนาท,เทศบาลตำบล,เสือโฮก
953,ชัยนาท,เมืองชัยนาท,เทศบาลตำบล,หาดท่าเสา
954,ชัยนาท,วัดสิงห์,เทศบาลตำบล,บ่อแร่
955,ชัยนาท,วัดสิงห์,เทศบาลตำบล,วัดสิงห์
956,ชัยนาท,วัดสิงห์,เทศบาลตำบล,หนองขุ่น
957,ชัยนาท,วัดสิงห์,เทศบาลตำบล,หนองน้อย
958,ชัยนาท,สรรคบุรี,เทศบาลตำบล,ดงคอน
959,ชัยนาท,สรรคบุรี,เทศบาลตำบล,ดอนกำ
960,ชัยนาท,สรรคบุรี,เทศบาลตำบล,บางขุด
961,ชัยนาท,สรรคบุรี,เทศบาลตำบล,แพรกศรีราชา
962,ชัยนาท,สรรคบุรี,เทศบาลตำบล,โพงาม
963,ชัยนาท,สรรคบุรี,เทศบาลตำบล,สรรคบุรี
964,ชัยนาท,สรรคบุรี,เทศบาลตำบล,ห้วยกรด
965,ชัยนาท,สรรคบุรี,เทศบาลตำบล,ห้วยกรดพัฒนา
966,ชัยนาท,สรรพยา,เทศบาลตำบล,เจ้าพระยา
967,ชัยนาท,สรรพยา,เทศบาลตำบล,ตลุก
968,ชัยนาท,สรรพยา,เทศบาลตำบล,บางหลวง
969,ชัยนาท,สรรพยา,เทศบาลตำบล,โพธิ์พิทักษ์
970,ชัยนาท,สรรพยา,เทศบาลตำบล,โพนางดำตก
971,ชัยนาท,สรรพยา,เทศบาลตำบล,โพนางดำออก
972,ชัยนาท,สรรพยา,เทศบาลตำบล,สรรพยา
973,ชัยนาท,สรรพยา,เทศบาลตำบล,หาดอาษา
974,ชัยนาท,หนองมะโมง,เทศบาลตำบล,วังตะเคียน
975,ชัยนาท,หนองมะโมง,เทศบาลตำบล,หนองมะโมง
976,ชัยนาท,หันคา,เทศบาลตำบล,บ้านเชี่ยน
977,ชัยนาท,หันคา,เทศบาลตำบล,สามง่ามท่าโบสถ์
978,ชัยนาท,หันคา,เทศบาลตำบล,สามง่ามพัฒนา
979,ชัยนาท,หันคา,เทศบาลตำบล,หนองแซง
980,ชัยนาท,หันคา,เทศบาลตำบล,ห้วยงู
981,ชัยนาท,หันคา,เทศบาลตำบล,หันคา
982,ชัยนาท,เนินขาม,องค์การบริหารส่วนตำบล,กะบกเตี้ย
983,ชัยนาท,เนินขาม,องค์การบริหารส่วนตำบล,สุขเดือนห้า
984,ชัยนาท,มโนรมย์,องค์การบริหารส่วนตำบล,ท่าฉนวน
985,ชัยนาท,มโนรมย์,องค์การบริหารส่วนตำบล,ไร่พัฒนา
986,ชัยนาท,มโนรมย์,องค์การบริหารส่วนตำบล,วัดโคก
987,ชัยนาท,มโนรมย์,องค์การบริหารส่วนตำบล,อู่ตะเภา
988,ชัยนาท,เมืองชัยนาท,องค์การบริหารส่วนตำบล,เขาท่าพระ
989,ชัยนาท,วัดสิงห์,องค์การบริหารส่วนตำบล,มะขามเฒ่า
990,ชัยนาท,วัดสิงห์,องค์การบริหารส่วนตำบล,วังหมัน
991,ชัยนาท,วัดสิงห์,องค์การบริหารส่วนตำบล,หนองบัว
992,ชัยนาท,สรรคบุรี,องค์การบริหารส่วนตำบล,เที่ยงแท้
993,ชัยนาท,สรรพยา,องค์การบริหารส่วนตำบล,เขาแก้ว
994,ชัยนาท,หนองมะโมง,องค์การบริหารส่วนตำบล,กุดจอก
995,ชัยนาท,หนองมะโมง,องค์การบริหารส่วนตำบล,สะพานหิน
996,ชัยนาท,หันคา,องค์การบริหารส่วนตำบล,เด่นใหญ่
997,ชัยนาท,หันคา,องค์การบริหารส่วนตำบล,ไพรนกยูง
998,ชัยนาท,หันคา,องค์การบริหารส่วนตำบล,วังไก่เถื่อน
999,ชัยนาท,หันคา,องค์การบริหารส่วนตำบล,หันคา
1000,ชัยภูมิ,เมืองชัยภูมิ,องค์การบริหารส่วนจังหวัด,ชัยภูมิ
1001,ชัยภูมิ,เมืองชัยภูมิ,เทศบาลเมือง,ชัยภูมิ
1002,ชัยภูมิ,เกษตรสมบูรณ์,เทศบาลตำบล,เกษตรสมบูรณ์
1003,ชัยภูมิ,เกษตรสมบูรณ์,เทศบาลตำบล,โนนทอง
1004,ชัยภูมิ,เกษตรสมบูรณ์,เทศบาลตำบล,บ้านเดื่อ
1005,ชัยภูมิ,เกษตรสมบูรณ์,เทศบาลตำบล,บ้านบัว
1006,ชัยภูมิ,เกษตรสมบูรณ์,เทศบาลตำบล,บ้านเป้า
1007,ชัยภูมิ,เกษตรสมบูรณ์,เทศบาลตำบล,บ้านยาง
1008,ชัยภูมิ,แก้งคร้อ,เทศบาลตำบล,แก้งคร้อ
1009,ชัยภูมิ,แก้งคร้อ,เทศบาลตำบล,โคกกุง
1010,ชัยภูมิ,แก้งคร้อ,เทศบาลตำบล,นาหนองทุ่ม
1011,ชัยภูมิ,แก้งคร้อ,เทศบาลตำบล,หนองสังข์
1012,ชัยภูมิ,คอนสวรรค์,เทศบาลตำบล,คอนสวรรค์
1013,ชัยภูมิ,คอนสาร,เทศบาลตำบล,คอนสาร
1014,ชัยภูมิ,คอนสาร,เทศบาลตำบล,ทุ่งลุยลาย
1015,ชัยภูมิ,คอนสาร,เทศบาลตำบล,ห้วยยาง
1016,ชัยภูมิ,จัตุรัส,เทศบาลตำบล,จัตุรัส
1017,ชัยภูมิ,จัตุรัส,เทศบาลตำบล,หนองบัวโคก
1018,ชัยภูมิ,จัตุรัส,เทศบาลตำบล,หนองบัวใหญ่
1019,ชัยภูมิ,เทพสถิต,เทศบาลตำบล,เทพสถิต
1020,ชัยภูมิ,บ้านเขว้า,เทศบาลตำบล,ตลาดแร้ง
1021,ชัยภูมิ,บ้านเขว้า,เทศบาลตำบล,ทุ่งทอง
1022,ชัยภูมิ,บ้านเขว้า,เทศบาลตำบล,บ้านเขว้า
1023,ชัยภูมิ,บ้านเขว้า,เทศบาลตำบล,ลุ่มลำชี
1024,ชัยภูมิ,บ้านแท่น,เทศบาลตำบล,บ้านเต่า
1025,ชัยภูมิ,บ้านแท่น,เทศบาลตำบล,บ้านแท่น
1026,ชัยภูมิ,บำเหน็จณรงค์,เทศบาลตำบล,บ้านเพชร
1027,ชัยภูมิ,บำเหน็จณรงค์,เทศบาลตำบล,บำเหน็จณรงค์
1028,ชัยภูมิ,ภักดีชุมพล,เทศบาลตำบล,เจาทอง
1029,ชัยภูมิ,ภูเขียว,เทศบาลตำบล,ธาตุทอง
1030,ชัยภูมิ,ภูเขียว,เทศบาลตำบล,บ้านแก้ง
1031,ชัยภูมิ,ภูเขียว,เทศบาลตำบล,บ้านเพชร
1032,ชัยภูมิ,ภูเขียว,เทศบาลตำบล,บ้านเพชรภูเขียว
1033,ชัยภูมิ,ภูเขียว,เทศบาลตำบล,ภูเขียว
1034,ชัยภูมิ,เมืองชัยภูมิ,เทศบาลตำบล,กุดตุ้ม
1035,ชัยภูมิ,เมืองชัยภูมิ,เทศบาลตำบล,โคกสูง
1036,ชัยภูมิ,เมืองชัยภูมิ,เทศบาลตำบล,ชีลอง
1037,ชัยภูมิ,เมืองชัยภูมิ,เทศบาลตำบล,บ้านค่ายหมื่นแผ้ว
1038,ชัยภูมิ,เมืองชัยภูมิ,เทศบาลตำบล,ลาดใหญ่
1039,ชัยภูมิ,หนองบัวแดง,เทศบาลตำบล,ท่าใหญ่
1040,ชัยภูมิ,หนองบัวแดง,เทศบาลตำบล,หนองบัวแดง
1041,ชัยภูมิ,หนองบัวแดง,เทศบาลตำบล,หลวงศิริ
1042,ชัยภูมิ,หนองบัวระเหว,เทศบาลตำบล,โคกสะอาด
1043,ชัยภูมิ,หนองบัวระเหว,เทศบาลตำบล,วังตะเฆ่
1044,ชัยภูมิ,หนองบัวระเหว,เทศบาลตำบล,หนองบัวระเหว
1045,ชัยภูมิ,หนองบัวระเหว,เทศบาลตำบล,ห้วยแย้
1046,ชัยภูมิ,เกษตรสมบูรณ์,องค์การบริหารส่วนตำบล,กุดเลาะ
1047,ชัยภูมิ,เกษตรสมบูรณ์,องค์การบริหารส่วนตำบล,โนนกอก
1048,ชัยภูมิ,เกษตรสมบูรณ์,องค์การบริหารส่วนตำบล,บ้านเป้า
1049,ชัยภูมิ,เกษตรสมบูรณ์,องค์การบริหารส่วนตำบล,บ้านหัน
1050,ชัยภูมิ,เกษตรสมบูรณ์,องค์การบริหารส่วนตำบล,สระโพนทอง
1051,ชัยภูมิ,เกษตรสมบูรณ์,องค์การบริหารส่วนตำบล,หนองข่า
1052,ชัยภูมิ,เกษตรสมบูรณ์,องค์การบริหารส่วนตำบล,หนองโพนงาม
1053,ชัยภูมิ,แก้งคร้อ,องค์การบริหารส่วนตำบล,เก่าย่าดี
1054,ชัยภูมิ,แก้งคร้อ,องค์การบริหารส่วนตำบล,ช่องสามหมอ
1055,ชัยภูมิ,แก้งคร้อ,องค์การบริหารส่วนตำบล,ท่ามะไฟหวาน
1056,ชัยภูมิ,แก้งคร้อ,องค์การบริหารส่วนตำบล,นาหนองทุ่ม
1057,ชัยภูมิ,แก้งคร้อ,องค์การบริหารส่วนตำบล,บ้านแก้ง
1058,ชัยภูมิ,แก้งคร้อ,องค์การบริหารส่วนตำบล,หนองขาม
1059,ชัยภูมิ,แก้งคร้อ,องค์การบริหารส่วนตำบล,หนองไผ่
1060,ชัยภูมิ,แก้งคร้อ,องค์การบริหารส่วนตำบล,หลุบคา
1061,ชัยภูมิ,คอนสวรรค์,องค์การบริหารส่วนตำบล,คอนสวรรค์
1062,ชัยภูมิ,คอนสวรรค์,องค์การบริหารส่วนตำบล,โคกมั่งงอย
1063,ชัยภูมิ,คอนสวรรค์,องค์การบริหารส่วนตำบล,ช่องสามหมอ
1064,ชัยภูมิ,คอนสวรรค์,องค์การบริหารส่วนตำบล,โนนสะอาด
1065,ชัยภูมิ,คอนสวรรค์,องค์การบริหารส่วนตำบล,บ้านโสก
1066,ชัยภูมิ,คอนสวรรค์,องค์การบริหารส่วนตำบล,ยางหวาย
1067,ชัยภูมิ,คอนสวรรค์,องค์การบริหารส่วนตำบล,ศรีสำราญ
1068,ชัยภูมิ,คอนสวรรค์,องค์การบริหารส่วนตำบล,หนองขาม
1069,ชัยภูมิ,คอนสวรรค์,องค์การบริหารส่วนตำบล,ห้วยไร่
1070,ชัยภูมิ,คอนสาร,องค์การบริหารส่วนตำบล,คอนสาร
1071,ชัยภูมิ,คอนสาร,องค์การบริหารส่วนตำบล,ดงกลาง
1072,ชัยภูมิ,คอนสาร,องค์การบริหารส่วนตำบล,ดงบัง
1073,ชัยภูมิ,คอนสาร,องค์การบริหารส่วนตำบล,ทุ่งนาเลา
1074,ชัยภูมิ,คอนสาร,องค์การบริหารส่วนตำบล,ทุ่งพระ
1075,ชัยภูมิ,คอนสาร,องค์การบริหารส่วนตำบล,โนนคูณ
1076,ชัยภูมิ,จัตุรัส,องค์การบริหารส่วนตำบล,กุดน้ำใส
1077,ชัยภูมิ,จัตุรัส,องค์การบริหารส่วนตำบล,บ้านกอก
1078,ชัยภูมิ,จัตุรัส,องค์การบริหารส่วนตำบล,บ้านขาม
1079,ชัยภูมิ,จัตุรัส,องค์การบริหารส่วนตำบล,ละหาน
1080,ชัยภูมิ,จัตุรัส,องค์การบริหารส่วนตำบล,ส้มป่อย
1081,ชัยภูมิ,จัตุรัส,องค์การบริหารส่วนตำบล,หนองโดน
1082,ชัยภูมิ,จัตุรัส,องค์การบริหารส่วนตำบล,หนองบัวโคก
1083,ชัยภูมิ,จัตุรัส,องค์การบริหารส่วนตำบล,หนองบัวบาน
1084,ชัยภูมิ,ซับใหญ่,องค์การบริหารส่วนตำบล,ซับใหญ่
1085,ชัยภูมิ,ซับใหญ่,องค์การบริหารส่วนตำบล,ตะโกทอง
1086,ชัยภูมิ,ซับใหญ่,องค์การบริหารส่วนตำบล,ท่ากูบ
1087,ชัยภูมิ,เทพสถิต,องค์การบริหารส่วนตำบล,นายางกลัก
1088,ชัยภูมิ,เทพสถิต,องค์การบริหารส่วนตำบล,บ้านไร่
1089,ชัยภูมิ,เทพสถิต,องค์การบริหารส่วนตำบล,โป่งนก
1090,ชัยภูมิ,เทพสถิต,องค์การบริหารส่วนตำบล,วะตะแบก
1091,ชัยภูมิ,เทพสถิต,องค์การบริหารส่วนตำบล,ห้วยยายจิ๋ว
1092,ชัยภูมิ,เนินสง่า,องค์การบริหารส่วนตำบล,กะฮาด
1093,ชัยภูมิ,เนินสง่า,องค์การบริหารส่วนตำบล,ตาเนิน
1094,ชัยภูมิ,เนินสง่า,องค์การบริหารส่วนตำบล,รังงาม
1095,ชัยภูมิ,เนินสง่า,องค์การบริหารส่วนตำบล,หนองฉิม
1096,ชัยภูมิ,บ้านเขว้า,องค์การบริหารส่วนตำบล,ชีบน
1097,ชัยภูมิ,บ้านเขว้า,องค์การบริหารส่วนตำบล,โนนแดง
1098,ชัยภูมิ,บ้านเขว้า,องค์การบริหารส่วนตำบล,ภูแลนคา
1099,ชัยภูมิ,บ้านแท่น,องค์การบริหารส่วนตำบล,บ้านแท่น
1100,ชัยภูมิ,บ้านแท่น,องค์การบริหารส่วนตำบล,สระพัง
1101,ชัยภูมิ,บ้านแท่น,องค์การบริหารส่วนตำบล,สามสวน
1102,ชัยภูมิ,บ้านแท่น,องค์การบริหารส่วนตำบล,หนองคู
1103,ชัยภูมิ,บำเหน็จณรงค์,องค์การบริหารส่วนตำบล,เกาะมะนาว
1104,ชัยภูมิ,บำเหน็จณรงค์,องค์การบริหารส่วนตำบล,โคกเพชรพัฒนา
1105,ชัยภูมิ,บำเหน็จณรงค์,องค์การบริหารส่วนตำบล,โคกเริงรมย์
1106,ชัยภูมิ,บำเหน็จณรงค์,องค์การบริหารส่วนตำบล,บ้านชวน
1107,ชัยภูมิ,บำเหน็จณรงค์,องค์การบริหารส่วนตำบล,บ้านตาล
1108,ชัยภูมิ,บำเหน็จณรงค์,องค์การบริหารส่วนตำบล,บ้านเพชร
1109,ชัยภูมิ,บำเหน็จณรงค์,องค์การบริหารส่วนตำบล,หัวทะเล
1110,ชัยภูมิ,ภักดีชุมพล,องค์การบริหารส่วนตำบล,บ้านเจียง
1111,ชัยภูมิ,ภักดีชุมพล,องค์การบริหารส่วนตำบล,วังทอง
1112,ชัยภูมิ,ภักดีชุมพล,องค์การบริหารส่วนตำบล,แหลมทอง
1113,ชัยภูมิ,ภูเขียว,องค์การบริหารส่วนตำบล,กวางโจน
1114,ชัยภูมิ,ภูเขียว,องค์การบริหารส่วนตำบล,กุดยม
1115,ชัยภูมิ,ภูเขียว,องค์การบริหารส่วนตำบล,โคกสะอาด
1116,ชัยภูมิ,ภูเขียว,องค์การบริหารส่วนตำบล,บ้านดอน
1117,ชัยภูมิ,ภูเขียว,องค์การบริหารส่วนตำบล,ผักปัง
1118,ชัยภูมิ,ภูเขียว,องค์การบริหารส่วนตำบล,หนองคอนไทย
1119,ชัยภูมิ,ภูเขียว,องค์การบริหารส่วนตำบล,หนองตูม
1120,ชัยภูมิ,ภูเขียว,องค์การบริหารส่วนตำบล,โอโล
1121,ชัยภูมิ,เมืองชัยภูมิ,องค์การบริหารส่วนตำบล,ซับสีทอง
1122,ชัยภูมิ,เมืองชัยภูมิ,องค์การบริหารส่วนตำบล,ท่าหินโงม
1123,ชัยภูมิ,เมืองชัยภูมิ,องค์การบริหารส่วนตำบล,นาฝาย
1124,ชัยภูมิ,เมืองชัยภูมิ,องค์การบริหารส่วนตำบล,นาเสียว
1125,ชัยภูมิ,เมืองชัยภูมิ,องค์การบริหารส่วนตำบล,โนนสำราญ
1126,ชัยภูมิ,เมืองชัยภูมิ,องค์การบริหารส่วนตำบล,บ้านค่าย
1127,ชัยภูมิ,เมืองชัยภูมิ,องค์การบริหารส่วนตำบล,บ้านเล่า
1128,ชัยภูมิ,เมืองชัยภูมิ,องค์การบริหารส่วนตำบล,บุ่งคล้า
1129,ชัยภูมิ,เมืองชัยภูมิ,องค์การบริหารส่วนตำบล,โพนทอง
1130,ชัยภูมิ,เมืองชัยภูมิ,องค์การบริหารส่วนตำบล,รอบเมือง
1131,ชัยภูมิ,เมืองชัยภูมิ,องค์การบริหารส่วนตำบล,ลาดใหญ่
1132,ชัยภูมิ,เมืองชัยภูมิ,องค์การบริหารส่วนตำบล,หนองนาแซง
1133,ชัยภูมิ,เมืองชัยภูมิ,องค์การบริหารส่วนตำบล,หนองไผ่
1134,ชัยภูมิ,เมืองชัยภูมิ,องค์การบริหารส่วนตำบล,ห้วยต้อน
1135,ชัยภูมิ,เมืองชัยภูมิ,องค์การบริหารส่วนตำบล,ห้วยบง
1136,ชัยภูมิ,หนองบัวแดง,องค์การบริหารส่วนตำบล,กุดชุมแสง
1137,ชัยภูมิ,หนองบัวแดง,องค์การบริหารส่วนตำบล,คูเมือง
1138,ชัยภูมิ,หนองบัวแดง,องค์การบริหารส่วนตำบล,ถ้ำวัวแดง
1139,ชัยภูมิ,หนองบัวแดง,องค์การบริหารส่วนตำบล,นางแดด
1140,ชัยภูมิ,หนองบัวแดง,องค์การบริหารส่วนตำบล,วังชมภู
1141,ชัยภูมิ,หนองบัวแดง,องค์การบริหารส่วนตำบล,หนองแวง
1142,ชัยภูมิ,หนองบัวระเหว,องค์การบริหารส่วนตำบล,โสกปลาดุก
1143,ชุมพร,เมืองชุมพร,องค์การบริหารส่วนจังหวัด,ชุมพร
1144,ชุมพร,เมืองชุมพร,เทศบาลเมือง,ชุมพร
1145,ชุมพร,เมืองชุมพร,เทศบาลเมือง,ท่ายาง
1146,ชุมพร,หลังสวน,เทศบาลเมือง,หลังสวน
1147,ชุมพร,ท่าแซะ,เทศบาลตำบล,ท่าแซะ
1148,ชุมพร,ท่าแซะ,เทศบาลตำบล,เนินสันติ
1149,ชุมพร,ทุ่งตะโก,เทศบาลตำบล,ทุ่งตะไคร
1150,ชุมพร,ทุ่งตะโก,เทศบาลตำบล,ปากตะโก
1151,ชุมพร,ปะทิว,เทศบาลตำบล,ชุมโค
1152,ชุมพร,ปะทิว,เทศบาลตำบล,ทะเลทรัพย์
1153,ชุมพร,ปะทิว,เทศบาลตำบล,บางสน
1154,ชุมพร,ปะทิว,เทศบาลตำบล,ปะทิว
1155,ชุมพร,ปะทิว,เทศบาลตำบล,มาบอำมฤต
1156,ชุมพร,ปะทิว,เทศบาลตำบล,สะพลี
1157,ชุมพร,พะโต๊ะ,เทศบาลตำบล,พะโต๊ะ
1158,ชุมพร,เมืองชุมพร,เทศบาลตำบล,ขุนกระทิง
1159,ชุมพร,เมืองชุมพร,เทศบาลตำบล,นาชะอัง
1160,ชุมพร,เมืองชุมพร,เทศบาลตำบล,บางลึก
1161,ชุมพร,เมืองชุมพร,เทศบาลตำบล,บางหมาก
1162,ชุมพร,เมืองชุมพร,เทศบาลตำบล,ปากน้ำ
1163,ชุมพร,เมืองชุมพร,เทศบาลตำบล,ปากน้ำชุมพร
1164,ชุมพร,เมืองชุมพร,เทศบาลตำบล,วังไผ่
1165,ชุมพร,เมืองชุมพร,เทศบาลตำบล,วังใหม่
1166,ชุมพร,เมืองชุมพร,เทศบาลตำบล,หาดทรายรี
1167,ชุมพร,ละแม,เทศบาลตำบล,ละแม
1168,ชุมพร,สวี,เทศบาลตำบล,เขาทะลุ
1169,ชุมพร,สวี,เทศบาลตำบล,นาโพธิ์
1170,ชุมพร,สวี,เทศบาลตำบล,นาโพธิ์พัฒนา
1171,ชุมพร,หลังสวน,เทศบาลตำบล,ท่ามะพลา
1172,ชุมพร,หลังสวน,เทศบาลตำบล,ปากน้ำหลังสวน
1173,ชุมพร,หลังสวน,เทศบาลตำบล,วังตะกอ
1174,ชุมพร,ท่าแซะ,องค์การบริหารส่วนตำบล,คุริง
1175,ชุมพร,ท่าแซะ,องค์การบริหารส่วนตำบล,ทรัพย์อนันต์
1176,ชุมพร,ท่าแซะ,องค์การบริหารส่วนตำบล,ท่าข้าม
1177,ชุมพร,ท่าแซะ,องค์การบริหารส่วนตำบล,ท่าแซะ
1178,ชุมพร,ท่าแซะ,องค์การบริหารส่วนตำบล,นากระตาม
1179,ชุมพร,ท่าแซะ,องค์การบริหารส่วนตำบล,รับร่อ
1180,ชุมพร,ท่าแซะ,องค์การบริหารส่วนตำบล,สลุย
1181,ชุมพร,ท่าแซะ,องค์การบริหารส่วนตำบล,สองพี่น้อง
1182,ชุมพร,ท่าแซะ,องค์การบริหารส่วนตำบล,หงษ์เจริญ
1183,ชุมพร,ท่าแซะ,องค์การบริหารส่วนตำบล,หินแก้ว
1184,ชุมพร,ทุ่งตะโก,องค์การบริหารส่วนตำบล,ช่องไม้แก้ว
1185,ชุมพร,ทุ่งตะโก,องค์การบริหารส่วนตำบล,ตะโก
1186,ชุมพร,ปะทิว,องค์การบริหารส่วนตำบล,เขาไชยราช
1187,ชุมพร,ปะทิว,องค์การบริหารส่วนตำบล,ดอนยาง
1188,ชุมพร,ปะทิว,องค์การบริหารส่วนตำบล,ปากคลอง
1189,ชุมพร,ปะทิว,องค์การบริหารส่วนตำบล,สะพลี
1190,ชุมพร,พะโต๊ะ,องค์การบริหารส่วนตำบล,ปังหวาน
1191,ชุมพร,พะโต๊ะ,องค์การบริหารส่วนตำบล,ปากทรง
1192,ชุมพร,พะโต๊ะ,องค์การบริหารส่วนตำบล,พระรักษ์
1193,ชุมพร,พะโต๊ะ,องค์การบริหารส่วนตำบล,พะโต๊ะ
1194,ชุมพร,เมืองชุมพร,องค์การบริหารส่วนตำบล,ตากแดด
1195,ชุมพร,เมืองชุมพร,องค์การบริหารส่วนตำบล,ถ้ำสิงห์
1196,ชุมพร,เมืองชุมพร,องค์การบริหารส่วนตำบล,ทุ่งคา
1197,ชุมพร,เมืองชุมพร,องค์การบริหารส่วนตำบล,นาทุ่ง
1198,ชุมพร,เมืองชุมพร,องค์การบริหารส่วนตำบล,บ้านนา
1199,ชุมพร,เมืองชุมพร,องค์การบริหารส่วนตำบล,วังไผ่
1200,ชุมพร,เมืองชุมพร,องค์การบริหารส่วนตำบล,วิสัยเหนือ
1201,ชุมพร,เมืองชุมพร,องค์การบริหารส่วนตำบล,หาดพันไกร
1202,ชุมพร,ละแม,องค์การบริหารส่วนตำบล,ทุ่งคาวัด
1203,ชุมพร,ละแม,องค์การบริหารส่วนตำบล,ทุ่งหลวง
1204,ชุมพร,ละแม,องค์การบริหารส่วนตำบล,ละแม
1205,ชุมพร,ละแม,องค์การบริหารส่วนตำบล,สวนแตง
1206,ชุมพร,สวี,องค์การบริหารส่วนตำบล,เขาค่าย
1207,ชุมพร,สวี,องค์การบริหารส่วนตำบล,ครน
1208,ชุมพร,สวี,องค์การบริหารส่วนตำบล,ด่านสวี
1209,ชุมพร,สวี,องค์การบริหารส่วนตำบล,ท่าหิน
1210,ชุมพร,สวี,องค์การบริหารส่วนตำบล,ทุ่งระยะ
1211,ชุมพร,สวี,องค์การบริหารส่วนตำบล,นาสัก
1212,ชุมพร,สวี,องค์การบริหารส่วนตำบล,วิสัยใต้
1213,ชุมพร,สวี,องค์การบริหารส่วนตำบล,สวี
1214,ชุมพร,หลังสวน,องค์การบริหารส่วนตำบล,นาขา
1215,ชุมพร,หลังสวน,องค์การบริหารส่วนตำบล,นาพญา
1216,ชุมพร,หลังสวน,องค์การบริหารส่วนตำบล,บางน้ำจืด
1217,ชุมพร,หลังสวน,องค์การบริหารส่วนตำบล,บางมะพร้าว
1218,ชุมพร,หลังสวน,องค์การบริหารส่วนตำบล,บ้านควน
1219,ชุมพร,หลังสวน,องค์การบริหารส่วนตำบล,พ้อแดง
1220,ชุมพร,หลังสวน,องค์การบริหารส่วนตำบล,หาดยาย
1221,ชุมพร,หลังสวน,องค์การบริหารส่วนตำบล,แหลมทราย
1222,เชียงราย,เมืองเชียงราย,องค์การบริหารส่วนจังหวัด,เชียงราย
1223,เชียงราย,เมืองเชียงราย,เทศบาลนคร,เชียงราย
1224,เชียงราย,ขุนตาล,เทศบาลตำบล,บ้านต้า
1225,เชียงราย,ขุนตาล,เทศบาลตำบล,ป่าตาล
1226,เชียงราย,ขุนตาล,เทศบาลตำบล,ยางฮอม
1227,เชียงราย,เชียงของ,เทศบาลตำบล,ครึ่ง
1228,เชียงราย,เชียงของ,เทศบาลตำบล,บุญเรือง
1229,เชียงราย,เชียงของ,เทศบาลตำบล,เวียง
1230,เชียงราย,เชียงของ,เทศบาลตำบล,เวียงเชียงของ
1231,เชียงราย,เชียงของ,เทศบาลตำบล,ศรีดอนชัย
1232,เชียงราย,เชียงของ,เทศบาลตำบล,สถาน
1233,เชียงราย,เชียงของ,เทศบาลตำบล,ห้วยซ้อ
1234,เชียงราย,เชียงแสน,เทศบาลตำบล,บ้านแซว
1235,เชียงราย,เชียงแสน,เทศบาลตำบล,แม่เงิน
1236,เชียงราย,เชียงแสน,เทศบาลตำบล,โยนก
1237,เชียงราย,เชียงแสน,เทศบาลตำบล,เวียง
1238,เชียงราย,เชียงแสน,เทศบาลตำบล,เวียงเชียงแสน
1239,เชียงราย,เทิง,เทศบาลตำบล,งิ้ว
1240,เชียงราย,เทิง,เทศบาลตำบล,เชียงเคี่ยน
1241,เชียงราย,เทิง,เทศบาลตำบล,บ้านปล้อง
1242,เชียงราย,เทิง,เทศบาลตำบล,เวียงเทิง
1243,เชียงราย,เทิง,เทศบาลตำบล,สันทรายงาม
1244,เชียงราย,เทิง,เทศบาลตำบล,หงาว
1245,เชียงราย,ป่าแดด,เทศบาลตำบล,ป่าแงะ
1246,เชียงราย,ป่าแดด,เทศบาลตำบล,ป่าแดด
1247,เชียงราย,ป่าแดด,เทศบาลตำบล,โรงช้าง
1248,เชียงราย,ป่าแดด,เทศบาลตำบล,ศรีโพธิ์เงิน
1249,เชียงราย,ป่าแดด,เทศบาลตำบล,สันมะค่า
1250,เชียงราย,พญาเม็งราย,เทศบาลตำบล,พญาเม็งราย
1251,เชียงราย,พญาเม็งราย,เทศบาลตำบล,เม็งราย
1252,เชียงราย,พญาเม็งราย,เทศบาลตำบล,ไม้ยา
1253,เชียงราย,พาน,เทศบาลตำบล,เมืองพาน
1254,เชียงราย,พาน,เทศบาลตำบล,แม่อ้อ
1255,เชียงราย,พาน,เทศบาลตำบล,สันมะเค็ด
1256,เชียงราย,เมืองเชียงราย,เทศบาลตำบล,ดอยลาน
1257,เชียงราย,เมืองเชียงราย,เทศบาลตำบล,ดอยฮาง
1258,เชียงราย,เมืองเชียงราย,เทศบาลตำบล,ท่าสาย
1259,เชียงราย,เมืองเชียงราย,เทศบาลตำบล,ท่าสุด
1260,เชียงราย,เมืองเชียงราย,เทศบาลตำบล,นางแล
1261,เชียงราย,เมืองเชียงราย,เทศบาลตำบล,บ้านดู่
1262,เชียงราย,เมืองเชียงราย,เทศบาลตำบล,ป่าอ้อดอนชัย
1263,เชียงราย,เมืองเชียงราย,เทศบาลตำบล,แม่กรณ์
1264,เชียงราย,เมืองเชียงราย,เทศบาลตำบล,แม่ยาว
1265,เชียงราย,เมืองเชียงราย,เทศบาลตำบล,สันทราย
1266,เชียงราย,เมืองเชียงราย,เทศบาลตำบล,ห้วยสัก
1267,เชียงราย,แม่จัน,เทศบาลตำบล,จอมจันทร์
1268,เชียงราย,แม่จัน,เทศบาลตำบล,จันจว้า
1269,เชียงราย,แม่จัน,เทศบาลตำบล,ท่าข้าวเปลือก
1270,เชียงราย,แม่จัน,เทศบาลตำบล,ป่าซาง
1271,เชียงราย,แม่จัน,เทศบาลตำบล,แม่คำ
1272,เชียงราย,แม่จัน,เทศบาลตำบล,แม่จัน
1273,เชียงราย,แม่จัน,เทศบาลตำบล,แม่ไร่
1274,เชียงราย,แม่จัน,เทศบาลตำบล,สันทราย
1275,เชียงราย,แม่จัน,เทศบาลตำบล,สายน้ำคำ
1276,เชียงราย,แม่ลาว,เทศบาลตำบล,ดงมะดะ
1277,เชียงราย,แม่ลาว,เทศบาลตำบล,ป่าก่อดำ
1278,เชียงราย,แม่ลาว,เทศบาลตำบล,แม่ลาว
1279,เชียงราย,แม่สรวย,เทศบาลตำบล,เจดีย์หลวง
1280,เชียงราย,แม่สรวย,เทศบาลตำบล,แม่สรวย
1281,เชียงราย,แม่สรวย,เทศบาลตำบล,เวียงสรวย
1282,เชียงราย,แม่สาย,เทศบาลตำบล,แม่สาย
1283,เชียงราย,แม่สาย,เทศบาลตำบล,แม่สายมิตรภาพ
1284,เชียงราย,แม่สาย,เทศบาลตำบล,เวียงพางคำ
1285,เชียงราย,แม่สาย,เทศบาลตำบล,ห้วยไคร้
1286,เชียงราย,เวียงแก่น,เทศบาลตำบล,ท่าข้าม
1287,เชียงราย,เวียงแก่น,เทศบาลตำบล,ม่วงยาย
1288,เชียงราย,เวียงแก่น,เทศบาลตำบล,หล่ายงาว
1289,เชียงราย,เวียงชัย,เทศบาลตำบล,ดอนศิลา
1290,เชียงราย,เวียงชัย,เทศบาลตำบล,เมืองชุม
1291,เชียงราย,เวียงชัย,เทศบาลตำบล,เวียงชัย
1292,เชียงราย,เวียงชัย,เทศบาลตำบล,เวียงเหนือ
1293,เชียงราย,เวียงชัย,เทศบาลตำบล,สิริเวียงชัย
1294,เชียงราย,เวียงเชียงรุ้ง,เทศบาลตำบล,ดงมหาวัน
1295,เชียงราย,เวียงเชียงรุ้ง,เทศบาลตำบล,บ้านเหล่า
1296,เชียงราย,เวียงเชียงรุ้ง,เทศบาลตำบล,ป่าซาง
1297,เชียงราย,เวียงป่าเป้า,เทศบาลตำบล,ป่างิ้ว
1298,เชียงราย,เวียงป่าเป้า,เทศบาลตำบล,แม่ขะจาน
1299,เชียงราย,เวียงป่าเป้า,เทศบาลตำบล,เวียงกาหลง
1300,เชียงราย,เวียงป่าเป้า,เทศบาลตำบล,เวียงป่าเป้า
1301,เชียงราย,ขุนตาล,องค์การบริหารส่วนตำบล,ต้า
1302,เชียงราย,เชียงของ,องค์การบริหารส่วนตำบล,ริมโขง
1303,เชียงราย,เชียงแสน,องค์การบริหารส่วนตำบล,ป่าสัก
1304,เชียงราย,เชียงแสน,องค์การบริหารส่วนตำบล,ศรีดอนมูล
1305,เชียงราย,ดอยหลวง,องค์การบริหารส่วนตำบล,โชคชัย
1306,เชียงราย,ดอยหลวง,องค์การบริหารส่วนตำบล,ปงน้อย
1307,เชียงราย,ดอยหลวง,องค์การบริหารส่วนตำบล,หนองป่าก่อ
1308,เชียงราย,เทิง,องค์การบริหารส่วนตำบล,ตับเต่า
1309,เชียงราย,เทิง,องค์การบริหารส่วนตำบล,ปล้อง
1310,เชียงราย,เทิง,องค์การบริหารส่วนตำบล,แม่ลอย
1311,เชียงราย,เทิง,องค์การบริหารส่วนตำบล,เวียง
1312,เชียงราย,เทิง,องค์การบริหารส่วนตำบล,ศรีดอนไชย
1313,เชียงราย,เทิง,องค์การบริหารส่วนตำบล,หนองแรด
1314,เชียงราย,พญาเม็งราย,องค์การบริหารส่วนตำบล,ตาดควัน
1315,เชียงราย,พญาเม็งราย,องค์การบริหารส่วนตำบล,แม่ต๋ำ
1316,เชียงราย,พญาเม็งราย,องค์การบริหารส่วนตำบล,แม่เปา
1317,เชียงราย,พาน,องค์การบริหารส่วนตำบล,เจริญเมือง
1318,เชียงราย,พาน,องค์การบริหารส่วนตำบล,ดอยงาม
1319,เชียงราย,พาน,องค์การบริหารส่วนตำบล,ทรายขาว
1320,เชียงราย,พาน,องค์การบริหารส่วนตำบล,ทานตะวัน
1321,เชียงราย,พาน,องค์การบริหารส่วนตำบล,ธารทอง
1322,เชียงราย,พาน,องค์การบริหารส่วนตำบล,ป่าหุ่ง
1323,เชียงราย,พาน,องค์การบริหารส่วนตำบล,ม่วงคำ
1324,เชียงราย,พาน,องค์การบริหารส่วนตำบล,เมืองพาน
1325,เชียงราย,พาน,องค์การบริหารส่วนตำบล,แม่เย็น
1326,เชียงราย,พาน,องค์การบริหารส่วนตำบล,เวียงห้าว
1327,เชียงราย,พาน,องค์การบริหารส่วนตำบล,สันกลาง
1328,เชียงราย,พาน,องค์การบริหารส่วนตำบล,สันติสุข
1329,เชียงราย,พาน,องค์การบริหารส่วนตำบล,หัวง้ม
1330,เชียงราย,เมืองเชียงราย,องค์การบริหารส่วนตำบล,แม่ข้าวต้ม
1331,เชียงราย,เมืองเชียงราย,องค์การบริหารส่วนตำบล,รอบเวียง
1332,เชียงราย,เมืองเชียงราย,องค์การบริหารส่วนตำบล,ริมกก
1333,เชียงราย,เมืองเชียงราย,องค์การบริหารส่วนตำบล,ห้วยชมภู
1334,เชียงราย,แม่จัน,องค์การบริหารส่วนตำบล,จอมสวรรค์
1335,เชียงราย,แม่จัน,องค์การบริหารส่วนตำบล,ป่าตึง
1336,เชียงราย,แม่จัน,องค์การบริหารส่วนตำบล,แม่จัน
1337,เชียงราย,แม่จัน,องค์การบริหารส่วนตำบล,ศรีค้ำ
1338,เชียงราย,แม่ฟ้าหลวง,องค์การบริหารส่วนตำบล,เทอดไทย
1339,เชียงราย,แม่ฟ้าหลวง,องค์การบริหารส่วนตำบล,แม่ฟ้าหลวง
1340,เชียงราย,แม่ฟ้าหลวง,องค์การบริหารส่วนตำบล,แม่สลองนอก
1341,เชียงราย,แม่ฟ้าหลวง,องค์การบริหารส่วนตำบล,แม่สลองใน
1342,เชียงราย,แม่ลาว,องค์การบริหารส่วนตำบล,จอมหมอกแก้ว
1343,เชียงราย,แม่ลาว,องค์การบริหารส่วนตำบล,บัวสลี
1344,เชียงราย,แม่ลาว,องค์การบริหารส่วนตำบล,ป่าก่อดำ
1345,เชียงราย,แม่ลาว,องค์การบริหารส่วนตำบล,โป่งแพร่
1346,เชียงราย,แม่สรวย,องค์การบริหารส่วนตำบล,เจดีย์หลวง
1347,เชียงราย,แม่สรวย,องค์การบริหารส่วนตำบล,ท่าก๊อ
1348,เชียงราย,แม่สรวย,องค์การบริหารส่วนตำบล,ป่าแดด
1349,เชียงราย,แม่สรวย,องค์การบริหารส่วนตำบล,แม่พริก
1350,เชียงราย,แม่สรวย,องค์การบริหารส่วนตำบล,วาวี
1351,เชียงราย,แม่สรวย,องค์การบริหารส่วนตำบล,ศรีถ้อย
1352,เชียงราย,แม่สาย,องค์การบริหารส่วนตำบล,เกาะช้าง
1353,เชียงราย,แม่สาย,องค์การบริหารส่วนตำบล,บ้านด้าย
1354,เชียงราย,แม่สาย,องค์การบริหารส่วนตำบล,โป่งงาม
1355,เชียงราย,แม่สาย,องค์การบริหารส่วนตำบล,โป่งผา
1356,เชียงราย,แม่สาย,องค์การบริหารส่วนตำบล,ศรีเมืองชุม
1357,เชียงราย,แม่สาย,องค์การบริหารส่วนตำบล,ห้วยไคร้
1358,เชียงราย,เวียงแก่น,องค์การบริหารส่วนตำบล,ปอ
1359,เชียงราย,เวียงชัย,องค์การบริหารส่วนตำบล,ผางาม
1360,เชียงราย,เวียงเชียงรุ้ง,องค์การบริหารส่วนตำบล,ทุ่งก่อ
1361,เชียงราย,เวียงป่าเป้า,องค์การบริหารส่วนตำบล,บ้านโป่ง
1362,เชียงราย,เวียงป่าเป้า,องค์การบริหารส่วนตำบล,แม่เจดีย์
1363,เชียงราย,เวียงป่าเป้า,องค์การบริหารส่วนตำบล,แม่เจดีย์ใหม่
1364,เชียงราย,เวียงป่าเป้า,องค์การบริหารส่วนตำบล,เวียง
1365,เชียงราย,เวียงป่าเป้า,องค์การบริหารส่วนตำบล,สันสลี
1366,เชียงใหม่,เมืองเชียงใหม่,องค์การบริหารส่วนจังหวัด,เชียงใหม่
1367,เชียงใหม่,เมืองเชียงใหม่,เทศบาลนคร,เชียงใหม่
1368,เชียงใหม่,เมืองเชียงใหม่,เทศบาลเมือง,แม่เหียะ
1369,เชียงใหม่,เมืองเชียงใหม่,เทศบาลเมือง,สุเทพ
1370,เชียงใหม่,แม่แตง,เทศบาลเมือง,เมืองแกนพัฒนา
1371,เชียงใหม่,แม่ริม,เทศบาลเมือง,ดอนแก้ว
1372,เชียงใหม่,สันกำแพง,เทศบาลเมือง,ต้นเปา
1373,เชียงใหม่,สันทราย,เทศบาลเมือง,แม่โจ้
1374,เชียงใหม่,จอมทอง,เทศบาลตำบล,จอมทอง
1375,เชียงใหม่,จอมทอง,เทศบาลตำบล,ดอยแก้ว
1376,เชียงใหม่,จอมทอง,เทศบาลตำบล,บ้านแปะ
1377,เชียงใหม่,จอมทอง,เทศบาลตำบล,บ้านหลวง
1378,เชียงใหม่,จอมทอง,เทศบาลตำบล,แม่สอย
1379,เชียงใหม่,จอมทอง,เทศบาลตำบล,สบเตี๊ยะ
1380,เชียงใหม่,เชียงดาว,เทศบาลตำบล,เชียงดาว
1381,เชียงใหม่,เชียงดาว,เทศบาลตำบล,ทุ่งข้าวพวง
1382,เชียงใหม่,เชียงดาว,เทศบาลตำบล,ปิงโค้ง
1383,เชียงใหม่,เชียงดาว,เทศบาลตำบล,พระธาตุปู่ก่ำ
1384,เชียงใหม่,เชียงดาว,เทศบาลตำบล,เมืองงาย
1385,เชียงใหม่,เชียงดาว,เทศบาลตำบล,เมืองนะ
1386,เชียงใหม่,เชียงดาว,เทศบาลตำบล,แม่นะ
1387,เชียงใหม่,ไชยปราการ,เทศบาลตำบล,ไชยปราการ
1388,เชียงใหม่,ไชยปราการ,เทศบาลตำบล,ศรีดงเย็น
1389,เชียงใหม่,ไชยปราการ,เทศบาลตำบล,หนองบัว
1390,เชียงใหม่,ดอยเต่า,เทศบาลตำบล,ท่าเดื่อ-มืดกา
1391,เชียงใหม่,ดอยสะเก็ด,เทศบาลตำบล,เชิงดอย
1392,เชียงใหม่,ดอยสะเก็ด,เทศบาลตำบล,ดอยสะเก็ด
1393,เชียงใหม่,ดอยสะเก็ด,เทศบาลตำบล,ตลาดขวัญ
1394,เชียงใหม่,ดอยสะเก็ด,เทศบาลตำบล,ตลาดใหญ่
1395,เชียงใหม่,ดอยสะเก็ด,เทศบาลตำบล,ป่าป้อง
1396,เชียงใหม่,ดอยสะเก็ด,เทศบาลตำบล,ป่าเมี่ยง
1397,เชียงใหม่,ดอยสะเก็ด,เทศบาลตำบล,แม่คือ
1398,เชียงใหม่,ดอยสะเก็ด,เทศบาลตำบล,แม่โป่ง
1399,เชียงใหม่,ดอยสะเก็ด,เทศบาลตำบล,แม่ฮ้อยเงิน
1400,เชียงใหม่,ดอยสะเก็ด,เทศบาลตำบล,ลวงเหนือ
1401,เชียงใหม่,ดอยสะเก็ด,เทศบาลตำบล,สง่าบ้าน
1402,เชียงใหม่,ดอยสะเก็ด,เทศบาลตำบล,สันปูเลย
1403,เชียงใหม่,ดอยสะเก็ด,เทศบาลตำบล,สำราญราษฎร์
1404,เชียงใหม่,ดอยหล่อ,เทศบาลตำบล,ยางคราม
1405,เชียงใหม่,ดอยหล่อ,เทศบาลตำบล,สองแคว
1406,เชียงใหม่,ดอยหล่อ,เทศบาลตำบล,สันติสุข
1407,เชียงใหม่,ฝาง,เทศบาลตำบล,บ้านแม่ข่า
1408,เชียงใหม่,ฝาง,เทศบาลตำบล,แม่ข่า
1409,เชียงใหม่,ฝาง,เทศบาลตำบล,เวียงฝาง
1410,เชียงใหม่,ฝาง,เทศบาลตำบล,สันทราย
1411,เชียงใหม่,พร้าว,เทศบาลตำบล,เขื่อนผาก
1412,เชียงใหม่,พร้าว,เทศบาลตำบล,น้ำแพร่
1413,เชียงใหม่,พร้าว,เทศบาลตำบล,บ้านโป่ง
1414,เชียงใหม่,พร้าว,เทศบาลตำบล,ป่าตุ้ม
1415,เชียงใหม่,พร้าว,เทศบาลตำบล,ป่าไหน่
1416,เชียงใหม่,พร้าว,เทศบาลตำบล,แม่ปั๋ง
1417,เชียงใหม่,พร้าว,เทศบาลตำบล,เวียงพร้าว
1418,เชียงใหม่,เมืองเชียงใหม่,เทศบาลตำบล,ช้างเผือก
1419,เชียงใหม่,เมืองเชียงใหม่,เทศบาลตำบล,ท่าศาลา
1420,เชียงใหม่,เมืองเชียงใหม่,เทศบาลตำบล,ป่าแดด
1421,เชียงใหม่,เมืองเชียงใหม่,เทศบาลตำบล,ฟ้าฮ่าม
1422,เชียงใหม่,เมืองเชียงใหม่,เทศบาลตำบล,สันผีเสื้อ
1423,เชียงใหม่,เมืองเชียงใหม่,เทศบาลตำบล,หนองป่าครั่ง
1424,เชียงใหม่,เมืองเชียงใหม่,เทศบาลตำบล,หนองหอย
1425,เชียงใหม่,แม่แจ่ม,เทศบาลตำบล,ท่าผา
1426,เชียงใหม่,แม่แจ่ม,เทศบาลตำบล,แม่แจ่ม
1427,เชียงใหม่,แม่แตง,เทศบาลตำบล,จอมแจ้ง
1428,เชียงใหม่,แม่แตง,เทศบาลตำบล,บ้านเป้า
1429,เชียงใหม่,แม่แตง,เทศบาลตำบล,แม่แตง
1430,เชียงใหม่,แม่แตง,เทศบาลตำบล,แม่หอพระ
1431,เชียงใหม่,แม่แตง,เทศบาลตำบล,สันมหาพน
1432,เชียงใหม่,แม่แตง,เทศบาลตำบล,อินทขิล
1433,เชียงใหม่,แม่ริม,เทศบาลตำบล,ขี้เหล็ก
1434,เชียงใหม่,แม่ริม,เทศบาลตำบล,แม่ริม
1435,เชียงใหม่,แม่ริม,เทศบาลตำบล,แม่แรม
1436,เชียงใหม่,แม่ริม,เทศบาลตำบล,แม่สา
1437,เชียงใหม่,แม่ริม,เทศบาลตำบล,ริมเหนือ
1438,เชียงใหม่,แม่ริม,เทศบาลตำบล,สะลวง
1439,เชียงใหม่,แม่ริม,เทศบาลตำบล,สันโป่ง
1440,เชียงใหม่,แม่ริม,เทศบาลตำบล,เหมืองแก้ว
1441,เชียงใหม่,แม่วาง,เทศบาลตำบล,แม่วาง
1442,เชียงใหม่,แม่อาย,เทศบาลตำบล,ดอยลาง
1443,เชียงใหม่,แม่อาย,เทศบาลตำบล,แม่อาย
1444,เชียงใหม่,เวียงแหง,เทศบาลตำบล,แสนไห
1445,เชียงใหม่,สะเมิง,เทศบาลตำบล,แม่สาบ
1446,เชียงใหม่,สะเมิง,เทศบาลตำบล,สะเมิงใต้
1447,เชียงใหม่,สันกำแพง,เทศบาลตำบล,บวกค้าง
1448,เชียงใหม่,สันกำแพง,เทศบาลตำบล,แม่ปูคา
1449,เชียงใหม่,สันกำแพง,เทศบาลตำบล,ร้องวัวแดง
1450,เชียงใหม่,สันกำแพง,เทศบาลตำบล,สันกลาง
1451,เชียงใหม่,สันกำแพง,เทศบาลตำบล,สันกำแพง
1452,เชียงใหม่,สันกำแพง,เทศบาลตำบล,ห้วยทราย
1453,เชียงใหม่,สันกำแพง,เทศบาลตำบล,ออนใต้
1454,เชียงใหม่,สันทราย,เทศบาลตำบล,เจดีย์แม่ครัว
1455,เชียงใหม่,สันทราย,เทศบาลตำบล,ป่าไผ่
1456,เชียงใหม่,สันทราย,เทศบาลตำบล,เมืองเล็น
1457,เชียงใหม่,สันทราย,เทศบาลตำบล,แม่แฝก
1458,เชียงใหม่,สันทราย,เทศบาลตำบล,สันทรายหลวง
1459,เชียงใหม่,สันทราย,เทศบาลตำบล,สันนาเม็ง
1460,เชียงใหม่,สันทราย,เทศบาลตำบล,สันป่าเปา
1461,เชียงใหม่,สันทราย,เทศบาลตำบล,สันพระเนตร
1462,เชียงใหม่,สันทราย,เทศบาลตำบล,หนองจ๊อม
1463,เชียงใหม่,สันทราย,เทศบาลตำบล,หนองหาร
1464,เชียงใหม่,สันทราย,เทศบาลตำบล,หนองแหย่ง
1465,เชียงใหม่,สันป่าตอง,เทศบาลตำบล,ทุ่งต้อม
1466,เชียงใหม่,สันป่าตอง,เทศบาลตำบล,ทุ่งสะโตก
1467,เชียงใหม่,สันป่าตอง,เทศบาลตำบล,บ้านกลาง
1468,เชียงใหม่,สันป่าตอง,เทศบาลตำบล,บ้านแม
1469,เชียงใหม่,สันป่าตอง,เทศบาลตำบล,ยุหว่า
1470,เชียงใหม่,สันป่าตอง,เทศบาลตำบล,สันกลาง
1471,เชียงใหม่,สันป่าตอง,เทศบาลตำบล,สันป่าตอง
1472,เชียงใหม่,สารภี,เทศบาลตำบล,ขัวมุง
1473,เชียงใหม่,สารภี,เทศบาลตำบล,ชมภู
1474,เชียงใหม่,สารภี,เทศบาลตำบล,ไชยสถาน
1475,เชียงใหม่,สารภี,เทศบาลตำบล,ดอนแก้ว
1476,เชียงใหม่,สารภี,เทศบาลตำบล,ท่ากว้าง
1477,เชียงใหม่,สารภี,เทศบาลตำบล,ท่าวังตาล
1478,เชียงใหม่,สารภี,เทศบาลตำบล,ป่าบง
1479,เชียงใหม่,สารภี,เทศบาลตำบล,ยางเนิ้ง
1480,เชียงใหม่,สารภี,เทศบาลตำบล,สันทรายมหาวงศ์
1481,เชียงใหม่,สารภี,เทศบาลตำบล,สารภี
1482,เชียงใหม่,สารภี,เทศบาลตำบล,หนองผึ้ง
1483,เชียงใหม่,สารภี,เทศบาลตำบล,หนองแฝก
1484,เชียงใหม่,หางดง,เทศบาลตำบล,น้ำแพร่พัฒนา
1485,เชียงใหม่,หางดง,เทศบาลตำบล,บ้านปง
1486,เชียงใหม่,หางดง,เทศบาลตำบล,บ้านแหวน
1487,เชียงใหม่,หางดง,เทศบาลตำบล,แม่ท่าช้าง
1488,เชียงใหม่,หางดง,เทศบาลตำบล,สันผักหวาน
1489,เชียงใหม่,หางดง,เทศบาลตำบล,หนองแก๋ว
1490,เชียงใหม่,หางดง,เทศบาลตำบล,หนองควาย
1491,เชียงใหม่,หางดง,เทศบาลตำบล,หนองตองพัฒนา
1492,เชียงใหม่,หางดง,เทศบาลตำบล,หางดง
1493,เชียงใหม่,หางดง,เทศบาลตำบล,หารแก้ว
1494,เชียงใหม่,อมก๋อย,เทศบาลตำบล,แม่ตื่น
1495,เชียงใหม่,อมก๋อย,เทศบาลตำบล,อมก๋อย
1496,เชียงใหม่,ฮอด,เทศบาลตำบล,ท่าข้าม
1497,เชียงใหม่,ฮอด,เทศบาลตำบล,บ่อหลวง
1498,เชียงใหม่,ฮอด,เทศบาลตำบล,บ้านตาล
1499,เชียงใหม่,กัลยาณิวัฒนา,องค์การบริหารส่วนตำบล,แจ่มหลวง
1500,เชียงใหม่,กัลยาณิวัฒนา,องค์การบริหารส่วนตำบล,บ้านจันทร์
1501,เชียงใหม่,กัลยาณิวัฒนา,องค์การบริหารส่วนตำบล,แม่แดด
1502,เชียงใหม่,จอมทอง,องค์การบริหารส่วนตำบล,ข่วงเปา
1503,เชียงใหม่,เชียงดาว,องค์การบริหารส่วนตำบล,เชียงดาว
1504,เชียงใหม่,เชียงดาว,องค์การบริหารส่วนตำบล,เมืองคอง
1505,เชียงใหม่,ไชยปราการ,องค์การบริหารส่วนตำบล,แม่ทะลบ
1506,เชียงใหม่,ดอยเต่า,องค์การบริหารส่วนตำบล,ดอยเต่า
1507,เชียงใหม่,ดอยเต่า,องค์การบริหารส่วนตำบล,ท่าเดื่อ
1508,เชียงใหม่,ดอยเต่า,องค์การบริหารส่วนตำบล,บงตัน
1509,เชียงใหม่,ดอยเต่า,องค์การบริหารส่วนตำบล,บ้านแอ่น
1510,เชียงใหม่,ดอยเต่า,องค์การบริหารส่วนตำบล,โปงทุ่ง
1511,เชียงใหม่,ดอยสะเก็ด,องค์การบริหารส่วนตำบล,เทพเสด็จ
1512,เชียงใหม่,ดอยหล่อ,องค์การบริหารส่วนตำบล,ดอยหล่อ
1513,เชียงใหม่,ฝาง,องค์การบริหารส่วนตำบล,โป่งน้ำร้อน
1514,เชียงใหม่,ฝาง,องค์การบริหารส่วนตำบล,ม่อนปิ่น
1515,เชียงใหม่,ฝาง,องค์การบริหารส่วนตำบล,แม่คะ
1516,เชียงใหม่,ฝาง,องค์การบริหารส่วนตำบล,แม่งอน
1517,เชียงใหม่,ฝาง,องค์การบริหารส่วนตำบล,แม่สูน
1518,เชียงใหม่,ฝาง,องค์การบริหารส่วนตำบล,เวียง
1519,เชียงใหม่,พร้าว,องค์การบริหารส่วนตำบล,แม่แวน
1520,เชียงใหม่,พร้าว,องค์การบริหารส่วนตำบล,สันทราย
1521,เชียงใหม่,พร้าว,องค์การบริหารส่วนตำบล,โหล่งขอด
1522,เชียงใหม่,เมืองเชียงใหม่,องค์การบริหารส่วนตำบล,ช้างเผือก
1523,เชียงใหม่,แม่แจ่ม,องค์การบริหารส่วนตำบล,กองแขก
1524,เชียงใหม่,แม่แจ่ม,องค์การบริหารส่วนตำบล,ช่างเคิ่ง
1525,เชียงใหม่,แม่แจ่ม,องค์การบริหารส่วนตำบล,บ้านทับ
1526,เชียงใหม่,แม่แจ่ม,องค์การบริหารส่วนตำบล,ปางหินฝน
1527,เชียงใหม่,แม่แจ่ม,องค์การบริหารส่วนตำบล,แม่นาจร
1528,เชียงใหม่,แม่แจ่ม,องค์การบริหารส่วนตำบล,แม่ศึก
1529,เชียงใหม่,แม่แตง,องค์การบริหารส่วนตำบล,กื้ดช้าง
1530,เชียงใหม่,แม่แตง,องค์การบริหารส่วนตำบล,บ้านช้าง
1531,เชียงใหม่,แม่แตง,องค์การบริหารส่วนตำบล,ป่าแป๋
1532,เชียงใหม่,แม่แตง,องค์การบริหารส่วนตำบล,เมืองก๋าย
1533,เชียงใหม่,แม่แตง,องค์การบริหารส่วนตำบล,สบเปิง
1534,เชียงใหม่,แม่แตง,องค์การบริหารส่วนตำบล,สันป่ายาง
1535,เชียงใหม่,แม่ริม,องค์การบริหารส่วนตำบล,โป่งแยง
1536,เชียงใหม่,แม่ริม,องค์การบริหารส่วนตำบล,ห้วยทราย
1537,เชียงใหม่,แม่วาง,องค์การบริหารส่วนตำบล,ดอนเปา
1538,เชียงใหม่,แม่วาง,องค์การบริหารส่วนตำบล,ทุ่งปี๊
1539,เชียงใหม่,แม่วาง,องค์การบริหารส่วนตำบล,ทุ่งรวงทอง
1540,เชียงใหม่,แม่วาง,องค์การบริหารส่วนตำบล,บ้านกาด
1541,เชียงใหม่,แม่วาง,องค์การบริหารส่วนตำบล,แม่วิน
1542,เชียงใหม่,แม่ออน,องค์การบริหารส่วนตำบล,ทาเหนือ
1543,เชียงใหม่,แม่ออน,องค์การบริหารส่วนตำบล,บ้านสหกรณ์
1544,เชียงใหม่,แม่ออน,องค์การบริหารส่วนตำบล,แม่ทา
1545,เชียงใหม่,แม่ออน,องค์การบริหารส่วนตำบล,ห้วยแก้ว
1546,เชียงใหม่,แม่ออน,องค์การบริหารส่วนตำบล,ออนกลาง
1547,เชียงใหม่,แม่ออน,องค์การบริหารส่วนตำบล,ออนเหนือ
1548,เชียงใหม่,แม่อาย,องค์การบริหารส่วนตำบล,ท่าตอน
1549,เชียงใหม่,แม่อาย,องค์การบริหารส่วนตำบล,บ้านหลวง
1550,เชียงใหม่,แม่อาย,องค์การบริหารส่วนตำบล,แม่นาวาง
1551,เชียงใหม่,แม่อาย,องค์การบริหารส่วนตำบล,แม่สาว
1552,เชียงใหม่,แม่อาย,องค์การบริหารส่วนตำบล,สันต้นหมื้อ
1553,เชียงใหม่,เวียงแหง,องค์การบริหารส่วนตำบล,เปียงหลวง
1554,เชียงใหม่,เวียงแหง,องค์การบริหารส่วนตำบล,เมืองแหง
1555,เชียงใหม่,สะเมิง,องค์การบริหารส่วนตำบล,บ่อแก้ว
1556,เชียงใหม่,สะเมิง,องค์การบริหารส่วนตำบล,ยั้งเมิน
1557,เชียงใหม่,สะเมิง,องค์การบริหารส่วนตำบล,สะเมิงเหนือ
1558,เชียงใหม่,สันกำแพง,องค์การบริหารส่วนตำบล,แช่ช้าง
1559,เชียงใหม่,สันกำแพง,องค์การบริหารส่วนตำบล,สันกำแพง
1560,เชียงใหม่,สันป่าตอง,องค์การบริหารส่วนตำบล,ท่าวังพร้าว
1561,เชียงใหม่,สันป่าตอง,องค์การบริหารส่วนตำบล,น้ำบ่อหลวง
1562,เชียงใหม่,สันป่าตอง,องค์การบริหารส่วนตำบล,มะขามหลวง
1563,เชียงใหม่,สันป่าตอง,องค์การบริหารส่วนตำบล,มะขุนหวาน
1564,เชียงใหม่,สันป่าตอง,องค์การบริหารส่วนตำบล,แม่ก๊า
1565,เชียงใหม่,สันป่าตอง,องค์การบริหารส่วนตำบล,เวียงท่ากาน
1566,เชียงใหม่,หางดง,องค์การบริหารส่วนตำบล,ขุนคง
1567,เชียงใหม่,หางดง,องค์การบริหารส่วนตำบล,สบแม่ข่า
1568,เชียงใหม่,อมก๋อย,องค์การบริหารส่วนตำบล,นาเกียน
1569,เชียงใหม่,อมก๋อย,องค์การบริหารส่วนตำบล,ม่อนจอง
1570,เชียงใหม่,อมก๋อย,องค์การบริหารส่วนตำบล,แม่หลอง
1571,เชียงใหม่,อมก๋อย,องค์การบริหารส่วนตำบล,ยางเปียง
1572,เชียงใหม่,อมก๋อย,องค์การบริหารส่วนตำบล,อมก๋อย
1573,เชียงใหม่,ฮอด,องค์การบริหารส่วนตำบล,นาคอเรือ
1574,เชียงใหม่,ฮอด,องค์การบริหารส่วนตำบล,บ่อสลี
1575,เชียงใหม่,ฮอด,องค์การบริหารส่วนตำบล,หางดง
1576,เชียงใหม่,ฮอด,องค์การบริหารส่วนตำบล,ฮอด
1577,ตรัง,เมืองตรัง,องค์การบริหารส่วนจังหวัด,ตรัง
1578,ตรัง,เมืองตรัง,เทศบาลนคร,ตรัง
1579,ตรัง,กันตัง,เทศบาลเมือง,กันตัง
1580,ตรัง,กันตัง,เทศบาลตำบล,ควนธานี
1581,ตรัง,กันตัง,เทศบาลตำบล,บางเป้า
1582,ตรัง,นาโยง,เทศบาลตำบล,นาโยงเหนือ
1583,ตรัง,ปะเหลียน,เทศบาลตำบล,ท่าข้าม
1584,ตรัง,ปะเหลียน,เทศบาลตำบล,ท่าพญา
1585,ตรัง,ปะเหลียน,เทศบาลตำบล,ทุ่งยาว
1586,ตรัง,เมืองตรัง,เทศบาลตำบล,คลองเต็ง
1587,ตรัง,เมืองตรัง,เทศบาลตำบล,โคกหล่อ
1588,ตรัง,เมืองตรัง,เทศบาลตำบล,นาตาล่วง
1589,ตรัง,เมืองตรัง,เทศบาลตำบล,นาบินหลา
1590,ตรัง,ย่านตาขาว,เทศบาลตำบล,ควนโพธิ์
1591,ตรัง,ย่านตาขาว,เทศบาลตำบล,ทุ่งกระบือ
1592,ตรัง,ย่านตาขาว,เทศบาลตำบล,ย่านตาขาว
1593,ตรัง,รัษฎา,เทศบาลตำบล,คลองปาง
1594,ตรัง,วังวิเศษ,เทศบาลตำบล,วังวิเศษ
1595,ตรัง,สิเกา,เทศบาลตำบล,ควนกุน
1596,ตรัง,สิเกา,เทศบาลตำบล,นาเมืองเพชร
1597,ตรัง,สิเกา,เทศบาลตำบล,สิเกา
1598,ตรัง,ห้วยยอด,เทศบาลตำบล,ท่างิ้ว
1599,ตรัง,ห้วยยอด,เทศบาลตำบล,นาวง
1600,ตรัง,ห้วยยอด,เทศบาลตำบล,ลำภูรา
1601,ตรัง,ห้วยยอด,เทศบาลตำบล,ห้วยนาง
1602,ตรัง,ห้วยยอด,เทศบาลตำบล,ห้วยยอด
1603,ตรัง,หาดสำราญ,เทศบาลตำบล,หาดสำราญ
1604,ตรัง,กันตัง,องค์การบริหารส่วนตำบล,กันตังใต้
1605,ตรัง,กันตัง,องค์การบริหารส่วนตำบล,เกาะลิบง
1606,ตรัง,กันตัง,องค์การบริหารส่วนตำบล,คลองชีล้อม
1607,ตรัง,กันตัง,องค์การบริหารส่วนตำบล,คลองลุ
1608,ตรัง,กันตัง,องค์การบริหารส่วนตำบล,โคกยาง
1609,ตรัง,กันตัง,องค์การบริหารส่วนตำบล,นาเกลือ
1610,ตรัง,กันตัง,องค์การบริหารส่วนตำบล,บ่อน้ำร้อน
1611,ตรัง,กันตัง,องค์การบริหารส่วนตำบล,บางสัก
1612,ตรัง,กันตัง,องค์การบริหารส่วนตำบล,บางหมาก
1613,ตรัง,กันตัง,องค์การบริหารส่วนตำบล,ย่านซื่อ
1614,ตรัง,กันตัง,องค์การบริหารส่วนตำบล,วังวน
1615,ตรัง,นาโยง,องค์การบริหารส่วนตำบล,โคกสะบ้า
1616,ตรัง,นาโยง,องค์การบริหารส่วนตำบล,ช่อง
1617,ตรัง,นาโยง,องค์การบริหารส่วนตำบล,นาข้าวเสีย
1618,ตรัง,นาโยง,องค์การบริหารส่วนตำบล,นาโยงเหนือ
1619,ตรัง,นาโยง,องค์การบริหารส่วนตำบล,นาหมื่นศรี
1620,ตรัง,นาโยง,องค์การบริหารส่วนตำบล,ละมอ
1621,ตรัง,ปะเหลียน,องค์การบริหารส่วนตำบล,เกาะสุกร
1622,ตรัง,ปะเหลียน,องค์การบริหารส่วนตำบล,ท่าข้าม
1623,ตรัง,ปะเหลียน,องค์การบริหารส่วนตำบล,ทุ่งยาว
1624,ตรัง,ปะเหลียน,องค์การบริหารส่วนตำบล,บางด้วน
1625,ตรัง,ปะเหลียน,องค์การบริหารส่วนตำบล,บ้านนา
1626,ตรัง,ปะเหลียน,องค์การบริหารส่วนตำบล,ปะเหลียน
1627,ตรัง,ปะเหลียน,องค์การบริหารส่วนตำบล,ลิพัง
1628,ตรัง,ปะเหลียน,องค์การบริหารส่วนตำบล,สุโสะ
1629,ตรัง,ปะเหลียน,องค์การบริหารส่วนตำบล,แหลมสอม
1630,ตรัง,เมืองตรัง,องค์การบริหารส่วนตำบล,ควนปริง
1631,ตรัง,เมืองตรัง,องค์การบริหารส่วนตำบล,นาโต๊ะหมิง
1632,ตรัง,เมืองตรัง,องค์การบริหารส่วนตำบล,นาท่ามใต้
1633,ตรัง,เมืองตรัง,องค์การบริหารส่วนตำบล,นาท่ามเหนือ
1634,ตรัง,เมืองตรัง,องค์การบริหารส่วนตำบล,นาพละ
1635,ตรัง,เมืองตรัง,องค์การบริหารส่วนตำบล,นาโยงใต้
1636,ตรัง,เมืองตรัง,องค์การบริหารส่วนตำบล,น้ำผุด
1637,ตรัง,เมืองตรัง,องค์การบริหารส่วนตำบล,บางรัก
1638,ตรัง,เมืองตรัง,องค์การบริหารส่วนตำบล,บ้านควน
1639,ตรัง,เมืองตรัง,องค์การบริหารส่วนตำบล,บ้านโพธิ์
1640,ตรัง,เมืองตรัง,องค์การบริหารส่วนตำบล,หนองตรุด
1641,ตรัง,ย่านตาขาว,องค์การบริหารส่วนตำบล,เกาะเปียะ
1642,ตรัง,ย่านตาขาว,องค์การบริหารส่วนตำบล,ทุ่งค่าย
1643,ตรัง,ย่านตาขาว,องค์การบริหารส่วนตำบล,นาชุมเห็ด
1644,ตรัง,ย่านตาขาว,องค์การบริหารส่วนตำบล,ในควน
1645,ตรัง,ย่านตาขาว,องค์การบริหารส่วนตำบล,โพรงจระเข้
1646,ตรัง,ย่านตาขาว,องค์การบริหารส่วนตำบล,หนองบ่อ
1647,ตรัง,รัษฎา,องค์การบริหารส่วนตำบล,เขาไพร
1648,ตรัง,รัษฎา,องค์การบริหารส่วนตำบล,คลองปาง
1649,ตรัง,รัษฎา,องค์การบริหารส่วนตำบล,ควนเมา
1650,ตรัง,รัษฎา,องค์การบริหารส่วนตำบล,หนองบัว
1651,ตรัง,รัษฎา,องค์การบริหารส่วนตำบล,หนองปรือ
1652,ตรัง,วังวิเศษ,องค์การบริหารส่วนตำบล,เขาวิเศษ
1653,ตรัง,วังวิเศษ,องค์การบริหารส่วนตำบล,ท่าสะบ้า
1654,ตรัง,วังวิเศษ,องค์การบริหารส่วนตำบล,วังมะปราง
1655,ตรัง,วังวิเศษ,องค์การบริหารส่วนตำบล,วังมะปรางเหนือ
1656,ตรัง,วังวิเศษ,องค์การบริหารส่วนตำบล,อ่าวตง
1657,ตรัง,สิเกา,องค์การบริหารส่วนตำบล,กะลาเส
1658,ตรัง,สิเกา,องค์การบริหารส่วนตำบล,เขาไม้แก้ว
1659,ตรัง,สิเกา,องค์การบริหารส่วนตำบล,บ่อหิน
1660,ตรัง,สิเกา,องค์การบริหารส่วนตำบล,ไม้ฝาด
1661,ตรัง,ห้วยยอด,องค์การบริหารส่วนตำบล,เขากอบ
1662,ตรัง,ห้วยยอด,องค์การบริหารส่วนตำบล,เขาขาว
1663,ตรัง,ห้วยยอด,องค์การบริหารส่วนตำบล,เขาปูน
1664,ตรัง,ห้วยยอด,องค์การบริหารส่วนตำบล,ทุ่งต่อ
1665,ตรัง,ห้วยยอด,องค์การบริหารส่วนตำบล,นาวง
1666,ตรัง,ห้วยยอด,องค์การบริหารส่วนตำบล,ในเตา
1667,ตรัง,ห้วยยอด,องค์การบริหารส่วนตำบล,บางกุ้ง
1668,ตรัง,ห้วยยอด,องค์การบริหารส่วนตำบล,บางดี
1669,ตรัง,ห้วยยอด,องค์การบริหารส่วนตำบล,ปากคม
1670,ตรัง,ห้วยยอด,องค์การบริหารส่วนตำบล,ปากแจ่ม
1671,ตรัง,ห้วยยอด,องค์การบริหารส่วนตำบล,ลำภูรา
1672,ตรัง,ห้วยยอด,องค์การบริหารส่วนตำบล,วังคีรี
1673,ตรัง,ห้วยยอด,องค์การบริหารส่วนตำบล,หนองช้างแล่น
1674,ตรัง,ห้วยยอด,องค์การบริหารส่วนตำบล,ห้วยยอด
1675,ตรัง,หาดสำราญ,องค์การบริหารส่วนตำบล,ตะเสะ
1676,ตรัง,หาดสำราญ,องค์การบริหารส่วนตำบล,บ้าหวี
1677,ตราด,เมืองตราด,องค์การบริหารส่วนจังหวัด,ตราด
1678,ตราด,เมืองตราด,เทศบาลเมือง,ตราด
1679,ตราด,เกาะช้าง,เทศบาลตำบล,เกาะช้าง
1680,ตราด,เกาะช้าง,เทศบาลตำบล,เกาะช้างใต้
1681,ตราด,เขาสมิง,เทศบาลตำบล,เขาสมิง
1682,ตราด,เขาสมิง,เทศบาลตำบล,แสนตุ้ง
1683,ตราด,คลองใหญ่,เทศบาลตำบล,คลองใหญ่
1684,ตราด,คลองใหญ่,เทศบาลตำบล,หาดเล็ก
1685,ตราด,บ่อไร่,เทศบาลตำบล,บ่อพลอย
1686,ตราด,บ่อไร่,เทศบาลตำบล,หนองบอน
1687,ตราด,เมืองตราด,เทศบาลตำบล,ชำราก
1688,ตราด,เมืองตราด,เทศบาลตำบล,ตะกาง
1689,ตราด,เมืองตราด,เทศบาลตำบล,ท่าพริกเนินทราย
1690,ตราด,เมืองตราด,เทศบาลตำบล,หนองเสม็ด
1691,ตราด,แหลมงอบ,เทศบาลตำบล,น้ำเชี่ยว
1692,ตราด,แหลมงอบ,เทศบาลตำบล,แหลมงอบ
1693,ตราด,เกาะกูด,องค์การบริหารส่วนตำบล,เกาะกูด
1694,ตราด,เกาะกูด,องค์การบริหารส่วนตำบล,เกาะหมาก
1695,ตราด,เขาสมิง,องค์การบริหารส่วนตำบล,เขาสมิง
1696,ตราด,เขาสมิง,องค์การบริหารส่วนตำบล,ท่าโสม
1697,ตราด,เขาสมิง,องค์การบริหารส่วนตำบล,ทุ่งนนทรี
1698,ตราด,เขาสมิง,องค์การบริหารส่วนตำบล,เทพนิมิต
1699,ตราด,เขาสมิง,องค์การบริหารส่วนตำบล,ประณีต
1700,ตราด,เขาสมิง,องค์การบริหารส่วนตำบล,วังตะเคียน
1701,ตราด,เขาสมิง,องค์การบริหารส่วนตำบล,สะตอ
1702,ตราด,เขาสมิง,องค์การบริหารส่วนตำบล,แสนตุ้ง
1703,ตราด,คลองใหญ่,องค์การบริหารส่วนตำบล,คลองใหญ่
1704,ตราด,คลองใหญ่,องค์การบริหารส่วนตำบล,ไม้รูด
1705,ตราด,บ่อไร่,องค์การบริหารส่วนตำบล,ช้างทูน
1706,ตราด,บ่อไร่,องค์การบริหารส่วนตำบล,ด่านชุมพล
1707,ตราด,บ่อไร่,องค์การบริหารส่วนตำบล,นนทรีย์
1708,ตราด,บ่อไร่,องค์การบริหารส่วนตำบล,บ่อพลอย
1709,ตราด,เมืองตราด,องค์การบริหารส่วนตำบล,ท่ากุ่ม
1710,ตราด,เมืองตราด,องค์การบริหารส่วนตำบล,เนินทราย
1711,ตราด,เมืองตราด,องค์การบริหารส่วนตำบล,วังกระแจะ
1712,ตราด,เมืองตราด,องค์การบริหารส่วนตำบล,หนองคันทรง
1713,ตราด,เมืองตราด,องค์การบริหารส่วนตำบล,หนองโสน
1714,ตราด,เมืองตราด,องค์การบริหารส่วนตำบล,ห้วงน้ำขาว
1715,ตราด,เมืองตราด,องค์การบริหารส่วนตำบล,ห้วยแร้ง
1716,ตราด,เมืองตราด,องค์การบริหารส่วนตำบล,แหลมกลัด
1717,ตราด,เมืองตราด,องค์การบริหารส่วนตำบล,อ่าวใหญ่
1718,ตราด,แหลมงอบ,องค์การบริหารส่วนตำบล,คลองใหญ่
1719,ตราด,แหลมงอบ,องค์การบริหารส่วนตำบล,บางปิด
1720,ตราด,แหลมงอบ,องค์การบริหารส่วนตำบล,แหลมงอบ
1721,ตาก,เมืองตาก,องค์การบริหารส่วนจังหวัด,ตาก
1722,ตาก,แม่สอด,เทศบาลนคร,แม่สอด
1723,ตาก,เมืองตาก,เทศบาลเมือง,ตาก
1724,ตาก,ท่าสองยาง,เทศบาลตำบล,แม่ต้าน
1725,ตาก,บ้านตาก,เทศบาลตำบล,ทุ่งกระเชาะ
1726,ตาก,บ้านตาก,เทศบาลตำบล,บ้านตาก
1727,ตาก,พบพระ,เทศบาลตำบล,พบพระ
1728,ตาก,เมืองตาก,เทศบาลตำบล,ไม้งาม
1729,ตาก,เมืองตาก,เทศบาลตำบล,หนองบัวใต้
1730,ตาก,แม่ระมาด,เทศบาลตำบล,ทุ่งหลวง
1731,ตาก,แม่ระมาด,เทศบาลตำบล,แม่จะเรา
1732,ตาก,แม่ระมาด,เทศบาลตำบล,แม่ระมาด
1733,ตาก,แม่สอด,เทศบาลตำบล,ท่าสายลวด
1734,ตาก,แม่สอด,เทศบาลตำบล,แม่กุ
1735,ตาก,แม่สอด,เทศบาลตำบล,แม่ตาว
1736,ตาก,วังเจ้า,เทศบาลตำบล,วังเจ้า
1737,ตาก,สามเงา,เทศบาลตำบล,สามเงา
1738,ตาก,อุ้มผาง,เทศบาลตำบล,แม่กลอง
1739,ตาก,อุ้มผาง,เทศบาลตำบล,แม่จัน
1740,ตาก,อุ้มผาง,เทศบาลตำบล,อุ้มผาง
1741,ตาก,ท่าสองยาง,องค์การบริหารส่วนตำบล,ท่าสองยาง
1742,ตาก,ท่าสองยาง,องค์การบริหารส่วนตำบล,แม่ต้าน
1743,ตาก,ท่าสองยาง,องค์การบริหารส่วนตำบล,แม่วะหลวง
1744,ตาก,ท่าสองยาง,องค์การบริหารส่วนตำบล,แม่สอง
1745,ตาก,ท่าสองยาง,องค์การบริหารส่วนตำบล,แม่หละ
1746,ตาก,ท่าสองยาง,องค์การบริหารส่วนตำบล,แม่อุสุ
1747,ตาก,บ้านตาก,องค์การบริหารส่วนตำบล,เกาะตะเภา
1748,ตาก,บ้านตาก,องค์การบริหารส่วนตำบล,ตากตก
1749,ตาก,บ้านตาก,องค์การบริหารส่วนตำบล,ตากออก
1750,ตาก,บ้านตาก,องค์การบริหารส่วนตำบล,ท้องฟ้า
1751,ตาก,บ้านตาก,องค์การบริหารส่วนตำบล,แม่สลิด
1752,ตาก,บ้านตาก,องค์การบริหารส่วนตำบล,สมอโคน
1753,ตาก,พบพระ,องค์การบริหารส่วนตำบล,คีรีราษฎร์
1754,ตาก,พบพระ,องค์การบริหารส่วนตำบล,ช่องแคบ
1755,ตาก,พบพระ,องค์การบริหารส่วนตำบล,พบพระ
1756,ตาก,พบพระ,องค์การบริหารส่วนตำบล,รวมไทยพัฒนา
1757,ตาก,พบพระ,องค์การบริหารส่วนตำบล,วาเล่ย์
1758,ตาก,เมืองตาก,องค์การบริหารส่วนตำบล,ตลุกกลางทุ่ง
1759,ตาก,เมืองตาก,องค์การบริหารส่วนตำบล,น้ำรึม
1760,ตาก,เมืองตาก,องค์การบริหารส่วนตำบล,ป่ามะม่วง
1761,ตาก,เมืองตาก,องค์การบริหารส่วนตำบล,โป่งแดง
1762,ตาก,เมืองตาก,องค์การบริหารส่วนตำบล,แม่ท้อ
1763,ตาก,เมืองตาก,องค์การบริหารส่วนตำบล,วังประจบ
1764,ตาก,เมืองตาก,องค์การบริหารส่วนตำบล,วังหิน
1765,ตาก,เมืองตาก,องค์การบริหารส่วนตำบล,หนองบัวเหนือ
1766,ตาก,แม่ระมาด,องค์การบริหารส่วนตำบล,ขะเนจื้อ
1767,ตาก,แม่ระมาด,องค์การบริหารส่วนตำบล,พระธาตุ
1768,ตาก,แม่ระมาด,องค์การบริหารส่วนตำบล,แม่ตื่น
1769,ตาก,แม่ระมาด,องค์การบริหารส่วนตำบล,แม่ระมาด
1770,ตาก,แม่ระมาด,องค์การบริหารส่วนตำบล,สามหมื่น
1771,ตาก,แม่สอด,องค์การบริหารส่วนตำบล,ด่านแม่ละเมา
1772,ตาก,แม่สอด,องค์การบริหารส่วนตำบล,ท่าสายลวด
1773,ตาก,แม่สอด,องค์การบริหารส่วนตำบล,พระธาตุผาแดง
1774,ตาก,แม่สอด,องค์การบริหารส่วนตำบล,พะวอ
1775,ตาก,แม่สอด,องค์การบริหารส่วนตำบล,มหาวัน
1776,ตาก,แม่สอด,องค์การบริหารส่วนตำบล,แม่กาษา
1777,ตาก,แม่สอด,องค์การบริหารส่วนตำบล,แม่กุ
1778,ตาก,แม่สอด,องค์การบริหารส่วนตำบล,แม่ปะ
1779,ตาก,วังเจ้า,องค์การบริหารส่วนตำบล,เชียงทอง
1780,ตาก,วังเจ้า,องค์การบริหารส่วนตำบล,นาโบสถ์
1781,ตาก,วังเจ้า,องค์การบริหารส่วนตำบล,ประดาง
1782,ตาก,สามเงา,องค์การบริหารส่วนตำบล,บ้านนา
1783,ตาก,สามเงา,องค์การบริหารส่วนตำบล,ยกกระบัตร
1784,ตาก,สามเงา,องค์การบริหารส่วนตำบล,ย่านรี
1785,ตาก,สามเงา,องค์การบริหารส่วนตำบล,วังจันทร์
1786,ตาก,สามเงา,องค์การบริหารส่วนตำบล,วังหมัน
1787,ตาก,สามเงา,องค์การบริหารส่วนตำบล,สามเงา
1788,ตาก,อุ้มผาง,องค์การบริหารส่วนตำบล,โมโกร
1789,ตาก,อุ้มผาง,องค์การบริหารส่วนตำบล,อุ้มผาง
1790,นครนายก,เมืองนครนายก,องค์การบริหารส่วนจังหวัด,นครนายก
1791,นครนายก,เมืองนครนายก,เทศบาลเมือง,นครนายก
1792,นครนายก,บ้านนา,เทศบาลตำบล,บ้านนา
1793,นครนายก,บ้านนา,เทศบาลตำบล,พิกุลออก
1794,นครนายก,ปากพลี,เทศบาลตำบล,เกาะหวาย
1795,นครนายก,เมืองนครนายก,เทศบาลตำบล,ท่าช้าง
1796,นครนายก,องครักษ์,เทศบาลตำบล,ทรายมูล
1797,นครนายก,องครักษ์,เทศบาลตำบล,บางสมบูรณ์
1798,นครนายก,องครักษ์,เทศบาลตำบล,องครักษ์
1799,นครนายก,บ้านนา,องค์การบริหารส่วนตำบล,เขาเพิ่ม
1800,นครนายก,บ้านนา,องค์การบริหารส่วนตำบล,ทองหลาง
1801,นครนายก,บ้านนา,องค์การบริหารส่วนตำบล,บางอ้อ
1802,นครนายก,บ้านนา,องค์การบริหารส่วนตำบล,บ้านนา
1803,นครนายก,บ้านนา,องค์การบริหารส่วนตำบล,บ้านพร้าว
1804,นครนายก,บ้านนา,องค์การบริหารส่วนตำบล,บ้านพริก
1805,นครนายก,บ้านนา,องค์การบริหารส่วนตำบล,ป่าขะ
1806,นครนายก,บ้านนา,องค์การบริหารส่วนตำบล,ศรีกะอาง
1807,นครนายก,บ้านนา,องค์การบริหารส่วนตำบล,อาษา
1808,นครนายก,ปากพลี,องค์การบริหารส่วนตำบล,เกาะโพธิ์
1809,นครนายก,ปากพลี,องค์การบริหารส่วนตำบล,เกาะหวาย
1810,นครนายก,ปากพลี,องค์การบริหารส่วนตำบล,โคกกรวด
1811,นครนายก,ปากพลี,องค์การบริหารส่วนตำบล,ท่าเรือ
1812,นครนายก,ปากพลี,องค์การบริหารส่วนตำบล,นาหินลาด
1813,นครนายก,ปากพลี,องค์การบริหารส่วนตำบล,ปากพลี
1814,นครนายก,ปากพลี,องค์การบริหารส่วนตำบล,หนองแสง
1815,นครนายก,เมืองนครนายก,องค์การบริหารส่วนตำบล,เขาพระ
1816,นครนายก,เมืองนครนายก,องค์การบริหารส่วนตำบล,ดงละคร
1817,นครนายก,เมืองนครนายก,องค์การบริหารส่วนตำบล,ดอนยอ
1818,นครนายก,เมืองนครนายก,องค์การบริหารส่วนตำบล,ท่าช้าง
1819,นครนายก,เมืองนครนายก,องค์การบริหารส่วนตำบล,ท่าทราย
1820,นครนายก,เมืองนครนายก,องค์การบริหารส่วนตำบล,บ้านใหญ่
1821,นครนายก,เมืองนครนายก,องค์การบริหารส่วนตำบล,พรหมณี
1822,นครนายก,เมืองนครนายก,องค์การบริหารส่วนตำบล,วังกระโจม
1823,นครนายก,เมืองนครนายก,องค์การบริหารส่วนตำบล,ศรีจุฬา
1824,นครนายก,เมืองนครนายก,องค์การบริหารส่วนตำบล,ศรีนาวา
1825,นครนายก,เมืองนครนายก,องค์การบริหารส่วนตำบล,สาริกา
1826,นครนายก,เมืองนครนายก,องค์การบริหารส่วนตำบล,หินตั้ง
1827,นครนายก,องครักษ์,องค์การบริหารส่วนตำบล,คลองใหญ่
1828,นครนายก,องครักษ์,องค์การบริหารส่วนตำบล,ชุมพล
1829,นครนายก,องครักษ์,องค์การบริหารส่วนตำบล,บางปลากด
1830,นครนายก,องครักษ์,องค์การบริหารส่วนตำบล,บางลูกเสือ
1831,นครนายก,องครักษ์,องค์การบริหารส่วนตำบล,บึงศาล
1832,นครนายก,องครักษ์,องค์การบริหารส่วนตำบล,พระอาจารย์
1833,นครนายก,องครักษ์,องค์การบริหารส่วนตำบล,โพธิ์แทน
1834,นครนายก,องครักษ์,องค์การบริหารส่วนตำบล,ศีรษะกระบือ
1835,นครนายก,องครักษ์,องค์การบริหารส่วนตำบล,องครักษ์
1836,นครปฐม,เมืองนครปฐม,องค์การบริหารส่วนจังหวัด,นครปฐม
1837,นครปฐม,เมืองนครปฐม,เทศบาลนคร,นครปฐม
1838,นครปฐม,พุทธมณฑล,เทศบาลเมือง,คลองโยง
1839,นครปฐม,เมืองนครปฐม,เทศบาลเมือง,ทัพหลวง
1840,นครปฐม,เมืองนครปฐม,เทศบาลเมือง,นครปฐม
1841,นครปฐม,เมืองนครปฐม,เทศบาลเมือง,สามควายเผือก
1842,นครปฐม,สามพราน,เทศบาลเมือง,กระทุ่มล้ม
1843,นครปฐม,สามพราน,เทศบาลเมือง,ไร่ขิง
1844,นครปฐม,สามพราน,เทศบาลเมือง,สามพราน
1845,นครปฐม,กำแพงแสน,เทศบาลตำบล,กำแพงแสน
1846,นครปฐม,กำแพงแสน,เทศบาลตำบล,เกษตรกำแพงแสน
1847,นครปฐม,กำแพงแสน,เทศบาลตำบล,ทุ่งกระพังโหม
1848,นครปฐม,กำแพงแสน,เทศบาลตำบล,ทุ่งบัว
1849,นครปฐม,ดอนตูม,เทศบาลตำบล,ลำเหย
1850,นครปฐม,ดอนตูม,เทศบาลตำบล,สามง่าม
1851,นครปฐม,นครชัยศรี,เทศบาลตำบล,ขุนแก้ว
1852,นครปฐม,นครชัยศรี,เทศบาลตำบล,งิ้วราย
1853,นครปฐม,นครชัยศรี,เทศบาลตำบล,นครชัยศรี
1854,นครปฐม,นครชัยศรี,เทศบาลตำบล,ศีรษะทอง
1855,นครปฐม,นครชัยศรี,เทศบาลตำบล,ห้วยพลู
1856,นครปฐม,บางเลน,เทศบาลตำบล,บางปลา
1857,นครปฐม,บางเลน,เทศบาลตำบล,บางเลน
1858,นครปฐม,บางเลน,เทศบาลตำบล,บางหลวง
1859,นครปฐม,บางเลน,เทศบาลตำบล,ไผ่หูช้าง
1860,นครปฐม,บางเลน,เทศบาลตำบล,รางกระทุ่ม
1861,นครปฐม,บางเลน,เทศบาลตำบล,ลำพญา
1862,นครปฐม,พุทธมณฑล,เทศบาลตำบล,มหาสวัสดิ์
1863,นครปฐม,พุทธมณฑล,เทศบาลตำบล,ศาลายา
1864,นครปฐม,เมืองนครปฐม,เทศบาลตำบล,ดอนยายหอม
1865,นครปฐม,เมืองนครปฐม,เทศบาลตำบล,ตาก้อง
1866,นครปฐม,เมืองนครปฐม,เทศบาลตำบล,ทุ่งน้อย
1867,นครปฐม,เมืองนครปฐม,เทศบาลตำบล,ธรรมศาลา
1868,นครปฐม,เมืองนครปฐม,เทศบาลตำบล,บ่อพลับ
1869,นครปฐม,เมืองนครปฐม,เทศบาลตำบล,โพรงมะเดื่อ
1870,นครปฐม,เมืองนครปฐม,เทศบาลตำบล,มาบแค
1871,นครปฐม,เมืองนครปฐม,เทศบาลตำบล,หุบรัก
1872,นครปฐม,สามพราน,เทศบาลตำบล,คลองจินดา
1873,นครปฐม,สามพราน,เทศบาลตำบล,บางกระทึก
1874,นครปฐม,สามพราน,เทศบาลตำบล,อ้อมใหญ่
1875,นครปฐม,กำแพงแสน,องค์การบริหารส่วนตำบล,กระตีบ
1876,นครปฐม,กำแพงแสน,องค์การบริหารส่วนตำบล,ดอนข่อย
1877,นครปฐม,กำแพงแสน,องค์การบริหารส่วนตำบล,ทุ่งขวาง
1878,นครปฐม,กำแพงแสน,องค์การบริหารส่วนตำบล,ทุ่งลูกนก
1879,นครปฐม,กำแพงแสน,องค์การบริหารส่วนตำบล,รางพิกุล
1880,นครปฐม,กำแพงแสน,องค์การบริหารส่วนตำบล,วังน้ำเขียว
1881,นครปฐม,กำแพงแสน,องค์การบริหารส่วนตำบล,สระพัฒนา
1882,นครปฐม,กำแพงแสน,องค์การบริหารส่วนตำบล,สระสี่มุม
1883,นครปฐม,กำแพงแสน,องค์การบริหารส่วนตำบล,หนองกระทุ่ม
1884,นครปฐม,กำแพงแสน,องค์การบริหารส่วนตำบล,ห้วยขวาง
1885,นครปฐม,กำแพงแสน,องค์การบริหารส่วนตำบล,ห้วยม่วง
1886,นครปฐม,กำแพงแสน,องค์การบริหารส่วนตำบล,ห้วยหมอนทอง
1887,นครปฐม,ดอนตูม,องค์การบริหารส่วนตำบล,ดอนพุทรา
1888,นครปฐม,ดอนตูม,องค์การบริหารส่วนตำบล,ดอนรวก
1889,นครปฐม,ดอนตูม,องค์การบริหารส่วนตำบล,บ้านหลวง
1890,นครปฐม,ดอนตูม,องค์การบริหารส่วนตำบล,ห้วยด้วน
1891,นครปฐม,ดอนตูม,องค์การบริหารส่วนตำบล,ห้วยพระ
1892,นครปฐม,นครชัยศรี,องค์การบริหารส่วนตำบล,โคกพระเจดีย์
1893,นครปฐม,นครชัยศรี,องค์การบริหารส่วนตำบล,ดอนแฝก
1894,นครปฐม,นครชัยศรี,องค์การบริหารส่วนตำบล,ท่ากระชับ
1895,นครปฐม,นครชัยศรี,องค์การบริหารส่วนตำบล,ท่าตำหนัก
1896,นครปฐม,นครชัยศรี,องค์การบริหารส่วนตำบล,ท่าพระยา
1897,นครปฐม,นครชัยศรี,องค์การบริหารส่วนตำบล,ไทยาวาส
1898,นครปฐม,นครชัยศรี,องค์การบริหารส่วนตำบล,นครชัยศรี
1899,นครปฐม,นครชัยศรี,องค์การบริหารส่วนตำบล,บางแก้ว
1900,นครปฐม,นครชัยศรี,องค์การบริหารส่วนตำบล,บางแก้วฟ้า
1901,นครปฐม,นครชัยศรี,องค์การบริหารส่วนตำบล,บางพระ
1902,นครปฐม,นครชัยศรี,องค์การบริหารส่วนตำบล,บางระกำ
1903,นครปฐม,นครชัยศรี,องค์การบริหารส่วนตำบล,พะเนียด
1904,นครปฐม,นครชัยศรี,องค์การบริหารส่วนตำบล,ลานตากฟ้า
1905,นครปฐม,นครชัยศรี,องค์การบริหารส่วนตำบล,วัดแค
1906,นครปฐม,นครชัยศรี,องค์การบริหารส่วนตำบล,วัดละมุด
1907,นครปฐม,นครชัยศรี,องค์การบริหารส่วนตำบล,วัดสำโรง
1908,นครปฐม,นครชัยศรี,องค์การบริหารส่วนตำบล,ศรีมหาโพธิ์
1909,นครปฐม,นครชัยศรี,องค์การบริหารส่วนตำบล,สัมปทวน
1910,นครปฐม,นครชัยศรี,องค์การบริหารส่วนตำบล,ห้วยพลู
1911,นครปฐม,นครชัยศรี,องค์การบริหารส่วนตำบล,แหลมบัว
1912,นครปฐม,บางเลน,องค์การบริหารส่วนตำบล,คลองนกกระทุง
1913,นครปฐม,บางเลน,องค์การบริหารส่วนตำบล,ดอนตูม
1914,นครปฐม,บางเลน,องค์การบริหารส่วนตำบล,ไทรงาม
1915,นครปฐม,บางเลน,องค์การบริหารส่วนตำบล,นราภิรมย์
1916,นครปฐม,บางเลน,องค์การบริหารส่วนตำบล,นิลเพชร
1917,นครปฐม,บางเลน,องค์การบริหารส่วนตำบล,บัวปากท่า
1918,นครปฐม,บางเลน,องค์การบริหารส่วนตำบล,บางไทรป่า
1919,นครปฐม,บางเลน,องค์การบริหารส่วนตำบล,บางภาษี
1920,นครปฐม,บางเลน,องค์การบริหารส่วนตำบล,บางระกำ
1921,นครปฐม,บางเลน,องค์การบริหารส่วนตำบล,บางเลน
1922,นครปฐม,บางเลน,องค์การบริหารส่วนตำบล,บางหลวง
1923,นครปฐม,บางเลน,องค์การบริหารส่วนตำบล,ลำพญา
1924,นครปฐม,บางเลน,องค์การบริหารส่วนตำบล,หินมูล
1925,นครปฐม,พุทธมณฑล,องค์การบริหารส่วนตำบล,ศาลายา
1926,นครปฐม,เมืองนครปฐม,องค์การบริหารส่วนตำบล,ดอนยายหอม
1927,นครปฐม,เมืองนครปฐม,องค์การบริหารส่วนตำบล,ถนนขาด
1928,นครปฐม,เมืองนครปฐม,องค์การบริหารส่วนตำบล,ธรรมศาลา
1929,นครปฐม,เมืองนครปฐม,องค์การบริหารส่วนตำบล,บางแขม
1930,นครปฐม,เมืองนครปฐม,องค์การบริหารส่วนตำบล,บ้านยาง
1931,นครปฐม,เมืองนครปฐม,องค์การบริหารส่วนตำบล,พระประโทน
1932,นครปฐม,เมืองนครปฐม,องค์การบริหารส่วนตำบล,ลำพยา
1933,นครปฐม,เมืองนครปฐม,องค์การบริหารส่วนตำบล,วังตะกู
1934,นครปฐม,เมืองนครปฐม,องค์การบริหารส่วนตำบล,วังเย็น
1935,นครปฐม,เมืองนครปฐม,องค์การบริหารส่วนตำบล,สนามจันทร์
1936,นครปฐม,เมืองนครปฐม,องค์การบริหารส่วนตำบล,สระกะเทียม
1937,นครปฐม,เมืองนครปฐม,องค์การบริหารส่วนตำบล,สวนป่าน
1938,นครปฐม,เมืองนครปฐม,องค์การบริหารส่วนตำบล,หนองงูเหลือม
1939,นครปฐม,เมืองนครปฐม,องค์การบริหารส่วนตำบล,หนองดินแดง
1940,นครปฐม,เมืองนครปฐม,องค์การบริหารส่วนตำบล,หนองปากโลง
1941,นครปฐม,เมืองนครปฐม,องค์การบริหารส่วนตำบล,ห้วยจรเข้
1942,นครปฐม,สามพราน,องค์การบริหารส่วนตำบล,คลองใหม่
1943,นครปฐม,สามพราน,องค์การบริหารส่วนตำบล,ตลาดจินดา
1944,นครปฐม,สามพราน,องค์การบริหารส่วนตำบล,ทรงคนอง
1945,นครปฐม,สามพราน,องค์การบริหารส่วนตำบล,ท่าข้าม
1946,นครปฐม,สามพราน,องค์การบริหารส่วนตำบล,ท่าตลาด
1947,นครปฐม,สามพราน,องค์การบริหารส่วนตำบล,บางช้าง
1948,นครปฐม,สามพราน,องค์การบริหารส่วนตำบล,บางเตย
1949,นครปฐม,สามพราน,องค์การบริหารส่วนตำบล,บ้านใหม่
1950,นครปฐม,สามพราน,องค์การบริหารส่วนตำบล,ยายชา
1951,นครปฐม,สามพราน,องค์การบริหารส่วนตำบล,สามพราน
1952,นครปฐม,สามพราน,องค์การบริหารส่วนตำบล,หอมเกร็ด
1953,นครพนม,เมืองนครพนม,องค์การบริหารส่วนจังหวัด,นครพนม
1954,นครพนม,เมืองนครพนม,เทศบาลเมือง,นครพนม
1955,นครพนม,ท่าอุเทน,เทศบาลตำบล,ท่าอุเทน
1956,นครพนม,ท่าอุเทน,เทศบาลตำบล,เวินพระบาท
1957,นครพนม,ธาตุพนม,เทศบาลตำบล,ธาตุพนม
1958,นครพนม,ธาตุพนม,เทศบาลตำบล,ธาตุพนมใต้
1959,นครพนม,ธาตุพนม,เทศบาลตำบล,นาหนาด
1960,นครพนม,ธาตุพนม,เทศบาลตำบล,น้ำก่ำ
1961,นครพนม,ธาตุพนม,เทศบาลตำบล,ฝั่งแดง
1962,นครพนม,นาแก,เทศบาลตำบล,นาแก
1963,นครพนม,นาแก,เทศบาลตำบล,พระซอง
1964,นครพนม,นาหว้า,เทศบาลตำบล,ท่าเรือ
1965,นครพนม,นาหว้า,เทศบาลตำบล,นาหว้า
1966,นครพนม,บ้านแพง,เทศบาลตำบล,บ้านแพง
1967,นครพนม,ปลาปาก,เทศบาลตำบล,ปลาปาก
1968,นครพนม,โพนสวรรค์,เทศบาลตำบล,โพนสวรรค์
1969,นครพนม,เมืองนครพนม,เทศบาลตำบล,หนองญาติ
1970,นครพนม,เรณูนคร,เทศบาลตำบล,เรณูนคร
1971,นครพนม,เรณูนคร,เทศบาลตำบล,หนองย่างชิ้น
1972,นครพนม,ศรีสงคราม,เทศบาลตำบล,นาคำ
1973,นครพนม,ศรีสงคราม,เทศบาลตำบล,บ้านข่า
1974,นครพนม,ศรีสงคราม,เทศบาลตำบล,ศรีสงคราม
1975,นครพนม,ศรีสงคราม,เทศบาลตำบล,สามผง
1976,นครพนม,ศรีสงคราม,เทศบาลตำบล,หาดแพง
1977,นครพนม,ท่าอุเทน,องค์การบริหารส่วนตำบล,ไชยบุรี
1978,นครพนม,ท่าอุเทน,องค์การบริหารส่วนตำบล,ท่าจำปา
1979,นครพนม,ท่าอุเทน,องค์การบริหารส่วนตำบล,โนนตาล
1980,นครพนม,ท่าอุเทน,องค์การบริหารส่วนตำบล,พนอม
1981,นครพนม,ท่าอุเทน,องค์การบริหารส่วนตำบล,พะทาย
1982,นครพนม,ท่าอุเทน,องค์การบริหารส่วนตำบล,รามราช
1983,นครพนม,ท่าอุเทน,องค์การบริหารส่วนตำบล,หนองเทา
1984,นครพนม,ธาตุพนม,องค์การบริหารส่วนตำบล,กุดฉิม
1985,นครพนม,ธาตุพนม,องค์การบริหารส่วนตำบล,ดอนนางหงส์
1986,นครพนม,ธาตุพนม,องค์การบริหารส่วนตำบล,นาถ่อน
1987,นครพนม,ธาตุพนม,องค์การบริหารส่วนตำบล,พระกลางทุ่ง
1988,นครพนม,ธาตุพนม,องค์การบริหารส่วนตำบล,โพนแพง
1989,นครพนม,ธาตุพนม,องค์การบริหารส่วนตำบล,แสนพัน
1990,นครพนม,ธาตุพนม,องค์การบริหารส่วนตำบล,อุ่มเหม้า
1991,นครพนม,นาแก,องค์การบริหารส่วนตำบล,ก้านเหลือง
1992,นครพนม,นาแก,องค์การบริหารส่วนตำบล,คำพี้
1993,นครพนม,นาแก,องค์การบริหารส่วนตำบล,นาแก
1994,นครพนม,นาแก,องค์การบริหารส่วนตำบล,นาคู่
1995,นครพนม,นาแก,องค์การบริหารส่วนตำบล,นาเลียง
1996,นครพนม,นาแก,องค์การบริหารส่วนตำบล,บ้านแก้ง
1997,นครพนม,นาแก,องค์การบริหารส่วนตำบล,พิมาน
1998,นครพนม,นาแก,องค์การบริหารส่วนตำบล,พุ่มแก
1999,นครพนม,นาแก,องค์การบริหารส่วนตำบล,สีชมพู
2000,นครพนม,นาแก,องค์การบริหารส่วนตำบล,หนองบ่อ
2001,นครพนม,นาแก,องค์การบริหารส่วนตำบล,หนองสังข์
2002,นครพนม,นาทม,องค์การบริหารส่วนตำบล,ดอนเตย
2003,นครพนม,นาทม,องค์การบริหารส่วนตำบล,นาทม
2004,นครพนม,นาทม,องค์การบริหารส่วนตำบล,หนองซน
2005,นครพนม,นาหว้า,องค์การบริหารส่วนตำบล,นาคูณใหญ่
2006,นครพนม,นาหว้า,องค์การบริหารส่วนตำบล,นางัว
2007,นครพนม,นาหว้า,องค์การบริหารส่วนตำบล,นาหว้า
2008,นครพนม,นาหว้า,องค์การบริหารส่วนตำบล,บ้านเสียว
2009,นครพนม,นาหว้า,องค์การบริหารส่วนตำบล,เหล่าพัฒนา
2010,นครพนม,บ้านแพง,องค์การบริหารส่วนตำบล,นาเข
2011,นครพนม,บ้านแพง,องค์การบริหารส่วนตำบล,นางัว
2012,นครพนม,บ้านแพง,องค์การบริหารส่วนตำบล,ไผ่ล้อม
2013,นครพนม,บ้านแพง,องค์การบริหารส่วนตำบล,โพนทอง
2014,นครพนม,บ้านแพง,องค์การบริหารส่วนตำบล,หนองแวง
2015,นครพนม,ปลาปาก,องค์การบริหารส่วนตำบล,กุตาไก้
2016,นครพนม,ปลาปาก,องค์การบริหารส่วนตำบล,โคกสว่าง
2017,นครพนม,ปลาปาก,องค์การบริหารส่วนตำบล,โคกสูง
2018,นครพนม,ปลาปาก,องค์การบริหารส่วนตำบล,นามะเขือ
2019,นครพนม,ปลาปาก,องค์การบริหารส่วนตำบล,ปลาปาก
2020,นครพนม,ปลาปาก,องค์การบริหารส่วนตำบล,มหาชัย
2021,นครพนม,ปลาปาก,องค์การบริหารส่วนตำบล,หนองเทาใหญ่
2022,นครพนม,ปลาปาก,องค์การบริหารส่วนตำบล,หนองฮี
2023,นครพนม,โพนสวรรค์,องค์การบริหารส่วนตำบล,นาขมิ้น
2024,นครพนม,โพนสวรรค์,องค์การบริหารส่วนตำบล,นาใน
2025,นครพนม,โพนสวรรค์,องค์การบริหารส่วนตำบล,นาหัวบ่อ
2026,นครพนม,โพนสวรรค์,องค์การบริหารส่วนตำบล,บ้านค้อ
2027,นครพนม,โพนสวรรค์,องค์การบริหารส่วนตำบล,โพนจาน
2028,นครพนม,โพนสวรรค์,องค์การบริหารส่วนตำบล,โพนบก
2029,นครพนม,โพนสวรรค์,องค์การบริหารส่วนตำบล,โพนสวรรค์
2030,นครพนม,เมืองนครพนม,องค์การบริหารส่วนตำบล,กุรุคุ
2031,นครพนม,เมืองนครพนม,องค์การบริหารส่วนตำบล,ขามเฒ่า
2032,นครพนม,เมืองนครพนม,องค์การบริหารส่วนตำบล,คำเตย
2033,นครพนม,เมืองนครพนม,องค์การบริหารส่วนตำบล,ดงขวาง
2034,นครพนม,เมืองนครพนม,องค์การบริหารส่วนตำบล,ท่าค้อ
2035,นครพนม,เมืองนครพนม,องค์การบริหารส่วนตำบล,นาทราย
2036,นครพนม,เมืองนครพนม,องค์การบริหารส่วนตำบล,นาราชควาย
2037,นครพนม,เมืองนครพนม,องค์การบริหารส่วนตำบล,บ้านกลาง
2038,นครพนม,เมืองนครพนม,องค์การบริหารส่วนตำบล,บ้านผึ้ง
2039,นครพนม,เมืองนครพนม,องค์การบริหารส่วนตำบล,โพธิ์ตาก
2040,นครพนม,เมืองนครพนม,องค์การบริหารส่วนตำบล,วังตามัว
2041,นครพนม,เมืองนครพนม,องค์การบริหารส่วนตำบล,อาจสามารถ
2042,นครพนม,เรณูนคร,องค์การบริหารส่วนตำบล,โคกหินแฮ่
2043,นครพนม,เรณูนคร,องค์การบริหารส่วนตำบล,ท่าลาด
2044,นครพนม,เรณูนคร,องค์การบริหารส่วนตำบล,นาขาม
2045,นครพนม,เรณูนคร,องค์การบริหารส่วนตำบล,นางาม
2046,นครพนม,เรณูนคร,องค์การบริหารส่วนตำบล,โพนทอง
2047,นครพนม,เรณูนคร,องค์การบริหารส่วนตำบล,เรณู
2048,นครพนม,เรณูนคร,องค์การบริหารส่วนตำบล,เรณูใต้
2049,นครพนม,วังยาง,องค์การบริหารส่วนตำบล,โคกสี
2050,นครพนม,วังยาง,องค์การบริหารส่วนตำบล,ยอดชาด
2051,นครพนม,วังยาง,องค์การบริหารส่วนตำบล,วังยาง
2052,นครพนม,ศรีสงคราม,องค์การบริหารส่วนตำบล,ท่าบ่อสงคราม
2053,นครพนม,ศรีสงคราม,องค์การบริหารส่วนตำบล,นาเดื่อ
2054,นครพนม,ศรีสงคราม,องค์การบริหารส่วนตำบล,บ้านเอื้อง
2055,นครพนม,ศรีสงคราม,องค์การบริหารส่วนตำบล,โพนสว่าง
2056,นครพนม,ศรีสงคราม,องค์การบริหารส่วนตำบล,ศรีสงคราม
2057,นครราชสีมา,เมืองนครราชสีมา,องค์การบริหารส่วนจังหวัด,นครราชสีมา
2058,นครราชสีมา,เมืองนครราชสีมา,เทศบาลนคร,นครราชสีมา
2059,นครราชสีมา,บัวใหญ่,เทศบาลเมือง,บัวใหญ่
2060,นครราชสีมา,ปักธงชัย,เทศบาลเมือง,เมืองปัก
2061,นครราชสีมา,ปากช่อง,เทศบาลเมือง,ปากช่อง
2062,นครราชสีมา,สีคิ้ว,เทศบาลเมือง,สีคิ้ว
2063,นครราชสีมา,แก้งสนามนาง,เทศบาลตำบล,แก้งสนามนาง
2064,นครราชสีมา,แก้งสนามนาง,เทศบาลตำบล,บึงสำโรง
2065,นครราชสีมา,ขามทะเลสอ,เทศบาลตำบล,ขามทะเลสอ
2066,นครราชสีมา,ขามทะเลสอ,เทศบาลตำบล,พันดุง
2067,นครราชสีมา,ขามสะแกแสง,เทศบาลตำบล,ขามสะแกแสง
2068,นครราชสีมา,ขามสะแกแสง,เทศบาลตำบล,โนนเมือง
2069,นครราชสีมา,ขามสะแกแสง,เทศบาลตำบล,หนองหัวฟาน
2070,นครราชสีมา,คง,เทศบาลตำบล,เทพาลัย
2071,นครราชสีมา,คง,เทศบาลตำบล,เมืองคง
2072,นครราชสีมา,ครบุรี,เทศบาลตำบล,ครบุรีใต้
2073,นครราชสีมา,ครบุรี,เทศบาลตำบล,จระเข้หิน
2074,นครราชสีมา,ครบุรี,เทศบาลตำบล,แชะ
2075,นครราชสีมา,ครบุรี,เทศบาลตำบล,ไทรโยง-ไชยวาล
2076,นครราชสีมา,ครบุรี,เทศบาลตำบล,สระว่านพระยา
2077,นครราชสีมา,ครบุรี,เทศบาลตำบล,อรพิมพ์
2078,นครราชสีมา,จักราช,เทศบาลตำบล,จักราช
2079,นครราชสีมา,เฉลิมพระเกียรติ,เทศบาลตำบล,ท่าช้าง
2080,นครราชสีมา,ชุมพวง,เทศบาลตำบล,ชุมพวง
2081,นครราชสีมา,โชคชัย,เทศบาลตำบล,โชคชัย
2082,นครราชสีมา,โชคชัย,เทศบาลตำบล,ด่านเกวียน
2083,นครราชสีมา,โชคชัย,เทศบาลตำบล,ท่าเยี่ยม
2084,นครราชสีมา,ด่านขุนทด,เทศบาลตำบล,ด่านขุนทด
2085,นครราชสีมา,ด่านขุนทด,เทศบาลตำบล,หนองกราด
2086,นครราชสีมา,ด่านขุนทด,เทศบาลตำบล,หนองบัวตะเกียด
2087,นครราชสีมา,โนนแดง,เทศบาลตำบล,โนนแดง
2088,นครราชสีมา,โนนแดง,เทศบาลตำบล,วังหิน
2089,นครราชสีมา,โนนไทย,เทศบาลตำบล,โคกสวาย
2090,นครราชสีมา,โนนไทย,เทศบาลตำบล,โนนไทย
2091,นครราชสีมา,โนนไทย,เทศบาลตำบล,บัลลังก์
2092,นครราชสีมา,โนนสูง,เทศบาลตำบล,ดอนหวาย
2093,นครราชสีมา,โนนสูง,เทศบาลตำบล,ด่านคล้า
2094,นครราชสีมา,โนนสูง,เทศบาลตำบล,ตลาดแค
2095,นครราชสีมา,โนนสูง,เทศบาลตำบล,โนนสูง
2096,นครราชสีมา,โนนสูง,เทศบาลตำบล,มะค่า
2097,นครราชสีมา,โนนสูง,เทศบาลตำบล,ใหม่
2098,นครราชสีมา,บัวลาย,เทศบาลตำบล,โนนจาน
2099,นครราชสีมา,บัวลาย,เทศบาลตำบล,หนองบัวลาย
2100,นครราชสีมา,บัวใหญ่,เทศบาลตำบล,หนองบัวสะอาด
2101,นครราชสีมา,บ้านเหลื่อม,เทศบาลตำบล,บ้านเหลื่อม
2102,นครราชสีมา,ประทาย,เทศบาลตำบล,ทุ่งสว่าง
2103,นครราชสีมา,ประทาย,เทศบาลตำบล,ประทาย
2104,นครราชสีมา,ปักธงชัย,เทศบาลตำบล,ตะขบ
2105,นครราชสีมา,ปักธงชัย,เทศบาลตำบล,ตูม
2106,นครราชสีมา,ปักธงชัย,เทศบาลตำบล,นกออก
2107,นครราชสีมา,ปักธงชัย,เทศบาลตำบล,บ่อปลาทอง
2108,นครราชสีมา,ปักธงชัย,เทศบาลตำบล,ปักธงชัย
2109,นครราชสีมา,ปักธงชัย,เทศบาลตำบล,ภูหลวง
2110,นครราชสีมา,ปักธงชัย,เทศบาลตำบล,ลำนางแก้ว
2111,นครราชสีมา,ปากช่อง,เทศบาลตำบล,กลางดง
2112,นครราชสีมา,ปากช่อง,เทศบาลตำบล,วังไทร
2113,นครราชสีมา,ปากช่อง,เทศบาลตำบล,สีมามงคล
2114,นครราชสีมา,ปากช่อง,เทศบาลตำบล,หมูสี
2115,นครราชสีมา,พระทองคำ,เทศบาลตำบล,พระทองคำ
2116,นครราชสีมา,พระทองคำ,เทศบาลตำบล,สระพระ
2117,นครราชสีมา,พิมาย,เทศบาลตำบล,พิมาย
2118,นครราชสีมา,พิมาย,เทศบาลตำบล,รังกาใหญ่
2119,นครราชสีมา,เมืองนครราชสีมา,เทศบาลตำบล,โคกกรวด
2120,นครราชสีมา,เมืองนครราชสีมา,เทศบาลตำบล,โคกสูง
2121,นครราชสีมา,เมืองนครราชสีมา,เทศบาลตำบล,จอหอ
2122,นครราชสีมา,เมืองนครราชสีมา,เทศบาลตำบล,ไชยมงคล
2123,นครราชสีมา,เมืองนครราชสีมา,เทศบาลตำบล,ตลาด
2124,นครราชสีมา,เมืองนครราชสีมา,เทศบาลตำบล,บ้านเกาะ
2125,นครราชสีมา,เมืองนครราชสีมา,เทศบาลตำบล,บ้านโพธิ์
2126,นครราชสีมา,เมืองนครราชสีมา,เทศบาลตำบล,บ้านใหม่
2127,นครราชสีมา,เมืองนครราชสีมา,เทศบาลตำบล,ปรุใหญ่
2128,นครราชสีมา,เมืองนครราชสีมา,เทศบาลตำบล,พุดซา
2129,นครราชสีมา,เมืองนครราชสีมา,เทศบาลตำบล,โพธิ์กลาง
2130,นครราชสีมา,เมืองนครราชสีมา,เทศบาลตำบล,เมืองใหม่โคกกรวด
2131,นครราชสีมา,เมืองนครราชสีมา,เทศบาลตำบล,สุรนารี
2132,นครราชสีมา,เมืองนครราชสีมา,เทศบาลตำบล,หนองกระทุ่ม
2133,นครราชสีมา,เมืองนครราชสีมา,เทศบาลตำบล,หนองไข่น้ำ
2134,นครราชสีมา,เมืองนครราชสีมา,เทศบาลตำบล,หนองบัวศาลา
2135,นครราชสีมา,เมืองนครราชสีมา,เทศบาลตำบล,หนองไผ่ล้อม
2136,นครราชสีมา,เมืองนครราชสีมา,เทศบาลตำบล,หัวทะเล
2137,นครราชสีมา,เมืองยาง,เทศบาลตำบล,เมืองยาง
2138,นครราชสีมา,ลำทะเมนชัย,เทศบาลตำบล,ขุย
2139,นครราชสีมา,ลำทะเมนชัย,เทศบาลตำบล,ช่องแมว
2140,นครราชสีมา,ลำทะเมนชัย,เทศบาลตำบล,บ้านยาง
2141,นครราชสีมา,ลำทะเมนชัย,เทศบาลตำบล,ไพล
2142,นครราชสีมา,ลำทะเมนชัย,เทศบาลตำบล,หนองบัววง
2143,นครราชสีมา,วังน้ำเขียว,เทศบาลตำบล,วังน้ำเขียว
2144,นครราชสีมา,วังน้ำเขียว,เทศบาลตำบล,ศาลเจ้าพ่อ
2145,นครราชสีมา,สีคิ้ว,เทศบาลตำบล,คลองไผ่
2146,นครราชสีมา,สีคิ้ว,เทศบาลตำบล,ลาดบัวขาว
2147,นครราชสีมา,สีคิ้ว,เทศบาลตำบล,สีคิ้ว
2148,นครราชสีมา,สีคิ้ว,เทศบาลตำบล,หนองน้ำใส
2149,นครราชสีมา,สีดา,เทศบาลตำบล,สีดา
2150,นครราชสีมา,สูงเนิน,เทศบาลตำบล,กุดจิก
2151,นครราชสีมา,สูงเนิน,เทศบาลตำบล,สูงเนิน
2152,นครราชสีมา,เสิงสาง,เทศบาลตำบล,โนนสมบูรณ์
2153,นครราชสีมา,เสิงสาง,เทศบาลตำบล,สุขไพบูลย์
2154,นครราชสีมา,เสิงสาง,เทศบาลตำบล,เสิงสาง
2155,นครราชสีมา,หนองบุญมาก,เทศบาลตำบล,หนองหัวแรต
2156,นครราชสีมา,หนองบุญมาก,เทศบาลตำบล,แหลมทอง
2157,นครราชสีมา,ห้วยแถลง,เทศบาลตำบล,กงรถ
2158,นครราชสีมา,ห้วยแถลง,เทศบาลตำบล,ห้วยแถลง
2159,นครราชสีมา,ห้วยแถลง,เทศบาลตำบล,หินดาด
2160,นครราชสีมา,แก้งสนามนาง,องค์การบริหารส่วนตำบล,โนนสำราญ
2161,นครราชสีมา,แก้งสนามนาง,องค์การบริหารส่วนตำบล,บึงพะไล
2162,นครราชสีมา,แก้งสนามนาง,องค์การบริหารส่วนตำบล,สีสุก
2163,นครราชสีมา,ขามทะเลสอ,องค์การบริหารส่วนตำบล,ขามทะเลสอ
2164,นครราชสีมา,ขามทะเลสอ,องค์การบริหารส่วนตำบล,บึงอ้อ
2165,นครราชสีมา,ขามทะเลสอ,องค์การบริหารส่วนตำบล,โป่งแดง
2166,นครราชสีมา,ขามทะเลสอ,องค์การบริหารส่วนตำบล,หนองสรวง
2167,นครราชสีมา,ขามสะแกแสง,องค์การบริหารส่วนตำบล,ขามสะแกแสง
2168,นครราชสีมา,ขามสะแกแสง,องค์การบริหารส่วนตำบล,ชีวึก
2169,นครราชสีมา,ขามสะแกแสง,องค์การบริหารส่วนตำบล,พะงาด
2170,นครราชสีมา,ขามสะแกแสง,องค์การบริหารส่วนตำบล,เมืองเกษตร
2171,นครราชสีมา,ขามสะแกแสง,องค์การบริหารส่วนตำบล,เมืองนาท
2172,นครราชสีมา,ขามสะแกแสง,องค์การบริหารส่วนตำบล,หนองหัวฟาน
2173,นครราชสีมา,คง,องค์การบริหารส่วนตำบล,ขามสมบูรณ์
2174,นครราชสีมา,คง,องค์การบริหารส่วนตำบล,คูขาด
2175,นครราชสีมา,คง,องค์การบริหารส่วนตำบล,ดอนใหญ่
2176,นครราชสีมา,คง,องค์การบริหารส่วนตำบล,ตาจั่น
2177,นครราชสีมา,คง,องค์การบริหารส่วนตำบล,เทพาลัย
2178,นครราชสีมา,คง,องค์การบริหารส่วนตำบล,โนนเต็ง
2179,นครราชสีมา,คง,องค์การบริหารส่วนตำบล,บ้านปรางค์
2180,นครราชสีมา,คง,องค์การบริหารส่วนตำบล,เมืองคง
2181,นครราชสีมา,คง,องค์การบริหารส่วนตำบล,หนองบัว
2182,นครราชสีมา,คง,องค์การบริหารส่วนตำบล,หนองมะนาว
2183,นครราชสีมา,ครบุรี,องค์การบริหารส่วนตำบล,ครบุรี
2184,นครราชสีมา,ครบุรี,องค์การบริหารส่วนตำบล,โคกกระชาย
2185,นครราชสีมา,ครบุรี,องค์การบริหารส่วนตำบล,จระเข้หิน
2186,นครราชสีมา,ครบุรี,องค์การบริหารส่วนตำบล,เฉลียง
2187,นครราชสีมา,ครบุรี,องค์การบริหารส่วนตำบล,แชะ
2188,นครราชสีมา,ครบุรี,องค์การบริหารส่วนตำบล,ตะแบกบาน
2189,นครราชสีมา,ครบุรี,องค์การบริหารส่วนตำบล,บ้านใหม่
2190,นครราชสีมา,ครบุรี,องค์การบริหารส่วนตำบล,มาบตะโกเอน
2191,นครราชสีมา,ครบุรี,องค์การบริหารส่วนตำบล,ลำเพียก
2192,นครราชสีมา,จักราช,องค์การบริหารส่วนตำบล,คลองเมือง
2193,นครราชสีมา,จักราช,องค์การบริหารส่วนตำบล,จักราช
2194,นครราชสีมา,จักราช,องค์การบริหารส่วนตำบล,ทองหลาง
2195,นครราชสีมา,จักราช,องค์การบริหารส่วนตำบล,ศรีละกอ
2196,นครราชสีมา,จักราช,องค์การบริหารส่วนตำบล,สีสุก
2197,นครราชสีมา,จักราช,องค์การบริหารส่วนตำบล,หนองขาม
2198,นครราชสีมา,จักราช,องค์การบริหารส่วนตำบล,หนองพลวง
2199,นครราชสีมา,จักราช,องค์การบริหารส่วนตำบล,หินโคน
2200,นครราชสีมา,เฉลิมพระเกียรติ,องค์การบริหารส่วนตำบล,ช้างทอง
2201,นครราชสีมา,เฉลิมพระเกียรติ,องค์การบริหารส่วนตำบล,ท่าช้าง
2202,นครราชสีมา,เฉลิมพระเกียรติ,องค์การบริหารส่วนตำบล,พระพุทธ
2203,นครราชสีมา,เฉลิมพระเกียรติ,องค์การบริหารส่วนตำบล,หนองงูเหลือม
2204,นครราชสีมา,เฉลิมพระเกียรติ,องค์การบริหารส่วนตำบล,หนองยาง
2205,นครราชสีมา,ชุมพวง,องค์การบริหารส่วนตำบล,ชุมพวง
2206,นครราชสีมา,ชุมพวง,องค์การบริหารส่วนตำบล,ตลาดไทร
2207,นครราชสีมา,ชุมพวง,องค์การบริหารส่วนตำบล,ท่าลาด
2208,นครราชสีมา,ชุมพวง,องค์การบริหารส่วนตำบล,โนนตูม
2209,นครราชสีมา,ชุมพวง,องค์การบริหารส่วนตำบล,โนนยอ
2210,นครราชสีมา,ชุมพวง,องค์การบริหารส่วนตำบล,โนนรัง
2211,นครราชสีมา,ชุมพวง,องค์การบริหารส่วนตำบล,ประสุข
2212,นครราชสีมา,ชุมพวง,องค์การบริหารส่วนตำบล,สาหร่าย
2213,นครราชสีมา,ชุมพวง,องค์การบริหารส่วนตำบล,หนองหลัก
2214,นครราชสีมา,โชคชัย,องค์การบริหารส่วนตำบล,กระโทก
2215,นครราชสีมา,โชคชัย,องค์การบริหารส่วนตำบล,โชคชัย
2216,นครราชสีมา,โชคชัย,องค์การบริหารส่วนตำบล,ด่านเกวียน
2217,นครราชสีมา,โชคชัย,องค์การบริหารส่วนตำบล,ท่าจะหลุง
2218,นครราชสีมา,โชคชัย,องค์การบริหารส่วนตำบล,ท่าลาดขาว
2219,นครราชสีมา,โชคชัย,องค์การบริหารส่วนตำบล,ท่าอ่าง
2220,นครราชสีมา,โชคชัย,องค์การบริหารส่วนตำบล,ทุ่งอรุณ
2221,นครราชสีมา,โชคชัย,องค์การบริหารส่วนตำบล,พลับพลา
2222,นครราชสีมา,โชคชัย,องค์การบริหารส่วนตำบล,ละลมใหม่พัฒนา
2223,นครราชสีมา,ด่านขุนทด,องค์การบริหารส่วนตำบล,กุดพิมาน
2224,นครราชสีมา,ด่านขุนทด,องค์การบริหารส่วนตำบล,ด่านขุนทด
2225,นครราชสีมา,ด่านขุนทด,องค์การบริหารส่วนตำบล,ด่านนอก
2226,นครราชสีมา,ด่านขุนทด,องค์การบริหารส่วนตำบล,ด่านใน
2227,นครราชสีมา,ด่านขุนทด,องค์การบริหารส่วนตำบล,ตะเคียน
2228,นครราชสีมา,ด่านขุนทด,องค์การบริหารส่วนตำบล,โนนเมืองพัฒนา
2229,นครราชสีมา,ด่านขุนทด,องค์การบริหารส่วนตำบล,บ้านเก่า
2230,นครราชสีมา,ด่านขุนทด,องค์การบริหารส่วนตำบล,บ้านแปรง
2231,นครราชสีมา,ด่านขุนทด,องค์การบริหารส่วนตำบล,พันชนะ
2232,นครราชสีมา,ด่านขุนทด,องค์การบริหารส่วนตำบล,สระจรเข้
2233,นครราชสีมา,ด่านขุนทด,องค์การบริหารส่วนตำบล,หนองกราด
2234,นครราชสีมา,ด่านขุนทด,องค์การบริหารส่วนตำบล,หนองไทร
2235,นครราชสีมา,ด่านขุนทด,องค์การบริหารส่วนตำบล,หนองบัวละคร
2236,นครราชสีมา,ด่านขุนทด,องค์การบริหารส่วนตำบล,ห้วยบง
2237,นครราชสีมา,ด่านขุนทด,องค์การบริหารส่วนตำบล,หินดาด
2238,นครราชสีมา,เทพารักษ์,องค์การบริหารส่วนตำบล,บึงปรือ
2239,นครราชสีมา,เทพารักษ์,องค์การบริหารส่วนตำบล,วังยายทอง
2240,นครราชสีมา,เทพารักษ์,องค์การบริหารส่วนตำบล,สำนักตะคร้อ
2241,นครราชสีมา,เทพารักษ์,องค์การบริหารส่วนตำบล,หนองแวง
2242,นครราชสีมา,โนนแดง,องค์การบริหารส่วนตำบล,ดอนยาวใหญ่
2243,นครราชสีมา,โนนแดง,องค์การบริหารส่วนตำบล,โนนแดง
2244,นครราชสีมา,โนนแดง,องค์การบริหารส่วนตำบล,โนนตาเถร
2245,นครราชสีมา,โนนแดง,องค์การบริหารส่วนตำบล,สำพะเนียง
2246,นครราชสีมา,โนนไทย,องค์การบริหารส่วนตำบล,กำปัง
2247,นครราชสีมา,โนนไทย,องค์การบริหารส่วนตำบล,ค้างพลู
2248,นครราชสีมา,โนนไทย,องค์การบริหารส่วนตำบล,ด่านจาก
2249,นครราชสีมา,โนนไทย,องค์การบริหารส่วนตำบล,ถนนโพธิ์
2250,นครราชสีมา,โนนไทย,องค์การบริหารส่วนตำบล,โนนไทย
2251,นครราชสีมา,โนนไทย,องค์การบริหารส่วนตำบล,บ้านวัง
2252,นครราชสีมา,โนนไทย,องค์การบริหารส่วนตำบล,มะค่า
2253,นครราชสีมา,โนนไทย,องค์การบริหารส่วนตำบล,สายออ
2254,นครราชสีมา,โนนไทย,องค์การบริหารส่วนตำบล,สำโรง
2255,นครราชสีมา,โนนสูง,องค์การบริหารส่วนตำบล,ขามเฒ่า
2256,นครราชสีมา,โนนสูง,องค์การบริหารส่วนตำบล,จันอัด
2257,นครราชสีมา,โนนสูง,องค์การบริหารส่วนตำบล,ดอนชมพู
2258,นครราชสีมา,โนนสูง,องค์การบริหารส่วนตำบล,โตนด
2259,นครราชสีมา,โนนสูง,องค์การบริหารส่วนตำบล,ธารปราสาท
2260,นครราชสีมา,โนนสูง,องค์การบริหารส่วนตำบล,บิง
2261,นครราชสีมา,โนนสูง,องค์การบริหารส่วนตำบล,พลสงคราม
2262,นครราชสีมา,โนนสูง,องค์การบริหารส่วนตำบล,มะค่า
2263,นครราชสีมา,โนนสูง,องค์การบริหารส่วนตำบล,เมืองปราสาท
2264,นครราชสีมา,โนนสูง,องค์การบริหารส่วนตำบล,ลำคอหงษ์
2265,นครราชสีมา,โนนสูง,องค์การบริหารส่วนตำบล,ลำมูล
2266,นครราชสีมา,โนนสูง,องค์การบริหารส่วนตำบล,หลุมข้าว
2267,นครราชสีมา,บัวลาย,องค์การบริหารส่วนตำบล,บัวลาย
2268,นครราชสีมา,บัวลาย,องค์การบริหารส่วนตำบล,เมืองพะไล
2269,นครราชสีมา,บัวลาย,องค์การบริหารส่วนตำบล,หนองหว้า
2270,นครราชสีมา,บัวใหญ่,องค์การบริหารส่วนตำบล,กุดจอก
2271,นครราชสีมา,บัวใหญ่,องค์การบริหารส่วนตำบล,ขุนทอง
2272,นครราชสีมา,บัวใหญ่,องค์การบริหารส่วนตำบล,ดอนตะหนิน
2273,นครราชสีมา,บัวใหญ่,องค์การบริหารส่วนตำบล,ด่านช้าง
2274,นครราชสีมา,บัวใหญ่,องค์การบริหารส่วนตำบล,โนนทองหลาง
2275,นครราชสีมา,บัวใหญ่,องค์การบริหารส่วนตำบล,บัวใหญ่
2276,นครราชสีมา,บัวใหญ่,องค์การบริหารส่วนตำบล,เสมาใหญ่
2277,นครราชสีมา,บัวใหญ่,องค์การบริหารส่วนตำบล,หนองแจ้งใหญ่
2278,นครราชสีมา,บัวใหญ่,องค์การบริหารส่วนตำบล,ห้วยยาง
2279,นครราชสีมา,บ้านเหลื่อม,องค์การบริหารส่วนตำบล,โคกกระเบื้อง
2280,นครราชสีมา,บ้านเหลื่อม,องค์การบริหารส่วนตำบล,ช่อระกา
2281,นครราชสีมา,บ้านเหลื่อม,องค์การบริหารส่วนตำบล,บ้านเหลื่อม
2282,นครราชสีมา,บ้านเหลื่อม,องค์การบริหารส่วนตำบล,วังโพธิ์
2283,นครราชสีมา,ประทาย,องค์การบริหารส่วนตำบล,กระทุ่มราย
2284,นครราชสีมา,ประทาย,องค์การบริหารส่วนตำบล,โคกกลาง
2285,นครราชสีมา,ประทาย,องค์การบริหารส่วนตำบล,ดอนมัน
2286,นครราชสีมา,ประทาย,องค์การบริหารส่วนตำบล,ตลาดไทร
2287,นครราชสีมา,ประทาย,องค์การบริหารส่วนตำบล,นางรำ
2288,นครราชสีมา,ประทาย,องค์การบริหารส่วนตำบล,โนนเพ็ด
2289,นครราชสีมา,ประทาย,องค์การบริหารส่วนตำบล,ประทาย
2290,นครราชสีมา,ประทาย,องค์การบริหารส่วนตำบล,เมืองโดน
2291,นครราชสีมา,ประทาย,องค์การบริหารส่วนตำบล,วังไม้แดง
2292,นครราชสีมา,ประทาย,องค์การบริหารส่วนตำบล,หนองค่าย
2293,นครราชสีมา,ประทาย,องค์การบริหารส่วนตำบล,หนองพลวง
2294,นครราชสีมา,ประทาย,องค์การบริหารส่วนตำบล,หันห้วยทราย
2295,นครราชสีมา,ปักธงชัย,องค์การบริหารส่วนตำบล,เกษมทรัพย์
2296,นครราชสีมา,ปักธงชัย,องค์การบริหารส่วนตำบล,โคกไทย
2297,นครราชสีมา,ปักธงชัย,องค์การบริหารส่วนตำบล,งิ้ว
2298,นครราชสีมา,ปักธงชัย,องค์การบริหารส่วนตำบล,ดอน
2299,นครราชสีมา,ปักธงชัย,องค์การบริหารส่วนตำบล,ตะขบ
2300,นครราชสีมา,ปักธงชัย,องค์การบริหารส่วนตำบล,ตะคุ
2301,นครราชสีมา,ปักธงชัย,องค์การบริหารส่วนตำบล,ธงชัยเหนือ
2302,นครราชสีมา,ปักธงชัย,องค์การบริหารส่วนตำบล,สะแกราช
2303,นครราชสีมา,ปักธงชัย,องค์การบริหารส่วนตำบล,สำโรง
2304,นครราชสีมา,ปักธงชัย,องค์การบริหารส่วนตำบล,สุขเกษม
2305,นครราชสีมา,ปากช่อง,องค์การบริหารส่วนตำบล,ขนงพระ
2306,นครราชสีมา,ปากช่อง,องค์การบริหารส่วนตำบล,คลองม่วง
2307,นครราชสีมา,ปากช่อง,องค์การบริหารส่วนตำบล,จันทึก
2308,นครราชสีมา,ปากช่อง,องค์การบริหารส่วนตำบล,ปากช่อง
2309,นครราชสีมา,ปากช่อง,องค์การบริหารส่วนตำบล,โป่งตาลอง
2310,นครราชสีมา,ปากช่อง,องค์การบริหารส่วนตำบล,พญาเย็น
2311,นครราชสีมา,ปากช่อง,องค์การบริหารส่วนตำบล,วังกะทะ
2312,นครราชสีมา,ปากช่อง,องค์การบริหารส่วนตำบล,หนองน้ำแดง
2313,นครราชสีมา,ปากช่อง,องค์การบริหารส่วนตำบล,หนองสาหร่าย
2314,นครราชสีมา,พระทองคำ,องค์การบริหารส่วนตำบล,ทัพรั้ง
2315,นครราชสีมา,พระทองคำ,องค์การบริหารส่วนตำบล,พังเทียม
2316,นครราชสีมา,พระทองคำ,องค์การบริหารส่วนตำบล,มาบกราด
2317,นครราชสีมา,พระทองคำ,องค์การบริหารส่วนตำบล,หนองหอย
2318,นครราชสีมา,พิมาย,องค์การบริหารส่วนตำบล,กระชอน
2319,นครราชสีมา,พิมาย,องค์การบริหารส่วนตำบล,กระเบื้องใหญ่
2320,นครราชสีมา,พิมาย,องค์การบริหารส่วนตำบล,ชีวาน
2321,นครราชสีมา,พิมาย,องค์การบริหารส่วนตำบล,ดงใหญ่
2322,นครราชสีมา,พิมาย,องค์การบริหารส่วนตำบล,ท่าหลวง
2323,นครราชสีมา,พิมาย,องค์การบริหารส่วนตำบล,ธารละหลอด
2324,นครราชสีมา,พิมาย,องค์การบริหารส่วนตำบล,นิคมสร้างตนเอง
2325,นครราชสีมา,พิมาย,องค์การบริหารส่วนตำบล,ในเมือง
2326,นครราชสีมา,พิมาย,องค์การบริหารส่วนตำบล,โบสถ์
2327,นครราชสีมา,พิมาย,องค์การบริหารส่วนตำบล,สัมฤทธิ์
2328,นครราชสีมา,พิมาย,องค์การบริหารส่วนตำบล,หนองระเวียง
2329,นครราชสีมา,เมืองนครราชสีมา,องค์การบริหารส่วนตำบล,จอหอ
2330,นครราชสีมา,เมืองนครราชสีมา,องค์การบริหารส่วนตำบล,พลกรัง
2331,นครราชสีมา,เมืองนครราชสีมา,องค์การบริหารส่วนตำบล,พะเนา
2332,นครราชสีมา,เมืองนครราชสีมา,องค์การบริหารส่วนตำบล,มะเริง
2333,นครราชสีมา,เมืองนครราชสีมา,องค์การบริหารส่วนตำบล,สีมุม
2334,นครราชสีมา,เมืองนครราชสีมา,องค์การบริหารส่วนตำบล,หนองจะบก
2335,นครราชสีมา,เมืองนครราชสีมา,องค์การบริหารส่วนตำบล,หนองระเวียง
2336,นครราชสีมา,เมืองนครราชสีมา,องค์การบริหารส่วนตำบล,หมื่นไวย
2337,นครราชสีมา,เมืองยาง,องค์การบริหารส่วนตำบล,กระเบื้องนอก
2338,นครราชสีมา,เมืองยาง,องค์การบริหารส่วนตำบล,โนนอุดม
2339,นครราชสีมา,เมืองยาง,องค์การบริหารส่วนตำบล,ละหานปลาค้าว
2340,นครราชสีมา,วังน้ำเขียว,องค์การบริหารส่วนตำบล,ไทยสามัคคี
2341,นครราชสีมา,วังน้ำเขียว,องค์การบริหารส่วนตำบล,ระเริง
2342,นครราชสีมา,วังน้ำเขียว,องค์การบริหารส่วนตำบล,วังหมี
2343,นครราชสีมา,วังน้ำเขียว,องค์การบริหารส่วนตำบล,อุดมทรัพย์
2344,นครราชสีมา,สีคิ้ว,องค์การบริหารส่วนตำบล,กฤษณา
2345,นครราชสีมา,สีคิ้ว,องค์การบริหารส่วนตำบล,กุดน้อย
2346,นครราชสีมา,สีคิ้ว,องค์การบริหารส่วนตำบล,คลองไผ่
2347,นครราชสีมา,สีคิ้ว,องค์การบริหารส่วนตำบล,ดอนเมือง
2348,นครราชสีมา,สีคิ้ว,องค์การบริหารส่วนตำบล,บ้านหัน
2349,นครราชสีมา,สีคิ้ว,องค์การบริหารส่วนตำบล,มิตรภาพ
2350,นครราชสีมา,สีคิ้ว,องค์การบริหารส่วนตำบล,ลาดบัวขาว
2351,นครราชสีมา,สีคิ้ว,องค์การบริหารส่วนตำบล,วังโรงใหญ่
2352,นครราชสีมา,สีคิ้ว,องค์การบริหารส่วนตำบล,หนองบัวน้อย
2353,นครราชสีมา,สีคิ้ว,องค์การบริหารส่วนตำบล,หนองหญ้าขาว
2354,นครราชสีมา,สีดา,องค์การบริหารส่วนตำบล,โนนประดู่
2355,นครราชสีมา,สีดา,องค์การบริหารส่วนตำบล,โพนทอง
2356,นครราชสีมา,สีดา,องค์การบริหารส่วนตำบล,สามเมือง
2357,นครราชสีมา,สีดา,องค์การบริหารส่วนตำบล,สีดา
2358,นครราชสีมา,สีดา,องค์การบริหารส่วนตำบล,หนองตาดใหญ่
2359,นครราชสีมา,สูงเนิน,องค์การบริหารส่วนตำบล,กุดจิก
2360,นครราชสีมา,สูงเนิน,องค์การบริหารส่วนตำบล,โค้งยาง
2361,นครราชสีมา,สูงเนิน,องค์การบริหารส่วนตำบล,โคราช
2362,นครราชสีมา,สูงเนิน,องค์การบริหารส่วนตำบล,นากลาง
2363,นครราชสีมา,สูงเนิน,องค์การบริหารส่วนตำบล,โนนค่า
2364,นครราชสีมา,สูงเนิน,องค์การบริหารส่วนตำบล,บุ่งขี้เหล็ก
2365,นครราชสีมา,สูงเนิน,องค์การบริหารส่วนตำบล,มะเกลือเก่า
2366,นครราชสีมา,สูงเนิน,องค์การบริหารส่วนตำบล,มะเกลือใหม่
2367,นครราชสีมา,สูงเนิน,องค์การบริหารส่วนตำบล,สูงเนิน
2368,นครราชสีมา,สูงเนิน,องค์การบริหารส่วนตำบล,เสมา
2369,นครราชสีมา,สูงเนิน,องค์การบริหารส่วนตำบล,หนองตะไก้
2370,นครราชสีมา,เสิงสาง,องค์การบริหารส่วนตำบล,กุดโบสถ์
2371,นครราชสีมา,เสิงสาง,องค์การบริหารส่วนตำบล,โนนสมบูรณ์
2372,นครราชสีมา,เสิงสาง,องค์การบริหารส่วนตำบล,บ้านราษฎร์
2373,นครราชสีมา,เสิงสาง,องค์การบริหารส่วนตำบล,สระตะเคียน
2374,นครราชสีมา,เสิงสาง,องค์การบริหารส่วนตำบล,เสิงสาง
2375,นครราชสีมา,หนองบุญมาก,องค์การบริหารส่วนตำบล,ไทยเจริญ
2376,นครราชสีมา,หนองบุญมาก,องค์การบริหารส่วนตำบล,บ้านใหม่
2377,นครราชสีมา,หนองบุญมาก,องค์การบริหารส่วนตำบล,ลุงเขว้า
2378,นครราชสีมา,หนองบุญมาก,องค์การบริหารส่วนตำบล,สารภี
2379,นครราชสีมา,หนองบุญมาก,องค์การบริหารส่วนตำบล,หนองตะไก้
2380,นครราชสีมา,หนองบุญมาก,องค์การบริหารส่วนตำบล,หนองบุนนาก
2381,นครราชสีมา,หนองบุญมาก,องค์การบริหารส่วนตำบล,หนองไม้ไผ่
2382,นครราชสีมา,ห้วยแถลง,องค์การบริหารส่วนตำบล,งิ้ว
2383,นครราชสีมา,ห้วยแถลง,องค์การบริหารส่วนตำบล,ตะโก
2384,นครราชสีมา,ห้วยแถลง,องค์การบริหารส่วนตำบล,ทับสวาย
2385,นครราชสีมา,ห้วยแถลง,องค์การบริหารส่วนตำบล,เมืองพลับพลา
2386,นครราชสีมา,ห้วยแถลง,องค์การบริหารส่วนตำบล,หลุ่งตะเคียน
2387,นครราชสีมา,ห้วยแถลง,องค์การบริหารส่วนตำบล,หลุ่งประดู่
2388,นครราชสีมา,ห้วยแถลง,องค์การบริหารส่วนตำบล,ห้วยแคน
2389,นครราชสีมา,ห้วยแถลง,องค์การบริหารส่วนตำบล,ห้วยแถลง
2390,นครราชสีมา,ห้วยแถลง,องค์การบริหารส่วนตำบล,หินดาด
2391,นครศรีธรรมราช,เมืองนครศรีธรรมราช,องค์การบริหารส่วนจังหวัด,นครศรีธรรมราช
2392,นครศรีธรรมราช,เมืองนครศรีธรรมราช,เทศบาลนคร,นครศรีธรรมราช
2393,นครศรีธรรมราช,ท่าศาลา,เทศบาลเมือง,ท่าขึ้น
2394,นครศรีธรรมราช,ท่าศาลา,เทศบาลเมือง,ท่าศาลา
2395,นครศรีธรรมราช,ทุ่งสง,เทศบาลเมือง,ชะมาย
2396,นครศรีธรรมราช,ทุ่งสง,เทศบาลเมือง,ทุ่งสง
2397,นครศรีธรรมราช,ปากพนัง,เทศบาลเมือง,ปากพนัง
2398,นครศรีธรรมราช,เมืองนครศรีธรรมราช,เทศบาลเมือง,ปากพูน
2399,นครศรีธรรมราช,ขนอม,เทศบาลตำบล,ขนอม
2400,นครศรีธรรมราช,ขนอม,เทศบาลตำบล,ท้องเนียน
2401,นครศรีธรรมราช,ขนอม,เทศบาลตำบล,อ่าวขนอม
2402,นครศรีธรรมราช,ฉวาง,เทศบาลตำบล,จันดี
2403,นครศรีธรรมราช,ฉวาง,เทศบาลตำบล,ฉวาง
2404,นครศรีธรรมราช,ฉวาง,เทศบาลตำบล,ปากน้ำฉวาง
2405,นครศรีธรรมราช,ฉวาง,เทศบาลตำบล,ไม้เรียง
2406,นครศรีธรรมราช,เฉลิมพระเกียรติ,เทศบาลตำบล,ดอนตรอ
2407,นครศรีธรรมราช,เฉลิมพระเกียรติ,เทศบาลตำบล,ทางพูน
2408,นครศรีธรรมราช,ชะอวด,เทศบาลตำบล,ชะอวด
2409,นครศรีธรรมราช,ชะอวด,เทศบาลตำบล,ท่าประจะ
2410,นครศรีธรรมราช,ช้างกลาง,เทศบาลตำบล,สวนขัน
2411,นครศรีธรรมราช,ช้างกลาง,เทศบาลตำบล,หลักช้าง
2412,นครศรีธรรมราช,เชียรใหญ่,เทศบาลตำบล,การะเกด
2413,นครศรีธรรมราช,เชียรใหญ่,เทศบาลตำบล,เชียรใหญ่
2414,นครศรีธรรมราช,ถ้ำพรรณรา,เทศบาลตำบล,ถ้ำพรรณรา
2415,นครศรีธรรมราช,ท่าศาลา,เทศบาลตำบล,ท่าศาลา
2416,นครศรีธรรมราช,ทุ่งสง,เทศบาลตำบล,กะปาง
2417,นครศรีธรรมราช,ทุ่งสง,เทศบาลตำบล,ถ้ำใหญ่
2418,นครศรีธรรมราช,ทุ่งสง,เทศบาลตำบล,ที่วัง
2419,นครศรีธรรมราช,ทุ่งใหญ่,เทศบาลตำบล,ท่ายาง
2420,นครศรีธรรมราช,ทุ่งใหญ่,เทศบาลตำบล,ทุ่งสัง
2421,นครศรีธรรมราช,ทุ่งใหญ่,เทศบาลตำบล,ปริก
2422,นครศรีธรรมราช,นบพิตำ,เทศบาลตำบล,นาเหรง
2423,นครศรีธรรมราช,นาบอน,เทศบาลตำบล,นาบอน
2424,นครศรีธรรมราช,ปากพนัง,เทศบาลตำบล,เกาะทวด
2425,นครศรีธรรมราช,ปากพนัง,เทศบาลตำบล,ชะเมา
2426,นครศรีธรรมราช,ปากพนัง,เทศบาลตำบล,บางพระ
2427,นครศรีธรรมราช,พรหมคีรี,เทศบาลตำบล,ทอนหงส์
2428,นครศรีธรรมราช,พรหมคีรี,เทศบาลตำบล,พรหมคีรี
2429,นครศรีธรรมราช,พรหมคีรี,เทศบาลตำบล,พรหมโลก
2430,นครศรีธรรมราช,พระพรหม,เทศบาลตำบล,นาสาร
2431,นครศรีธรรมราช,พิปูน,เทศบาลตำบล,กะทูน
2432,นครศรีธรรมราช,พิปูน,เทศบาลตำบล,เขาพระ
2433,นครศรีธรรมราช,พิปูน,เทศบาลตำบล,ควนกลาง
2434,นครศรีธรรมราช,พิปูน,เทศบาลตำบล,พิปูน
2435,นครศรีธรรมราช,เมืองนครศรีธรรมราช,เทศบาลตำบล,ท่างิ้ว
2436,นครศรีธรรมราช,เมืองนครศรีธรรมราช,เทศบาลตำบล,ท่าแพ
2437,นครศรีธรรมราช,เมืองนครศรีธรรมราช,เทศบาลตำบล,บางจาก
2438,นครศรีธรรมราช,เมืองนครศรีธรรมราช,เทศบาลตำบล,ปากนคร
2439,นครศรีธรรมราช,เมืองนครศรีธรรมราช,เทศบาลตำบล,โพธิ์เสด็จ
2440,นครศรีธรรมราช,ร่อนพิบูลย์,เทศบาลตำบล,เขาชุมทอง
2441,นครศรีธรรมราช,ร่อนพิบูลย์,เทศบาลตำบล,ร่อนพิบูลย์
2442,นครศรีธรรมราช,ร่อนพิบูลย์,เทศบาลตำบล,หินตก
2443,นครศรีธรรมราช,ลานสกา,เทศบาลตำบล,ขุนทะเล
2444,นครศรีธรรมราช,ลานสกา,เทศบาลตำบล,ลานสกา
2445,นครศรีธรรมราช,สิชล,เทศบาลตำบล,ทุ่งใส
2446,นครศรีธรรมราช,สิชล,เทศบาลตำบล,สิชล
2447,นครศรีธรรมราช,หัวไทร,เทศบาลตำบล,เกาะเพชร
2448,นครศรีธรรมราช,หัวไทร,เทศบาลตำบล,หน้าสตน
2449,นครศรีธรรมราช,หัวไทร,เทศบาลตำบล,หัวไทร
2450,นครศรีธรรมราช,ขนอม,องค์การบริหารส่วนตำบล,ควนทอง
2451,นครศรีธรรมราช,จุฬาภรณ์,องค์การบริหารส่วนตำบล,ควนหนองคว้า
2452,นครศรีธรรมราช,จุฬาภรณ์,องค์การบริหารส่วนตำบล,ทุ่งโพธิ์
2453,นครศรีธรรมราช,จุฬาภรณ์,องค์การบริหารส่วนตำบล,นาหมอบุญ
2454,นครศรีธรรมราช,จุฬาภรณ์,องค์การบริหารส่วนตำบล,บ้านชะอวด
2455,นครศรีธรรมราช,จุฬาภรณ์,องค์การบริหารส่วนตำบล,สามตำบล
2456,นครศรีธรรมราช,ฉวาง,องค์การบริหารส่วนตำบล,กะเปียด
2457,นครศรีธรรมราช,ฉวาง,องค์การบริหารส่วนตำบล,นากะชะ
2458,นครศรีธรรมราช,ฉวาง,องค์การบริหารส่วนตำบล,นาเขลียง
2459,นครศรีธรรมราช,ฉวาง,องค์การบริหารส่วนตำบล,นาแว
2460,นครศรีธรรมราช,ฉวาง,องค์การบริหารส่วนตำบล,ไม้เรียง
2461,นครศรีธรรมราช,ฉวาง,องค์การบริหารส่วนตำบล,ละอาย
2462,นครศรีธรรมราช,ฉวาง,องค์การบริหารส่วนตำบล,ไสหร้า
2463,นครศรีธรรมราช,ฉวาง,องค์การบริหารส่วนตำบล,ห้วยปริก
2464,นครศรีธรรมราช,เฉลิมพระเกียรติ,องค์การบริหารส่วนตำบล,เชียรเขา
2465,นครศรีธรรมราช,เฉลิมพระเกียรติ,องค์การบริหารส่วนตำบล,สวนหลวง
2466,นครศรีธรรมราช,ชะอวด,องค์การบริหารส่วนตำบล,เกาะขันธ์
2467,นครศรีธรรมราช,ชะอวด,องค์การบริหารส่วนตำบล,ขอนหาด
2468,นครศรีธรรมราช,ชะอวด,องค์การบริหารส่วนตำบล,เขาพระทอง
2469,นครศรีธรรมราช,ชะอวด,องค์การบริหารส่วนตำบล,ควนหนองหงษ์
2470,นครศรีธรรมราช,ชะอวด,องค์การบริหารส่วนตำบล,เคร็ง
2471,นครศรีธรรมราช,ชะอวด,องค์การบริหารส่วนตำบล,ชะอวด
2472,นครศรีธรรมราช,ชะอวด,องค์การบริหารส่วนตำบล,ท่าเสม็ด
2473,นครศรีธรรมราช,ชะอวด,องค์การบริหารส่วนตำบล,นางหลง
2474,นครศรีธรรมราช,ชะอวด,องค์การบริหารส่วนตำบล,บ้านตูล
2475,นครศรีธรรมราช,ชะอวด,องค์การบริหารส่วนตำบล,วังอ่าง
2476,นครศรีธรรมราช,ช้างกลาง,องค์การบริหารส่วนตำบล,ช้างกลาง
2477,นครศรีธรรมราช,เชียรใหญ่,องค์การบริหารส่วนตำบล,เขาพระบาท
2478,นครศรีธรรมราช,เชียรใหญ่,องค์การบริหารส่วนตำบล,เชียรใหญ่
2479,นครศรีธรรมราช,เชียรใหญ่,องค์การบริหารส่วนตำบล,ท้องลำเจียก
2480,นครศรีธรรมราช,เชียรใหญ่,องค์การบริหารส่วนตำบล,ท่าขนาน
2481,นครศรีธรรมราช,เชียรใหญ่,องค์การบริหารส่วนตำบล,บ้านเนิน
2482,นครศรีธรรมราช,เชียรใหญ่,องค์การบริหารส่วนตำบล,แม่เจ้าอยู่หัว
2483,นครศรีธรรมราช,เชียรใหญ่,องค์การบริหารส่วนตำบล,เสือหึง
2484,นครศรีธรรมราช,เชียรใหญ่,องค์การบริหารส่วนตำบล,ไสหมาก
2485,นครศรีธรรมราช,ถ้ำพรรณรา,องค์การบริหารส่วนตำบล,คลองเส
2486,นครศรีธรรมราช,ถ้ำพรรณรา,องค์การบริหารส่วนตำบล,ดุสิต
2487,นครศรีธรรมราช,ท่าศาลา,องค์การบริหารส่วนตำบล,กลาย
2488,นครศรีธรรมราช,ท่าศาลา,องค์การบริหารส่วนตำบล,ดอนตะโก
2489,นครศรีธรรมราช,ท่าศาลา,องค์การบริหารส่วนตำบล,ตลิ่งชัน
2490,นครศรีธรรมราช,ท่าศาลา,องค์การบริหารส่วนตำบล,ไทยบุรี
2491,นครศรีธรรมราช,ท่าศาลา,องค์การบริหารส่วนตำบล,โพธิ์ทอง
2492,นครศรีธรรมราช,ท่าศาลา,องค์การบริหารส่วนตำบล,โมคลาน
2493,นครศรีธรรมราช,ท่าศาลา,องค์การบริหารส่วนตำบล,สระแก้ว
2494,นครศรีธรรมราช,ท่าศาลา,องค์การบริหารส่วนตำบล,หัวตะพาน
2495,นครศรีธรรมราช,ทุ่งสง,องค์การบริหารส่วนตำบล,เขาขาว
2496,นครศรีธรรมราช,ทุ่งสง,องค์การบริหารส่วนตำบล,เขาโร
2497,นครศรีธรรมราช,ทุ่งสง,องค์การบริหารส่วนตำบล,ควนกรด
2498,นครศรีธรรมราช,ทุ่งสง,องค์การบริหารส่วนตำบล,นาโพธิ์
2499,นครศรีธรรมราช,ทุ่งสง,องค์การบริหารส่วนตำบล,นาไม้ไผ่
2500,นครศรีธรรมราช,ทุ่งสง,องค์การบริหารส่วนตำบล,นาหลวงเสน
2501,นครศรีธรรมราช,ทุ่งสง,องค์การบริหารส่วนตำบล,น้ำตก
2502,นครศรีธรรมราช,ทุ่งสง,องค์การบริหารส่วนตำบล,หนองหงส์
2503,นครศรีธรรมราช,ทุ่งใหญ่,องค์การบริหารส่วนตำบล,กรุงหยัน
2504,นครศรีธรรมราช,ทุ่งใหญ่,องค์การบริหารส่วนตำบล,กุแหระ
2505,นครศรีธรรมราช,ทุ่งใหญ่,องค์การบริหารส่วนตำบล,ท่ายาง
2506,นครศรีธรรมราช,ทุ่งใหญ่,องค์การบริหารส่วนตำบล,ทุ่งใหญ่
2507,นครศรีธรรมราช,ทุ่งใหญ่,องค์การบริหารส่วนตำบล,บางรูป
2508,นครศรีธรรมราช,นบพิตำ,องค์การบริหารส่วนตำบล,กรุงชิง
2509,นครศรีธรรมราช,นบพิตำ,องค์การบริหารส่วนตำบล,กะหรอ
2510,นครศรีธรรมราช,นบพิตำ,องค์การบริหารส่วนตำบล,นบพิตำ
2511,นครศรีธรรมราช,นาบอน,องค์การบริหารส่วนตำบล,แก้วแสน
2512,นครศรีธรรมราช,นาบอน,องค์การบริหารส่วนตำบล,ทุ่งสง
2513,นครศรีธรรมราช,นาบอน,องค์การบริหารส่วนตำบล,นาบอน
2514,นครศรีธรรมราช,บางขัน,องค์การบริหารส่วนตำบล,บางขัน
2515,นครศรีธรรมราช,บางขัน,องค์การบริหารส่วนตำบล,บ้านนิคม
2516,นครศรีธรรมราช,บางขัน,องค์การบริหารส่วนตำบล,บ้านลำนาว
2517,นครศรีธรรมราช,บางขัน,องค์การบริหารส่วนตำบล,วังหิน
2518,นครศรีธรรมราช,ปากพนัง,องค์การบริหารส่วนตำบล,ขนาบนาก
2519,นครศรีธรรมราช,ปากพนัง,องค์การบริหารส่วนตำบล,คลองกระบือ
2520,นครศรีธรรมราช,ปากพนัง,องค์การบริหารส่วนตำบล,คลองน้อย
2521,นครศรีธรรมราช,ปากพนัง,องค์การบริหารส่วนตำบล,ท่าพญา
2522,นครศรีธรรมราช,ปากพนัง,องค์การบริหารส่วนตำบล,บางศาลา
2523,นครศรีธรรมราช,ปากพนัง,องค์การบริหารส่วนตำบล,บ้านเพิง
2524,นครศรีธรรมราช,ปากพนัง,องค์การบริหารส่วนตำบล,บ้านใหม่
2525,นครศรีธรรมราช,ปากพนัง,องค์การบริหารส่วนตำบล,ปากพนังฝั่งตะวันตก
2526,นครศรีธรรมราช,ปากพนัง,องค์การบริหารส่วนตำบล,ปากพนังฝั่งตะวันออก
2527,นครศรีธรรมราช,ปากพนัง,องค์การบริหารส่วนตำบล,ปากแพรก
2528,นครศรีธรรมราช,ปากพนัง,องค์การบริหารส่วนตำบล,ป่าระกำ
2529,นครศรีธรรมราช,ปากพนัง,องค์การบริหารส่วนตำบล,หูล่อง
2530,นครศรีธรรมราช,ปากพนัง,องค์การบริหารส่วนตำบล,แหลมตะลุมพุก
2531,นครศรีธรรมราช,พรหมคีรี,องค์การบริหารส่วนตำบล,ทอนหงส์
2532,นครศรีธรรมราช,พรหมคีรี,องค์การบริหารส่วนตำบล,นาเรียง
2533,นครศรีธรรมราช,พรหมคีรี,องค์การบริหารส่วนตำบล,บ้านเกาะ
2534,นครศรีธรรมราช,พรหมคีรี,องค์การบริหารส่วนตำบล,อินคีรี
2535,นครศรีธรรมราช,พระพรหม,องค์การบริหารส่วนตำบล,ช้างซ้าย
2536,นครศรีธรรมราช,พระพรหม,องค์การบริหารส่วนตำบล,ท้ายสำเภา
2537,นครศรีธรรมราช,พระพรหม,องค์การบริหารส่วนตำบล,นาพรุ
2538,นครศรีธรรมราช,พิปูน,องค์การบริหารส่วนตำบล,พิปูน
2539,นครศรีธรรมราช,พิปูน,องค์การบริหารส่วนตำบล,ยางค้อม
2540,นครศรีธรรมราช,เมืองนครศรีธรรมราช,องค์การบริหารส่วนตำบล,กำแพงเซา
2541,นครศรีธรรมราช,เมืองนครศรีธรรมราช,องค์การบริหารส่วนตำบล,ไชยมนตรี
2542,นครศรีธรรมราช,เมืองนครศรีธรรมราช,องค์การบริหารส่วนตำบล,ท่าซัก
2543,นครศรีธรรมราช,เมืองนครศรีธรรมราช,องค์การบริหารส่วนตำบล,ท่าเรือ
2544,นครศรีธรรมราช,เมืองนครศรีธรรมราช,องค์การบริหารส่วนตำบล,ท่าไร่
2545,นครศรีธรรมราช,เมืองนครศรีธรรมราช,องค์การบริหารส่วนตำบล,นาเคียน
2546,นครศรีธรรมราช,เมืองนครศรีธรรมราช,องค์การบริหารส่วนตำบล,นาทราย
2547,นครศรีธรรมราช,เมืองนครศรีธรรมราช,องค์การบริหารส่วนตำบล,บางจาก
2548,นครศรีธรรมราช,เมืองนครศรีธรรมราช,องค์การบริหารส่วนตำบล,ปากนคร
2549,นครศรีธรรมราช,เมืองนครศรีธรรมราช,องค์การบริหารส่วนตำบล,มะม่วงสองต้น
2550,นครศรีธรรมราช,ร่อนพิบูลย์,องค์การบริหารส่วนตำบล,ควนชุม
2551,นครศรีธรรมราช,ร่อนพิบูลย์,องค์การบริหารส่วนตำบล,ควนพัง
2552,นครศรีธรรมราช,ร่อนพิบูลย์,องค์การบริหารส่วนตำบล,ร่อนพิบูลย์
2553,นครศรีธรรมราช,ร่อนพิบูลย์,องค์การบริหารส่วนตำบล,เสาธง
2554,นครศรีธรรมราช,ร่อนพิบูลย์,องค์การบริหารส่วนตำบล,หินตก
2555,นครศรีธรรมราช,ลานสกา,องค์การบริหารส่วนตำบล,กำโลน
2556,นครศรีธรรมราช,ลานสกา,องค์การบริหารส่วนตำบล,เขาแก้ว
2557,นครศรีธรรมราช,ลานสกา,องค์การบริหารส่วนตำบล,ท่าดี
2558,นครศรีธรรมราช,ลานสกา,องค์การบริหารส่วนตำบล,ลานสกา
2559,นครศรีธรรมราช,สิชล,องค์การบริหารส่วนตำบล,เขาน้อย
2560,นครศรีธรรมราช,สิชล,องค์การบริหารส่วนตำบล,ฉลอง
2561,นครศรีธรรมราช,สิชล,องค์การบริหารส่วนตำบล,ทุ่งปรัง
2562,นครศรีธรรมราช,สิชล,องค์การบริหารส่วนตำบล,เทพราช
2563,นครศรีธรรมราช,สิชล,องค์การบริหารส่วนตำบล,เปลี่ยน
2564,นครศรีธรรมราช,สิชล,องค์การบริหารส่วนตำบล,สิชล
2565,นครศรีธรรมราช,สิชล,องค์การบริหารส่วนตำบล,สี่ขีด
2566,นครศรีธรรมราช,สิชล,องค์การบริหารส่วนตำบล,เสาเภา
2567,นครศรีธรรมราช,หัวไทร,องค์การบริหารส่วนตำบล,เขาพังไกร
2568,นครศรีธรรมราช,หัวไทร,องค์การบริหารส่วนตำบล,ควนชะลิก
2569,นครศรีธรรมราช,หัวไทร,องค์การบริหารส่วนตำบล,ทรายขาว
2570,นครศรีธรรมราช,หัวไทร,องค์การบริหารส่วนตำบล,ท่าซอม
2571,นครศรีธรรมราช,หัวไทร,องค์การบริหารส่วนตำบล,บางนบ
2572,นครศรีธรรมราช,หัวไทร,องค์การบริหารส่วนตำบล,บ้านราม
2573,นครศรีธรรมราช,หัวไทร,องค์การบริหารส่วนตำบล,รามแก้ว
2574,นครศรีธรรมราช,หัวไทร,องค์การบริหารส่วนตำบล,หัวไทร
2575,นครศรีธรรมราช,หัวไทร,องค์การบริหารส่วนตำบล,แหลม
2576,นครสวรรค์,เมืองนครสวรรค์,องค์การบริหารส่วนจังหวัด,นครสวรรค์
2577,นครสวรรค์,เมืองนครสวรรค์,เทศบาลนคร,นครสวรรค์
2578,นครสวรรค์,ชุมแสง,เทศบาลเมือง,ชุมแสง
2579,นครสวรรค์,ตาคลี,เทศบาลเมือง,ตาคลี
2580,นครสวรรค์,เมืองนครสวรรค์,เทศบาลเมือง,หนองปลิง
2581,นครสวรรค์,หนองบัว,เทศบาลเมือง,หนองบัว
2582,นครสวรรค์,เก้าเลี้ยว,เทศบาลตำบล,เก้าเลี้ยว
2583,นครสวรรค์,โกรกพระ,เทศบาลตำบล,โกรกพระ
2584,นครสวรรค์,โกรกพระ,เทศบาลตำบล,บางประมุง
2585,นครสวรรค์,โกรกพระ,เทศบาลตำบล,บางมะฝ่อ
2586,นครสวรรค์,ชุมแสง,เทศบาลตำบล,ทับกฤช
2587,นครสวรรค์,ตากฟ้า,เทศบาลตำบล,ตากฟ้า
2588,นครสวรรค์,ตากฟ้า,เทศบาลตำบล,อุดมธัญญา
2589,นครสวรรค์,ตาคลี,เทศบาลตำบล,ช่องแค
2590,นครสวรรค์,ท่าตะโก,เทศบาลตำบล,ท่าตะโก
2591,นครสวรรค์,บรรพตพิสัย,เทศบาลตำบล,บรรพตพิสัย
2592,นครสวรรค์,บรรพตพิสัย,เทศบาลตำบล,บ้านแดน
2593,นครสวรรค์,พยุหะคีรี,เทศบาลตำบล,ท่าน้ำอ้อยม่วงหัก
2594,นครสวรรค์,พยุหะคีรี,เทศบาลตำบล,พยุหะ
2595,นครสวรรค์,ไพศาลี,เทศบาลตำบล,ไพศาลี
2596,นครสวรรค์,เมืองนครสวรรค์,เทศบาลตำบล,บ้านแก่ง
2597,นครสวรรค์,เมืองนครสวรรค์,เทศบาลตำบล,หนองเบน
2598,นครสวรรค์,ลาดยาว,เทศบาลตำบล,ลาดยาว
2599,นครสวรรค์,ลาดยาว,เทศบาลตำบล,ศาลเจ้าไก่ต่อ
2600,นครสวรรค์,หนองบัว,เทศบาลตำบล,ห้วยใหญ่
2601,นครสวรรค์,เก้าเลี้ยว,องค์การบริหารส่วนตำบล,เขาดิน
2602,นครสวรรค์,เก้าเลี้ยว,องค์การบริหารส่วนตำบล,มหาโพธิ
2603,นครสวรรค์,เก้าเลี้ยว,องค์การบริหารส่วนตำบล,หนองเต่า
2604,นครสวรรค์,เก้าเลี้ยว,องค์การบริหารส่วนตำบล,หัวดง
2605,นครสวรรค์,โกรกพระ,องค์การบริหารส่วนตำบล,โกรกพระ
2606,นครสวรรค์,โกรกพระ,องค์การบริหารส่วนตำบล,นากลาง
2607,นครสวรรค์,โกรกพระ,องค์การบริหารส่วนตำบล,เนินกว้าว
2608,นครสวรรค์,โกรกพระ,องค์การบริหารส่วนตำบล,เนินศาลา
2609,นครสวรรค์,โกรกพระ,องค์การบริหารส่วนตำบล,ยางตาล
2610,นครสวรรค์,โกรกพระ,องค์การบริหารส่วนตำบล,ศาลาแดง
2611,นครสวรรค์,ชุมตาบง,องค์การบริหารส่วนตำบล,ชุมตาบง
2612,นครสวรรค์,ชุมตาบง,องค์การบริหารส่วนตำบล,ปางสวรรค์
2613,นครสวรรค์,ชุมแสง,องค์การบริหารส่วนตำบล,เกยไชย
2614,นครสวรรค์,ชุมแสง,องค์การบริหารส่วนตำบล,โคกหม้อ
2615,นครสวรรค์,ชุมแสง,องค์การบริหารส่วนตำบล,ฆะมัง
2616,นครสวรรค์,ชุมแสง,องค์การบริหารส่วนตำบล,ทับกฤช
2617,นครสวรรค์,ชุมแสง,องค์การบริหารส่วนตำบล,ทับกฤชใต้
2618,นครสวรรค์,ชุมแสง,องค์การบริหารส่วนตำบล,ท่าไม้
2619,นครสวรรค์,ชุมแสง,องค์การบริหารส่วนตำบล,บางเคียน
2620,นครสวรรค์,ชุมแสง,องค์การบริหารส่วนตำบล,ไผ่สิงห์
2621,นครสวรรค์,ชุมแสง,องค์การบริหารส่วนตำบล,พันลาน
2622,นครสวรรค์,ชุมแสง,องค์การบริหารส่วนตำบล,พิกุล
2623,นครสวรรค์,ชุมแสง,องค์การบริหารส่วนตำบล,หนองกระเจา
2624,นครสวรรค์,ตากฟ้า,องค์การบริหารส่วนตำบล,เขาชายธง
2625,นครสวรรค์,ตากฟ้า,องค์การบริหารส่วนตำบล,ตากฟ้า
2626,นครสวรรค์,ตากฟ้า,องค์การบริหารส่วนตำบล,พุนกยูง
2627,นครสวรรค์,ตากฟ้า,องค์การบริหารส่วนตำบล,ลำพยนต์
2628,นครสวรรค์,ตากฟ้า,องค์การบริหารส่วนตำบล,สุขสำราญ
2629,นครสวรรค์,ตากฟ้า,องค์การบริหารส่วนตำบล,หนองพิกุล
2630,นครสวรรค์,ตาคลี,องค์การบริหารส่วนตำบล,จันเสน
2631,นครสวรรค์,ตาคลี,องค์การบริหารส่วนตำบล,ช่องแค
2632,นครสวรรค์,ตาคลี,องค์การบริหารส่วนตำบล,ตาคลี
2633,นครสวรรค์,ตาคลี,องค์การบริหารส่วนตำบล,พรหมนิมิต
2634,นครสวรรค์,ตาคลี,องค์การบริหารส่วนตำบล,ลาดทิพรส
2635,นครสวรรค์,ตาคลี,องค์การบริหารส่วนตำบล,สร้อยทอง
2636,นครสวรรค์,ตาคลี,องค์การบริหารส่วนตำบล,หนองโพ
2637,นครสวรรค์,ตาคลี,องค์การบริหารส่วนตำบล,หนองหม้อ
2638,นครสวรรค์,ตาคลี,องค์การบริหารส่วนตำบล,ห้วยหอม
2639,นครสวรรค์,ตาคลี,องค์การบริหารส่วนตำบล,หัวหวาย
2640,นครสวรรค์,ท่าตะโก,องค์การบริหารส่วนตำบล,ดอนคา
2641,นครสวรรค์,ท่าตะโก,องค์การบริหารส่วนตำบล,ท่าตะโก
2642,นครสวรรค์,ท่าตะโก,องค์การบริหารส่วนตำบล,ทำนบ
2643,นครสวรรค์,ท่าตะโก,องค์การบริหารส่วนตำบล,พนมรอก
2644,นครสวรรค์,ท่าตะโก,องค์การบริหารส่วนตำบล,พนมเศษ
2645,นครสวรรค์,ท่าตะโก,องค์การบริหารส่วนตำบล,วังมหากร
2646,นครสวรรค์,ท่าตะโก,องค์การบริหารส่วนตำบล,วังใหญ่
2647,นครสวรรค์,ท่าตะโก,องค์การบริหารส่วนตำบล,สายลำโพง
2648,นครสวรรค์,ท่าตะโก,องค์การบริหารส่วนตำบล,หนองหลวง
2649,นครสวรรค์,ท่าตะโก,องค์การบริหารส่วนตำบล,หัวถนน
2650,นครสวรรค์,บรรพตพิสัย,องค์การบริหารส่วนตำบล,เจริญผล
2651,นครสวรรค์,บรรพตพิสัย,องค์การบริหารส่วนตำบล,ด่านช้าง
2652,นครสวรรค์,บรรพตพิสัย,องค์การบริหารส่วนตำบล,ตาขีด
2653,นครสวรรค์,บรรพตพิสัย,องค์การบริหารส่วนตำบล,ตาสัง
2654,นครสวรรค์,บรรพตพิสัย,องค์การบริหารส่วนตำบล,ท่างิ้ว
2655,นครสวรรค์,บรรพตพิสัย,องค์การบริหารส่วนตำบล,บางแก้ว
2656,นครสวรรค์,บรรพตพิสัย,องค์การบริหารส่วนตำบล,บางตาหงาย
2657,นครสวรรค์,บรรพตพิสัย,องค์การบริหารส่วนตำบล,บึงปลาทู
2658,นครสวรรค์,บรรพตพิสัย,องค์การบริหารส่วนตำบล,หนองกรด
2659,นครสวรรค์,บรรพตพิสัย,องค์การบริหารส่วนตำบล,หนองตางู
2660,นครสวรรค์,บรรพตพิสัย,องค์การบริหารส่วนตำบล,หูกวาง
2661,นครสวรรค์,บรรพตพิสัย,องค์การบริหารส่วนตำบล,อ่างทอง
2662,นครสวรรค์,พยุหะคีรี,องค์การบริหารส่วนตำบล,เขากะลา
2663,นครสวรรค์,พยุหะคีรี,องค์การบริหารส่วนตำบล,เขาทอง
2664,นครสวรรค์,พยุหะคีรี,องค์การบริหารส่วนตำบล,น้ำทรง
2665,นครสวรรค์,พยุหะคีรี,องค์การบริหารส่วนตำบล,นิคมเขาบ่อแก้ว
2666,นครสวรรค์,พยุหะคีรี,องค์การบริหารส่วนตำบล,เนินมะกอก
2667,นครสวรรค์,พยุหะคีรี,องค์การบริหารส่วนตำบล,พยุหะ
2668,นครสวรรค์,พยุหะคีรี,องค์การบริหารส่วนตำบล,ยางขาว
2669,นครสวรรค์,พยุหะคีรี,องค์การบริหารส่วนตำบล,ย่านมัทรี
2670,นครสวรรค์,พยุหะคีรี,องค์การบริหารส่วนตำบล,สระทะเล
2671,นครสวรรค์,ไพศาลี,องค์การบริหารส่วนตำบล,โคกเดื่อ
2672,นครสวรรค์,ไพศาลี,องค์การบริหารส่วนตำบล,ตะคร้อ
2673,นครสวรรค์,ไพศาลี,องค์การบริหารส่วนตำบล,นาขอม
2674,นครสวรรค์,ไพศาลี,องค์การบริหารส่วนตำบล,โพธิ์ประสาท
2675,นครสวรรค์,ไพศาลี,องค์การบริหารส่วนตำบล,ไพศาลี
2676,นครสวรรค์,ไพศาลี,องค์การบริหารส่วนตำบล,วังข่อย
2677,นครสวรรค์,ไพศาลี,องค์การบริหารส่วนตำบล,วังน้ำลัด
2678,นครสวรรค์,ไพศาลี,องค์การบริหารส่วนตำบล,สำโรงชัย
2679,นครสวรรค์,เมืองนครสวรรค์,องค์การบริหารส่วนตำบล,กลางแดด
2680,นครสวรรค์,เมืองนครสวรรค์,องค์การบริหารส่วนตำบล,เกรียงไกร
2681,นครสวรรค์,เมืองนครสวรรค์,องค์การบริหารส่วนตำบล,แควใหญ่
2682,นครสวรรค์,เมืองนครสวรรค์,องค์การบริหารส่วนตำบล,ตะเคียนเลื่อน
2683,นครสวรรค์,เมืองนครสวรรค์,องค์การบริหารส่วนตำบล,นครสวรรค์ตก
2684,นครสวรรค์,เมืองนครสวรรค์,องค์การบริหารส่วนตำบล,นครสวรรค์ออก
2685,นครสวรรค์,เมืองนครสวรรค์,องค์การบริหารส่วนตำบล,บางพระหลวง
2686,นครสวรรค์,เมืองนครสวรรค์,องค์การบริหารส่วนตำบล,บางม่วง
2687,นครสวรรค์,เมืองนครสวรรค์,องค์การบริหารส่วนตำบล,บ้านมะเกลือ
2688,นครสวรรค์,เมืองนครสวรรค์,องค์การบริหารส่วนตำบล,บึงเสนาท
2689,นครสวรรค์,เมืองนครสวรรค์,องค์การบริหารส่วนตำบล,พระนอน
2690,นครสวรรค์,เมืองนครสวรรค์,องค์การบริหารส่วนตำบล,วัดไทรย์
2691,นครสวรรค์,เมืองนครสวรรค์,องค์การบริหารส่วนตำบล,หนองกรด
2692,นครสวรรค์,เมืองนครสวรรค์,องค์การบริหารส่วนตำบล,หนองกระโดน
2693,นครสวรรค์,แม่เปิน,องค์การบริหารส่วนตำบล,แม่เปิน
2694,นครสวรรค์,แม่วงก์,องค์การบริหารส่วนตำบล,เขาชนกัน
2695,นครสวรรค์,แม่วงก์,องค์การบริหารส่วนตำบล,แม่เล่ย์
2696,นครสวรรค์,แม่วงก์,องค์การบริหารส่วนตำบล,แม่วงก์
2697,นครสวรรค์,แม่วงก์,องค์การบริหารส่วนตำบล,วังซ่าน
2698,นครสวรรค์,ลาดยาว,องค์การบริหารส่วนตำบล,เนินขี้เหล็ก
2699,นครสวรรค์,ลาดยาว,องค์การบริหารส่วนตำบล,บ้านไร่
2700,นครสวรรค์,ลาดยาว,องค์การบริหารส่วนตำบล,มาบแก
2701,นครสวรรค์,ลาดยาว,องค์การบริหารส่วนตำบล,ลาดยาว
2702,นครสวรรค์,ลาดยาว,องค์การบริหารส่วนตำบล,วังม้า
2703,นครสวรรค์,ลาดยาว,องค์การบริหารส่วนตำบล,วังเมือง
2704,นครสวรรค์,ลาดยาว,องค์การบริหารส่วนตำบล,ศาลเจ้าไก่ต่อ
2705,นครสวรรค์,ลาดยาว,องค์การบริหารส่วนตำบล,สร้อยละคร
2706,นครสวรรค์,ลาดยาว,องค์การบริหารส่วนตำบล,สระแก้ว
2707,นครสวรรค์,ลาดยาว,องค์การบริหารส่วนตำบล,หนองนมวัว
2708,นครสวรรค์,ลาดยาว,องค์การบริหารส่วนตำบล,หนองยาว
2709,นครสวรรค์,ลาดยาว,องค์การบริหารส่วนตำบล,ห้วยน้ำหอม
2710,นครสวรรค์,หนองบัว,องค์การบริหารส่วนตำบล,ทุ่งทอง
2711,นครสวรรค์,หนองบัว,องค์การบริหารส่วนตำบล,ธารทหาร
2712,นครสวรรค์,หนองบัว,องค์การบริหารส่วนตำบล,วังบ่อ
2713,นครสวรรค์,หนองบัว,องค์การบริหารส่วนตำบล,หนองกลับ
2714,นครสวรรค์,หนองบัว,องค์การบริหารส่วนตำบล,หนองบัว
2715,นครสวรรค์,หนองบัว,องค์การบริหารส่วนตำบล,ห้วยถั่วเหนือ
2716,นครสวรรค์,หนองบัว,องค์การบริหารส่วนตำบล,ห้วยร่วม
2717,นนทบุรี,เมืองนนทบุรี,องค์การบริหารส่วนจังหวัด,นนทบุรี
2718,นนทบุรี,บางบัวทอง,เทศบาลนคร,บางบัวทอง
2719,นนทบุรี,ปากเกร็ด,เทศบาลนคร,ปากเกร็ด
2720,นนทบุรี,เมืองนนทบุรี,เทศบาลนคร,นนทบุรี
2721,นนทบุรี,ไทรน้อย,เทศบาลเมือง,ไทรน้อย
2722,นนทบุรี,บางกรวย,เทศบาลเมือง,บางกรวย
2723,นนทบุรี,บางกรวย,เทศบาลเมือง,ปลายบาง
2724,นนทบุรี,บางกรวย,เทศบาลเมือง,ศาลากลาง
2725,นนทบุรี,บางบัวทอง,เทศบาลเมือง,บางคูรัด
2726,นนทบุรี,บางบัวทอง,เทศบาลเมือง,บางรักพัฒนา
2727,นนทบุรี,บางบัวทอง,เทศบาลเมือง,พิมลราช
2728,นนทบุรี,บางบัวทอง,เทศบาลเมือง,ละหาร
2729,นนทบุรี,บางบัวทอง,เทศบาลเมือง,ลำโพ
2730,นนทบุรี,บางบัวทอง,เทศบาลเมือง,ใหม่บางบัวทอง
2731,นนทบุรี,บางใหญ่,เทศบาลเมือง,บางแม่นาง
2732,นนทบุรี,บางใหญ่,เทศบาลเมือง,บางเลน
2733,นนทบุรี,บางใหญ่,เทศบาลเมือง,บางใหญ่
2734,นนทบุรี,บางใหญ่,เทศบาลเมือง,บ้านบางม่วง
2735,นนทบุรี,บางใหญ่,เทศบาลเมือง,เสาธงหิน
2736,นนทบุรี,ปากเกร็ด,เทศบาลเมือง,ท่าอิฐ
2737,นนทบุรี,ปากเกร็ด,เทศบาลเมือง,บางพลับ
2738,นนทบุรี,เมืองนนทบุรี,เทศบาลเมือง,ไทรม้า
2739,นนทบุรี,เมืองนนทบุรี,เทศบาลเมือง,บางกร่าง
2740,นนทบุรี,เมืองนนทบุรี,เทศบาลเมือง,บางไผ่
2741,นนทบุรี,เมืองนนทบุรี,เทศบาลเมือง,บางรักน้อย
2742,นนทบุรี,เมืองนนทบุรี,เทศบาลเมือง,บางศรีเมือง
2743,นนทบุรี,ไทรน้อย,เทศบาลตำบล,ขุนศรี
2744,นนทบุรี,ไทรน้อย,เทศบาลตำบล,คลองขวาง
2745,นนทบุรี,ไทรน้อย,เทศบาลตำบล,ทวีวัฒนา
2746,นนทบุรี,ไทรน้อย,เทศบาลตำบล,ไทรน้อย
2747,นนทบุรี,ไทรน้อย,เทศบาลตำบล,ไทรใหญ่
2748,นนทบุรี,ไทรน้อย,เทศบาลตำบล,หนองเพรางาย
2749,นนทบุรี,บางกรวย,เทศบาลตำบล,บางสีทอง
2750,นนทบุรี,บางใหญ่,เทศบาลตำบล,บางม่วง
2751,นนทบุรี,บางใหญ่,เทศบาลตำบล,บางใหญ่
2752,นนทบุรี,ปากเกร็ด,เทศบาลตำบล,คลองพระอุดม
2753,นนทบุรี,ไทรน้อย,องค์การบริหารส่วนตำบล,ราษฎร์นิยม
2754,นนทบุรี,บางกรวย,องค์การบริหารส่วนตำบล,บางขนุน
2755,นนทบุรี,บางกรวย,องค์การบริหารส่วนตำบล,บางขุนกอง
2756,นนทบุรี,บางกรวย,องค์การบริหารส่วนตำบล,มหาสวัสดิ์
2757,นนทบุรี,บางบัวทอง,องค์การบริหารส่วนตำบล,บางรักใหญ่
2758,นนทบุรี,บางใหญ่,องค์การบริหารส่วนตำบล,บ้านใหม่
2759,นนทบุรี,ปากเกร็ด,องค์การบริหารส่วนตำบล,เกาะเกร็ด
2760,นนทบุรี,ปากเกร็ด,องค์การบริหารส่วนตำบล,คลองข่อย
2761,นนทบุรี,ปากเกร็ด,องค์การบริหารส่วนตำบล,บางตะไนย์
2762,นนทบุรี,ปากเกร็ด,องค์การบริหารส่วนตำบล,อ้อมเกร็ด
2763,นราธิวาส,เมืองนราธิวาส,องค์การบริหารส่วนจังหวัด,นราธิวาส
2764,นราธิวาส,ตากใบ,เทศบาลเมือง,ตากใบ
2765,นราธิวาส,เมืองนราธิวาส,เทศบาลเมือง,นราธิวาส
2766,นราธิวาส,สุไหงโก-ลก,เทศบาลเมือง,สุไหงโก-ลก
2767,นราธิวาส,บาเจาะ,เทศบาลตำบล,ต้นไทร
2768,นราธิวาส,บาเจาะ,เทศบาลตำบล,บาเจาะ
2769,นราธิวาส,เมืองนราธิวาส,เทศบาลตำบล,กะลุวอเหนือ
2770,นราธิวาส,ยี่งอ,เทศบาลตำบล,ยี่งอ
2771,นราธิวาส,ระแงะ,เทศบาลตำบล,ตันหยงมัส
2772,นราธิวาส,ระแงะ,เทศบาลตำบล,มะรือโบตก
2773,นราธิวาส,รือเสาะ,เทศบาลตำบล,รือเสาะ
2774,นราธิวาส,แว้ง,เทศบาลตำบล,บูเก๊ะตา
2775,นราธิวาส,แว้ง,เทศบาลตำบล,แว้ง
2776,นราธิวาส,ศรีสาคร,เทศบาลตำบล,ศรีสาคร
2777,นราธิวาส,สุคิริน,เทศบาลตำบล,สุคิริน
2778,นราธิวาส,สุไหงโก-ลก,เทศบาลตำบล,ปาเสมัส
2779,นราธิวาส,สุไหงปาดี,เทศบาลตำบล,ปะลุรู
2780,นราธิวาส,จะแนะ,องค์การบริหารส่วนตำบล,จะแนะ
2781,นราธิวาส,จะแนะ,องค์การบริหารส่วนตำบล,ช้างเผือก
2782,นราธิวาส,จะแนะ,องค์การบริหารส่วนตำบล,ดุซงญอ
2783,นราธิวาส,จะแนะ,องค์การบริหารส่วนตำบล,ผดุงมาตร
2784,นราธิวาส,เจาะไอร้อง,องค์การบริหารส่วนตำบล,จวบ
2785,นราธิวาส,เจาะไอร้อง,องค์การบริหารส่วนตำบล,บูกิต
2786,นราธิวาส,เจาะไอร้อง,องค์การบริหารส่วนตำบล,มะรือโบออก
2787,นราธิวาส,ตากใบ,องค์การบริหารส่วนตำบล,เกาะสะท้อน
2788,นราธิวาส,ตากใบ,องค์การบริหารส่วนตำบล,โฆษิต
2789,นราธิวาส,ตากใบ,องค์การบริหารส่วนตำบล,นานาค
2790,นราธิวาส,ตากใบ,องค์การบริหารส่วนตำบล,บางขุนทอง
2791,นราธิวาส,ตากใบ,องค์การบริหารส่วนตำบล,พร่อน
2792,นราธิวาส,ตากใบ,องค์การบริหารส่วนตำบล,ไพรวัน
2793,นราธิวาส,ตากใบ,องค์การบริหารส่วนตำบล,ศาลาใหม่
2794,นราธิวาส,บาเจาะ,องค์การบริหารส่วนตำบล,กาเยาะมาตี
2795,นราธิวาส,บาเจาะ,องค์การบริหารส่วนตำบล,บาเจาะ
2796,นราธิวาส,บาเจาะ,องค์การบริหารส่วนตำบล,บาเระใต้
2797,นราธิวาส,บาเจาะ,องค์การบริหารส่วนตำบล,บาเระเหนือ
2798,นราธิวาส,บาเจาะ,องค์การบริหารส่วนตำบล,ปะลุกาสาเมาะ
2799,นราธิวาส,บาเจาะ,องค์การบริหารส่วนตำบล,ลุโบะสาวอ
2800,นราธิวาส,เมืองนราธิวาส,องค์การบริหารส่วนตำบล,กะลุวอ
2801,นราธิวาส,เมืองนราธิวาส,องค์การบริหารส่วนตำบล,โคกเคียน
2802,นราธิวาส,เมืองนราธิวาส,องค์การบริหารส่วนตำบล,บางปอ
2803,นราธิวาส,เมืองนราธิวาส,องค์การบริหารส่วนตำบล,มะนังตายอ
2804,นราธิวาส,เมืองนราธิวาส,องค์การบริหารส่วนตำบล,ลำภู
2805,นราธิวาส,ยี่งอ,องค์การบริหารส่วนตำบล,จอเบาะ
2806,นราธิวาส,ยี่งอ,องค์การบริหารส่วนตำบล,ตะปอเยาะ
2807,นราธิวาส,ยี่งอ,องค์การบริหารส่วนตำบล,ยี่งอ
2808,นราธิวาส,ยี่งอ,องค์การบริหารส่วนตำบล,ละหาร
2809,นราธิวาส,ยี่งอ,องค์การบริหารส่วนตำบล,ลุโบะบายะ
2810,นราธิวาส,ยี่งอ,องค์การบริหารส่วนตำบล,ลุโบะบือซา
2811,นราธิวาส,ระแงะ,องค์การบริหารส่วนตำบล,กาลิซา
2812,นราธิวาส,ระแงะ,องค์การบริหารส่วนตำบล,เฉลิม
2813,นราธิวาส,ระแงะ,องค์การบริหารส่วนตำบล,ตันหยงมัส
2814,นราธิวาส,ระแงะ,องค์การบริหารส่วนตำบล,ตันหยงลิมอ
2815,นราธิวาส,ระแงะ,องค์การบริหารส่วนตำบล,บองอ
2816,นราธิวาส,ระแงะ,องค์การบริหารส่วนตำบล,บาโงสะโต
2817,นราธิวาส,ระแงะ,องค์การบริหารส่วนตำบล,มะรือโบตก
2818,นราธิวาส,รือเสาะ,องค์การบริหารส่วนตำบล,โคกสะตอ
2819,นราธิวาส,รือเสาะ,องค์การบริหารส่วนตำบล,บาตง
2820,นราธิวาส,รือเสาะ,องค์การบริหารส่วนตำบล,รือเสาะ
2821,นราธิวาส,รือเสาะ,องค์การบริหารส่วนตำบล,รือเสาะออก
2822,นราธิวาส,รือเสาะ,องค์การบริหารส่วนตำบล,เรียง
2823,นราธิวาส,รือเสาะ,องค์การบริหารส่วนตำบล,ลาโละ
2824,นราธิวาส,รือเสาะ,องค์การบริหารส่วนตำบล,สามัคคี
2825,นราธิวาส,รือเสาะ,องค์การบริหารส่วนตำบล,สาวอ
2826,นราธิวาส,รือเสาะ,องค์การบริหารส่วนตำบล,สุวารี
2827,นราธิวาส,แว้ง,องค์การบริหารส่วนตำบล,กายูคละ
2828,นราธิวาส,แว้ง,องค์การบริหารส่วนตำบล,ฆอเลาะ
2829,นราธิวาส,แว้ง,องค์การบริหารส่วนตำบล,แม่ดง
2830,นราธิวาส,แว้ง,องค์การบริหารส่วนตำบล,โละจูด
2831,นราธิวาส,แว้ง,องค์การบริหารส่วนตำบล,แว้ง
2832,นราธิวาส,แว้ง,องค์การบริหารส่วนตำบล,เอราวัณ
2833,นราธิวาส,ศรีสาคร,องค์การบริหารส่วนตำบล,กาหลง
2834,นราธิวาส,ศรีสาคร,องค์การบริหารส่วนตำบล,เชิงคีรี
2835,นราธิวาส,ศรีสาคร,องค์การบริหารส่วนตำบล,ซากอ
2836,นราธิวาส,ศรีสาคร,องค์การบริหารส่วนตำบล,ตะมะยูง
2837,นราธิวาส,ศรีสาคร,องค์การบริหารส่วนตำบล,ศรีบรรพต
2838,นราธิวาส,ศรีสาคร,องค์การบริหารส่วนตำบล,ศรีสาคร
2839,นราธิวาส,สุคิริน,องค์การบริหารส่วนตำบล,เกียร์
2840,นราธิวาส,สุคิริน,องค์การบริหารส่วนตำบล,ภูเขาทอง
2841,นราธิวาส,สุคิริน,องค์การบริหารส่วนตำบล,มาโมง
2842,นราธิวาส,สุคิริน,องค์การบริหารส่วนตำบล,ร่มไทร
2843,นราธิวาส,สุคิริน,องค์การบริหารส่วนตำบล,สุคิริน
2844,นราธิวาส,สุไหงโก-ลก,องค์การบริหารส่วนตำบล,ปูโยะ
2845,นราธิวาส,สุไหงโก-ลก,องค์การบริหารส่วนตำบล,มูโนะ
2846,นราธิวาส,สุไหงปาดี,องค์การบริหารส่วนตำบล,กาวะ
2847,นราธิวาส,สุไหงปาดี,องค์การบริหารส่วนตำบล,โต๊ะเด็ง
2848,นราธิวาส,สุไหงปาดี,องค์การบริหารส่วนตำบล,ปะลุรู
2849,นราธิวาส,สุไหงปาดี,องค์การบริหารส่วนตำบล,ริโก๋
2850,นราธิวาส,สุไหงปาดี,องค์การบริหารส่วนตำบล,สากอ
2851,นราธิวาส,สุไหงปาดี,องค์การบริหารส่วนตำบล,สุไหงปาดี
2852,น่าน,เมืองน่าน,องค์การบริหารส่วนจังหวัด,น่าน
2853,น่าน,เมืองน่าน,เทศบาลเมือง,ไชยสถาน
2854,น่าน,เมืองน่าน,เทศบาลเมือง,น่าน
2855,น่าน,เชียงกลาง,เทศบาลตำบล,เชียงกลาง
2856,น่าน,เชียงกลาง,เทศบาลตำบล,พระพุทธบาทเชียงคาน
2857,น่าน,ท่าวังผา,เทศบาลตำบล,ท่าวังผา
2858,น่าน,ทุ่งช้าง,เทศบาลตำบล,งอบ
2859,น่าน,ทุ่งช้าง,เทศบาลตำบล,ทุ่งช้าง
2860,น่าน,นาน้อย,เทศบาลตำบล,นาน้อย
2861,น่าน,นาน้อย,เทศบาลตำบล,ศรีษะเกษ
2862,น่าน,นาหมื่น,เทศบาลตำบล,บ่อแก้ว
2863,น่าน,บ่อเกลือ,เทศบาลตำบล,บ่อเกลือใต้
2864,น่าน,ปัว,เทศบาลตำบล,ปัว
2865,น่าน,ปัว,เทศบาลตำบล,ศิลาแลง
2866,น่าน,เมืองน่าน,เทศบาลตำบล,กองควาย
2867,น่าน,เมืองน่าน,เทศบาลตำบล,ดู่ใต้
2868,น่าน,แม่จริม,เทศบาลตำบล,หนองแดง
2869,น่าน,เวียงสา,เทศบาลตำบล,กลางเวียง
2870,น่าน,เวียงสา,เทศบาลตำบล,ขึ่ง
2871,น่าน,เวียงสา,เทศบาลตำบล,เวียงสา
2872,น่าน,สองแคว,เทศบาลตำบล,ยอด
2873,น่าน,สันติสุข,เทศบาลตำบล,สันติสุข
2874,น่าน,เฉลิมพระเกียรติ,องค์การบริหารส่วนตำบล,ขุนน่าน
2875,น่าน,เฉลิมพระเกียรติ,องค์การบริหารส่วนตำบล,ห้วยโก๋น
2876,น่าน,เชียงกลาง,องค์การบริหารส่วนตำบล,เชียงกลางพญาแก้ว
2877,น่าน,เชียงกลาง,องค์การบริหารส่วนตำบล,เปือ
2878,น่าน,เชียงกลาง,องค์การบริหารส่วนตำบล,พระธาตุ
2879,น่าน,ท่าวังผา,องค์การบริหารส่วนตำบล,จอมพระ
2880,น่าน,ท่าวังผา,องค์การบริหารส่วนตำบล,ตาลชุม
2881,น่าน,ท่าวังผา,องค์การบริหารส่วนตำบล,ป่าคา
2882,น่าน,ท่าวังผา,องค์การบริหารส่วนตำบล,ผาตอ
2883,น่าน,ท่าวังผา,องค์การบริหารส่วนตำบล,ผาทอง
2884,น่าน,ท่าวังผา,องค์การบริหารส่วนตำบล,ยม
2885,น่าน,ท่าวังผา,องค์การบริหารส่วนตำบล,ริม
2886,น่าน,ท่าวังผา,องค์การบริหารส่วนตำบล,ศรีภูมิ
2887,น่าน,ท่าวังผา,องค์การบริหารส่วนตำบล,แสนทอง
2888,น่าน,ทุ่งช้าง,องค์การบริหารส่วนตำบล,ทุ่งช้าง
2889,น่าน,ทุ่งช้าง,องค์การบริหารส่วนตำบล,ปอน
2890,น่าน,ทุ่งช้าง,องค์การบริหารส่วนตำบล,และ
2891,น่าน,นาน้อย,องค์การบริหารส่วนตำบล,เชียงของ
2892,น่าน,นาน้อย,องค์การบริหารส่วนตำบล,นาน้อย
2893,น่าน,นาน้อย,องค์การบริหารส่วนตำบล,น้ำตก
2894,น่าน,นาน้อย,องค์การบริหารส่วนตำบล,บัวใหญ่
2895,น่าน,นาน้อย,องค์การบริหารส่วนตำบล,สถาน
2896,น่าน,นาน้อย,องค์การบริหารส่วนตำบล,สันทะ
2897,น่าน,นาหมื่น,องค์การบริหารส่วนตำบล,นาทะนุง
2898,น่าน,นาหมื่น,องค์การบริหารส่วนตำบล,ปิงหลวง
2899,น่าน,นาหมื่น,องค์การบริหารส่วนตำบล,เมืองลี
2900,น่าน,บ่อเกลือ,องค์การบริหารส่วนตำบล,ดงพญา
2901,น่าน,บ่อเกลือ,องค์การบริหารส่วนตำบล,บ่อเกลือเหนือ
2902,น่าน,บ่อเกลือ,องค์การบริหารส่วนตำบล,ภูฟ้า
2903,น่าน,บ้านหลวง,องค์การบริหารส่วนตำบล,บ้านพี้
2904,น่าน,บ้านหลวง,องค์การบริหารส่วนตำบล,บ้านฟ้า
2905,น่าน,บ้านหลวง,องค์การบริหารส่วนตำบล,ป่าคาหลวง
2906,น่าน,บ้านหลวง,องค์การบริหารส่วนตำบล,สวด
2907,น่าน,ปัว,องค์การบริหารส่วนตำบล,แงง
2908,น่าน,ปัว,องค์การบริหารส่วนตำบล,เจดีย์ชัย
2909,น่าน,ปัว,องค์การบริหารส่วนตำบล,ไชยวัฒนา
2910,น่าน,ปัว,องค์การบริหารส่วนตำบล,ป่ากลาง
2911,น่าน,ปัว,องค์การบริหารส่วนตำบล,ภูคา
2912,น่าน,ปัว,องค์การบริหารส่วนตำบล,วรนคร
2913,น่าน,ปัว,องค์การบริหารส่วนตำบล,ศิลาเพชร
2914,น่าน,ปัว,องค์การบริหารส่วนตำบล,สกาด
2915,น่าน,ปัว,องค์การบริหารส่วนตำบล,สถาน
2916,น่าน,ปัว,องค์การบริหารส่วนตำบล,อวน
2917,น่าน,ภูเพียง,องค์การบริหารส่วนตำบล,ท่าน้าว
2918,น่าน,ภูเพียง,องค์การบริหารส่วนตำบล,นาปัง
2919,น่าน,ภูเพียง,องค์การบริหารส่วนตำบล,น้ำเกี๋ยน
2920,น่าน,ภูเพียง,องค์การบริหารส่วนตำบล,น้ำแก่น
2921,น่าน,ภูเพียง,องค์การบริหารส่วนตำบล,ฝายแก้ว
2922,น่าน,ภูเพียง,องค์การบริหารส่วนตำบล,ม่วงตึ๊ด
2923,น่าน,ภูเพียง,องค์การบริหารส่วนตำบล,เมืองจัง
2924,น่าน,เมืองน่าน,องค์การบริหารส่วนตำบล,ถืมตอง
2925,น่าน,เมืองน่าน,องค์การบริหารส่วนตำบล,นาซาว
2926,น่าน,เมืองน่าน,องค์การบริหารส่วนตำบล,บ่อ
2927,น่าน,เมืองน่าน,องค์การบริหารส่วนตำบล,บ่อสวก
2928,น่าน,เมืองน่าน,องค์การบริหารส่วนตำบล,ผาสิงห์
2929,น่าน,เมืองน่าน,องค์การบริหารส่วนตำบล,เรือง
2930,น่าน,เมืองน่าน,องค์การบริหารส่วนตำบล,สะเนียน
2931,น่าน,แม่จริม,องค์การบริหารส่วนตำบล,น้ำพาง
2932,น่าน,แม่จริม,องค์การบริหารส่วนตำบล,แม่จริม
2933,น่าน,แม่จริม,องค์การบริหารส่วนตำบล,หนองแดง
2934,น่าน,แม่จริม,องค์การบริหารส่วนตำบล,หมอเมือง
2935,น่าน,เวียงสา,องค์การบริหารส่วนตำบล,จอมจันทร์
2936,น่าน,เวียงสา,องค์การบริหารส่วนตำบล,ตาลชุม
2937,น่าน,เวียงสา,องค์การบริหารส่วนตำบล,ทุ่งศรีทอง
2938,น่าน,เวียงสา,องค์การบริหารส่วนตำบล,นาเหลือง
2939,น่าน,เวียงสา,องค์การบริหารส่วนตำบล,น้ำปั้ว
2940,น่าน,เวียงสา,องค์การบริหารส่วนตำบล,น้ำมวบ
2941,น่าน,เวียงสา,องค์การบริหารส่วนตำบล,แม่ขะนิง
2942,น่าน,เวียงสา,องค์การบริหารส่วนตำบล,แม่สา
2943,น่าน,เวียงสา,องค์การบริหารส่วนตำบล,แม่สาคร
2944,น่าน,เวียงสา,องค์การบริหารส่วนตำบล,ยาบหัวนา
2945,น่าน,เวียงสา,องค์การบริหารส่วนตำบล,ส้าน
2946,น่าน,เวียงสา,องค์การบริหารส่วนตำบล,ไหล่น่าน
2947,น่าน,เวียงสา,องค์การบริหารส่วนตำบล,อ่ายนาไลย
2948,น่าน,สองแคว,องค์การบริหารส่วนตำบล,ชนแดน
2949,น่าน,สองแคว,องค์การบริหารส่วนตำบล,นาไร่หลวง
2950,น่าน,สันติสุข,องค์การบริหารส่วนตำบล,ป่าแลวหลวง
2951,น่าน,สันติสุข,องค์การบริหารส่วนตำบล,พงษ์
2952,บึงกาฬ,เมืองบึงกาฬ,องค์การบริหารส่วนจังหวัด,บึงกาฬ
2953,บึงกาฬ,เมืองบึงกาฬ,เทศบาลเมือง,บึงกาฬ
2954,บึงกาฬ,เซกา,เทศบาลตำบล,ซาง
2955,บึงกาฬ,เซกา,เทศบาลตำบล,ท่าสะอาด
2956,บึงกาฬ,เซกา,เทศบาลตำบล,ป่งไฮ
2957,บึงกาฬ,เซกา,เทศบาลตำบล,ศรีพนา
2958,บึงกาฬ,โซ่พิสัย,เทศบาลตำบล,โซ่พิสัย
2959,บึงกาฬ,บึงโขงหลง,เทศบาลตำบล,บึงโขงหลง
2960,บึงกาฬ,บึงโขงหลง,เทศบาลตำบล,บึงงาม
2961,บึงกาฬ,บุ่งคล้า,เทศบาลตำบล,บุ่งคล้า
2962,บึงกาฬ,ปากคาด,เทศบาลตำบล,ปากคาด
2963,บึงกาฬ,ปากคาด,เทศบาลตำบล,หนองยอง
2964,บึงกาฬ,พรเจริญ,เทศบาลตำบล,ดอนหญ้านาง
2965,บึงกาฬ,พรเจริญ,เทศบาลตำบล,พรเจริญ
2966,บึงกาฬ,พรเจริญ,เทศบาลตำบล,วังชมภู
2967,บึงกาฬ,พรเจริญ,เทศบาลตำบล,ศรีชมภู
2968,บึงกาฬ,พรเจริญ,เทศบาลตำบล,ศรีสำราญ
2969,บึงกาฬ,พรเจริญ,เทศบาลตำบล,หนองหัวช้าง
2970,บึงกาฬ,เมืองบึงกาฬ,เทศบาลตำบล,โคกก่อง
2971,บึงกาฬ,เมืองบึงกาฬ,เทศบาลตำบล,ไคสี
2972,บึงกาฬ,เมืองบึงกาฬ,เทศบาลตำบล,นาสวรรค์
2973,บึงกาฬ,เมืองบึงกาฬ,เทศบาลตำบล,โนนสมบูรณ์
2974,บึงกาฬ,เมืองบึงกาฬ,เทศบาลตำบล,โนนสว่าง
2975,บึงกาฬ,เมืองบึงกาฬ,เทศบาลตำบล,หนองเลิง
2976,บึงกาฬ,เมืองบึงกาฬ,เทศบาลตำบล,หอคำ
2977,บึงกาฬ,ศรีวิไล,เทศบาลตำบล,นาแสง
2978,บึงกาฬ,ศรีวิไล,เทศบาลตำบล,ศรีวิไล
2979,บึงกาฬ,เซกา,องค์การบริหารส่วนตำบล,เซกา
2980,บึงกาฬ,เซกา,องค์การบริหารส่วนตำบล,ท่ากกแดง
2981,บึงกาฬ,เซกา,องค์การบริหารส่วนตำบล,ท่าสะอาด
2982,บึงกาฬ,เซกา,องค์การบริหารส่วนตำบล,น้ำจั้น
2983,บึงกาฬ,เซกา,องค์การบริหารส่วนตำบล,บ้านต้อง
2984,บึงกาฬ,เซกา,องค์การบริหารส่วนตำบล,โสกก่าม
2985,บึงกาฬ,เซกา,องค์การบริหารส่วนตำบล,หนองทุ่ม
2986,บึงกาฬ,โซ่พิสัย,องค์การบริหารส่วนตำบล,คำแก้ว
2987,บึงกาฬ,โซ่พิสัย,องค์การบริหารส่วนตำบล,โซ่
2988,บึงกาฬ,โซ่พิสัย,องค์การบริหารส่วนตำบล,ถ้ำเจริญ
2989,บึงกาฬ,โซ่พิสัย,องค์การบริหารส่วนตำบล,บัวตูม
2990,บึงกาฬ,โซ่พิสัย,องค์การบริหารส่วนตำบล,ศรีชมภู
2991,บึงกาฬ,โซ่พิสัย,องค์การบริหารส่วนตำบล,หนองพันทา
2992,บึงกาฬ,โซ่พิสัย,องค์การบริหารส่วนตำบล,เหล่าทอง
2993,บึงกาฬ,บึงโขงหลง,องค์การบริหารส่วนตำบล,ดงบัง
2994,บึงกาฬ,บึงโขงหลง,องค์การบริหารส่วนตำบล,ท่าดอกคำ
2995,บึงกาฬ,บึงโขงหลง,องค์การบริหารส่วนตำบล,โพธิ์หมากแข้ง
2996,บึงกาฬ,บุ่งคล้า,องค์การบริหารส่วนตำบล,โคกกว้าง
2997,บึงกาฬ,บุ่งคล้า,องค์การบริหารส่วนตำบล,หนองเดิ่น
2998,บึงกาฬ,ปากคาด,องค์การบริหารส่วนตำบล,นากั้ง
2999,บึงกาฬ,ปากคาด,องค์การบริหารส่วนตำบล,นาดง
3000,บึงกาฬ,ปากคาด,องค์การบริหารส่วนตำบล,โนนศิลา
3001,บึงกาฬ,ปากคาด,องค์การบริหารส่วนตำบล,ปากคาด
3002,บึงกาฬ,ปากคาด,องค์การบริหารส่วนตำบล,สมสนุก
3003,บึงกาฬ,พรเจริญ,องค์การบริหารส่วนตำบล,ป่าแฝก
3004,บึงกาฬ,เมืองบึงกาฬ,องค์การบริหารส่วนตำบล,คำนาดี
3005,บึงกาฬ,เมืองบึงกาฬ,องค์การบริหารส่วนตำบล,ชัยพร
3006,บึงกาฬ,เมืองบึงกาฬ,องค์การบริหารส่วนตำบล,โป่งเปือย
3007,บึงกาฬ,ศรีวิไล,องค์การบริหารส่วนตำบล,ชุมภูพร
3008,บึงกาฬ,ศรีวิไล,องค์การบริหารส่วนตำบล,นาสะแบง
3009,บึงกาฬ,ศรีวิไล,องค์การบริหารส่วนตำบล,นาสิงห์
3010,บุรีรัมย์,เมืองบุรีรัมย์,องค์การบริหารส่วนจังหวัด,บุรีรัมย์
3011,บุรีรัมย์,เมืองบุรีรัมย์,เทศบาลนคร,บุรีรัมย์
3012,บุรีรัมย์,นางรอง,เทศบาลเมือง,นางรอง
3013,บุรีรัมย์,ประโคนชัย,เทศบาลเมือง,ประโคนชัย
3014,บุรีรัมย์,เมืองบุรีรัมย์,เทศบาลเมือง,ชุมเห็ด
3015,บุรีรัมย์,เมืองบุรีรัมย์,เทศบาลเมือง,บ้านบัว
3016,บุรีรัมย์,เมืองบุรีรัมย์,เทศบาลเมือง,สวายจีก
3017,บุรีรัมย์,ลำปลายมาศ,เทศบาลเมือง,ลำปลายมาศ
3018,บุรีรัมย์,กระสัง,เทศบาลตำบล,กระสัง
3019,บุรีรัมย์,กระสัง,เทศบาลตำบล,สองชั้น
3020,บุรีรัมย์,กระสัง,เทศบาลตำบล,หนองเต็ง
3021,บุรีรัมย์,กระสัง,เทศบาลตำบล,อุดมธรรม
3022,บุรีรัมย์,คูเมือง,เทศบาลตำบล,คูเมือง
3023,บุรีรัมย์,คูเมือง,เทศบาลตำบล,หินเหล็กไฟ
3024,บุรีรัมย์,แคนดง,เทศบาลตำบล,แคนดง
3025,บุรีรัมย์,แคนดง,เทศบาลตำบล,หัวฝาย
3026,บุรีรัมย์,เฉลิมพระเกียรติ,เทศบาลตำบล,ถาวร
3027,บุรีรัมย์,เฉลิมพระเกียรติ,เทศบาลตำบล,พนมรุ้ง
3028,บุรีรัมย์,เฉลิมพระเกียรติ,เทศบาลตำบล,ยายแย้มวัฒนา
3029,บุรีรัมย์,ชำนิ,เทศบาลตำบล,ชำนิ
3030,บุรีรัมย์,ชำนิ,เทศบาลตำบล,หนองปล่อง
3031,บุรีรัมย์,นางรอง,เทศบาลตำบล,ทุ่งแสงทอง
3032,บุรีรัมย์,นางรอง,เทศบาลตำบล,หนองโบสถ์
3033,บุรีรัมย์,นาโพธิ์,เทศบาลตำบล,นาโพธิ์
3034,บุรีรัมย์,โนนดินแดง,เทศบาลตำบล,โนนดินแดง
3035,บุรีรัมย์,โนนสุวรรณ,เทศบาลตำบล,โกรกแก้ว
3036,บุรีรัมย์,โนนสุวรรณ,เทศบาลตำบล,ดงอีจาน
3037,บุรีรัมย์,โนนสุวรรณ,เทศบาลตำบล,ทุ่งจังหัน
3038,บุรีรัมย์,โนนสุวรรณ,เทศบาลตำบล,โนนสุวรรณ
3039,บุรีรัมย์,บ้านกรวด,เทศบาลตำบล,จันทบเพชร
3040,บุรีรัมย์,บ้านกรวด,เทศบาลตำบล,ตลาดนิคมปราสาท
3041,บุรีรัมย์,บ้านกรวด,เทศบาลตำบล,โนนเจริญ
3042,บุรีรัมย์,บ้านกรวด,เทศบาลตำบล,บ้านกรวด
3043,บุรีรัมย์,บ้านกรวด,เทศบาลตำบล,บ้านกรวดปัญญาวัฒน์
3044,บุรีรัมย์,บ้านกรวด,เทศบาลตำบล,บึงเจริญ
3045,บุรีรัมย์,บ้านกรวด,เทศบาลตำบล,ปราสาท
3046,บุรีรัมย์,บ้านกรวด,เทศบาลตำบล,หนองไม้งาม
3047,บุรีรัมย์,บ้านด่าน,เทศบาลตำบล,บ้านด่าน
3048,บุรีรัมย์,บ้านด่าน,เทศบาลตำบล,ปราสาท
3049,บุรีรัมย์,บ้านใหม่ไชยพจน์,เทศบาลตำบล,บ้านใหม่ไชยพจน์
3050,บุรีรัมย์,ประโคนชัย,เทศบาลตำบล,เขาคอก
3051,บุรีรัมย์,ประโคนชัย,เทศบาลตำบล,โคกม้า
3052,บุรีรัมย์,ประโคนชัย,เทศบาลตำบล,ตะโกตาพิ
3053,บุรีรัมย์,ประโคนชัย,เทศบาลตำบล,แสลงโทน
3054,บุรีรัมย์,ปะคำ,เทศบาลตำบล,ปะคำ
3055,บุรีรัมย์,พลับพลาชัย,เทศบาลตำบล,โคกขมิ้น
3056,บุรีรัมย์,พลับพลาชัย,เทศบาลตำบล,จันดุม
3057,บุรีรัมย์,พลับพลาชัย,เทศบาลตำบล,พลับพลาชัย
3058,บุรีรัมย์,พุทไธสง,เทศบาลตำบล,พุทไธสง
3059,บุรีรัมย์,เมืองบุรีรัมย์,เทศบาลตำบล,กระสัง
3060,บุรีรัมย์,เมืองบุรีรัมย์,เทศบาลตำบล,บัวทอง
3061,บุรีรัมย์,เมืองบุรีรัมย์,เทศบาลตำบล,หนองตาด
3062,บุรีรัมย์,เมืองบุรีรัมย์,เทศบาลตำบล,หลักเขต
3063,บุรีรัมย์,ละหานทราย,เทศบาลตำบล,ตาจง
3064,บุรีรัมย์,ละหานทราย,เทศบาลตำบล,ละหานทราย
3065,บุรีรัมย์,ละหานทราย,เทศบาลตำบล,สำโรงใหม่
3066,บุรีรัมย์,ละหานทราย,เทศบาลตำบล,หนองตะครอง
3067,บุรีรัมย์,ละหานทราย,เทศบาลตำบล,หนองแวง
3068,บุรีรัมย์,ลำปลายมาศ,เทศบาลตำบล,ทะเมนชัย
3069,บุรีรัมย์,สตึก,เทศบาลตำบล,ดอนมนต์
3070,บุรีรัมย์,สตึก,เทศบาลตำบล,ศรีสตึก
3071,บุรีรัมย์,สตึก,เทศบาลตำบล,สตึก
3072,บุรีรัมย์,สตึก,เทศบาลตำบล,สะแก
3073,บุรีรัมย์,หนองกี่,เทศบาลตำบล,ดอนอะราง
3074,บุรีรัมย์,หนองกี่,เทศบาลตำบล,เมืองไผ่
3075,บุรีรัมย์,หนองกี่,เทศบาลตำบล,ศาลเจ้าพ่อขุนศรี
3076,บุรีรัมย์,หนองกี่,เทศบาลตำบล,หนองกี่
3077,บุรีรัมย์,หนองหงส์,เทศบาลตำบล,หนองหงส์
3078,บุรีรัมย์,หนองหงส์,เทศบาลตำบล,ห้วยหิน
3079,บุรีรัมย์,ห้วยราช,เทศบาลตำบล,โคกเหล็ก
3080,บุรีรัมย์,ห้วยราช,เทศบาลตำบล,สามแวง
3081,บุรีรัมย์,ห้วยราช,เทศบาลตำบล,ห้วยราช
3082,บุรีรัมย์,กระสัง,องค์การบริหารส่วนตำบล,กันทรารมย์
3083,บุรีรัมย์,กระสัง,องค์การบริหารส่วนตำบล,ชุมแสง
3084,บุรีรัมย์,กระสัง,องค์การบริหารส่วนตำบล,บ้านปรือ
3085,บุรีรัมย์,กระสัง,องค์การบริหารส่วนตำบล,เมืองไผ่
3086,บุรีรัมย์,กระสัง,องค์การบริหารส่วนตำบล,ลำดวน
3087,บุรีรัมย์,กระสัง,องค์การบริหารส่วนตำบล,ศรีภูมิ
3088,บุรีรัมย์,กระสัง,องค์การบริหารส่วนตำบล,สูงเนิน
3089,บุรีรัมย์,กระสัง,องค์การบริหารส่วนตำบล,ห้วยสำราญ
3090,บุรีรัมย์,คูเมือง,องค์การบริหารส่วนตำบล,คูเมือง
3091,บุรีรัมย์,คูเมือง,องค์การบริหารส่วนตำบล,ตูมใหญ่
3092,บุรีรัมย์,คูเมือง,องค์การบริหารส่วนตำบล,บ้านแพ
3093,บุรีรัมย์,คูเมือง,องค์การบริหารส่วนตำบล,ปะเคียบ
3094,บุรีรัมย์,คูเมือง,องค์การบริหารส่วนตำบล,พรสำราญ
3095,บุรีรัมย์,คูเมือง,องค์การบริหารส่วนตำบล,หนองขมาร
3096,บุรีรัมย์,คูเมือง,องค์การบริหารส่วนตำบล,หินเหล็กไฟ
3097,บุรีรัมย์,แคนดง,องค์การบริหารส่วนตำบล,แคนดง
3098,บุรีรัมย์,แคนดง,องค์การบริหารส่วนตำบล,ดงพลอง
3099,บุรีรัมย์,แคนดง,องค์การบริหารส่วนตำบล,สระบัว
3100,บุรีรัมย์,เฉลิมพระเกียรติ,องค์การบริหารส่วนตำบล,เจริญสุข
3101,บุรีรัมย์,เฉลิมพระเกียรติ,องค์การบริหารส่วนตำบล,อีสานเขต
3102,บุรีรัมย์,ชำนิ,องค์การบริหารส่วนตำบล,โคกสนวน
3103,บุรีรัมย์,ชำนิ,องค์การบริหารส่วนตำบล,ช่อผกา
3104,บุรีรัมย์,ชำนิ,องค์การบริหารส่วนตำบล,เมืองยาง
3105,บุรีรัมย์,ชำนิ,องค์การบริหารส่วนตำบล,ละลวด
3106,บุรีรัมย์,นางรอง,องค์การบริหารส่วนตำบล,ก้านเหลือง
3107,บุรีรัมย์,นางรอง,องค์การบริหารส่วนตำบล,ชุมแสง
3108,บุรีรัมย์,นางรอง,องค์การบริหารส่วนตำบล,ถนนหัก
3109,บุรีรัมย์,นางรอง,องค์การบริหารส่วนตำบล,ทรัพย์พระยา
3110,บุรีรัมย์,นางรอง,องค์การบริหารส่วนตำบล,นางรอง
3111,บุรีรัมย์,นางรอง,องค์การบริหารส่วนตำบล,บ้านสิงห์
3112,บุรีรัมย์,นางรอง,องค์การบริหารส่วนตำบล,ลำไทรโยง
3113,บุรีรัมย์,นางรอง,องค์การบริหารส่วนตำบล,สะเดา
3114,บุรีรัมย์,นางรอง,องค์การบริหารส่วนตำบล,หนองกง
3115,บุรีรัมย์,นางรอง,องค์การบริหารส่วนตำบล,หนองไทร
3116,บุรีรัมย์,นางรอง,องค์การบริหารส่วนตำบล,หนองยายพิมพ์
3117,บุรีรัมย์,นางรอง,องค์การบริหารส่วนตำบล,หนองโสน
3118,บุรีรัมย์,นางรอง,องค์การบริหารส่วนตำบล,หัวถนน
3119,บุรีรัมย์,นาโพธิ์,องค์การบริหารส่วนตำบล,ดอนกอก
3120,บุรีรัมย์,นาโพธิ์,องค์การบริหารส่วนตำบล,นาโพธิ์
3121,บุรีรัมย์,นาโพธิ์,องค์การบริหารส่วนตำบล,บ้านคู
3122,บุรีรัมย์,นาโพธิ์,องค์การบริหารส่วนตำบล,บ้านดู่
3123,บุรีรัมย์,นาโพธิ์,องค์การบริหารส่วนตำบล,ศรีสว่าง
3124,บุรีรัมย์,โนนดินแดง,องค์การบริหารส่วนตำบล,โนนดินแดง
3125,บุรีรัมย์,โนนดินแดง,องค์การบริหารส่วนตำบล,ลำนางรอง
3126,บุรีรัมย์,โนนดินแดง,องค์การบริหารส่วนตำบล,ส้มป่อย
3127,บุรีรัมย์,โนนสุวรรณ,องค์การบริหารส่วนตำบล,โนนสุวรรณ
3128,บุรีรัมย์,บ้านกรวด,องค์การบริหารส่วนตำบล,เขาดินเหนือ
3129,บุรีรัมย์,บ้านกรวด,องค์การบริหารส่วนตำบล,สายตะกู
3130,บุรีรัมย์,บ้านกรวด,องค์การบริหารส่วนตำบล,หินลาด
3131,บุรีรัมย์,บ้านด่าน,องค์การบริหารส่วนตำบล,โนนขวาง
3132,บุรีรัมย์,บ้านด่าน,องค์การบริหารส่วนตำบล,วังเหนือ
3133,บุรีรัมย์,บ้านใหม่ไชยพจน์,องค์การบริหารส่วนตำบล,กู่สวนแตง
3134,บุรีรัมย์,บ้านใหม่ไชยพจน์,องค์การบริหารส่วนตำบล,แดงใหญ่
3135,บุรีรัมย์,บ้านใหม่ไชยพจน์,องค์การบริหารส่วนตำบล,ทองหลาง
3136,บุรีรัมย์,บ้านใหม่ไชยพจน์,องค์การบริหารส่วนตำบล,หนองเยือง
3137,บุรีรัมย์,บ้านใหม่ไชยพจน์,องค์การบริหารส่วนตำบล,หนองแวง
3138,บุรีรัมย์,ประโคนชัย,องค์การบริหารส่วนตำบล,โคกตูม
3139,บุรีรัมย์,ประโคนชัย,องค์การบริหารส่วนตำบล,โคกมะขาม
3140,บุรีรัมย์,ประโคนชัย,องค์การบริหารส่วนตำบล,โคกย่าง
3141,บุรีรัมย์,ประโคนชัย,องค์การบริหารส่วนตำบล,จรเข้มาก
3142,บุรีรัมย์,ประโคนชัย,องค์การบริหารส่วนตำบล,บ้านไทร
3143,บุรีรัมย์,ประโคนชัย,องค์การบริหารส่วนตำบล,ประทัดบุ
3144,บุรีรัมย์,ประโคนชัย,องค์การบริหารส่วนตำบล,ปังกู
3145,บุรีรัมย์,ประโคนชัย,องค์การบริหารส่วนตำบล,ไพศาล
3146,บุรีรัมย์,ประโคนชัย,องค์การบริหารส่วนตำบล,ละเวี้ย
3147,บุรีรัมย์,ประโคนชัย,องค์การบริหารส่วนตำบล,สี่เหลี่ยม
3148,บุรีรัมย์,ประโคนชัย,องค์การบริหารส่วนตำบล,หนองบอน
3149,บุรีรัมย์,ปะคำ,องค์การบริหารส่วนตำบล,โคกมะม่วง
3150,บุรีรัมย์,ปะคำ,องค์การบริหารส่วนตำบล,ไทยเจริญ
3151,บุรีรัมย์,ปะคำ,องค์การบริหารส่วนตำบล,หนองบัว
3152,บุรีรัมย์,ปะคำ,องค์การบริหารส่วนตำบล,หูทำนบ
3153,บุรีรัมย์,พลับพลาชัย,องค์การบริหารส่วนตำบล,ป่าชัน
3154,บุรีรัมย์,พลับพลาชัย,องค์การบริหารส่วนตำบล,สะเดา
3155,บุรีรัมย์,พลับพลาชัย,องค์การบริหารส่วนตำบล,สำโรง
3156,บุรีรัมย์,พุทไธสง,องค์การบริหารส่วนตำบล,บ้านจาน
3157,บุรีรัมย์,พุทไธสง,องค์การบริหารส่วนตำบล,บ้านเป้า
3158,บุรีรัมย์,พุทไธสง,องค์การบริหารส่วนตำบล,บ้านยาง
3159,บุรีรัมย์,พุทไธสง,องค์การบริหารส่วนตำบล,บ้านแวง
3160,บุรีรัมย์,พุทไธสง,องค์การบริหารส่วนตำบล,พุทไธสง
3161,บุรีรัมย์,พุทไธสง,องค์การบริหารส่วนตำบล,มะเฟือง
3162,บุรีรัมย์,พุทไธสง,องค์การบริหารส่วนตำบล,หายโศก
3163,บุรีรัมย์,เมืองบุรีรัมย์,องค์การบริหารส่วนตำบล,กลันทา
3164,บุรีรัมย์,เมืองบุรีรัมย์,องค์การบริหารส่วนตำบล,ถลุงเหล็ก
3165,บุรีรัมย์,เมืองบุรีรัมย์,องค์การบริหารส่วนตำบล,บ้านยาง
3166,บุรีรัมย์,เมืองบุรีรัมย์,องค์การบริหารส่วนตำบล,พระครู
3167,บุรีรัมย์,เมืองบุรีรัมย์,องค์การบริหารส่วนตำบล,เมืองฝาง
3168,บุรีรัมย์,เมืองบุรีรัมย์,องค์การบริหารส่วนตำบล,ลุมปุ๊ก
3169,บุรีรัมย์,เมืองบุรีรัมย์,องค์การบริหารส่วนตำบล,สองห้อง
3170,บุรีรัมย์,เมืองบุรีรัมย์,องค์การบริหารส่วนตำบล,สะแกซำ
3171,บุรีรัมย์,เมืองบุรีรัมย์,องค์การบริหารส่วนตำบล,สะแกโพรง
3172,บุรีรัมย์,เมืองบุรีรัมย์,องค์การบริหารส่วนตำบล,เสม็ด
3173,บุรีรัมย์,ละหานทราย,องค์การบริหารส่วนตำบล,โคกว่าน
3174,บุรีรัมย์,ละหานทราย,องค์การบริหารส่วนตำบล,ละหานทราย
3175,บุรีรัมย์,ลำปลายมาศ,องค์การบริหารส่วนตำบล,โคกกลาง
3176,บุรีรัมย์,ลำปลายมาศ,องค์การบริหารส่วนตำบล,โคกล่าม
3177,บุรีรัมย์,ลำปลายมาศ,องค์การบริหารส่วนตำบล,โคกสะอาด
3178,บุรีรัมย์,ลำปลายมาศ,องค์การบริหารส่วนตำบล,ตลาดโพธิ์
3179,บุรีรัมย์,ลำปลายมาศ,องค์การบริหารส่วนตำบล,ทะเมนชัย
3180,บุรีรัมย์,ลำปลายมาศ,องค์การบริหารส่วนตำบล,บ้านยาง
3181,บุรีรัมย์,ลำปลายมาศ,องค์การบริหารส่วนตำบล,บุโพธิ์
3182,บุรีรัมย์,ลำปลายมาศ,องค์การบริหารส่วนตำบล,ผไทรินทร์
3183,บุรีรัมย์,ลำปลายมาศ,องค์การบริหารส่วนตำบล,เมืองแฝก
3184,บุรีรัมย์,ลำปลายมาศ,องค์การบริหารส่วนตำบล,แสลงพัน
3185,บุรีรัมย์,ลำปลายมาศ,องค์การบริหารส่วนตำบล,หนองกะทิง
3186,บุรีรัมย์,ลำปลายมาศ,องค์การบริหารส่วนตำบล,หนองโดน
3187,บุรีรัมย์,ลำปลายมาศ,องค์การบริหารส่วนตำบล,หนองบัวโคก
3188,บุรีรัมย์,ลำปลายมาศ,องค์การบริหารส่วนตำบล,หินโคน
3189,บุรีรัมย์,สตึก,องค์การบริหารส่วนตำบล,กระสัง
3190,บุรีรัมย์,สตึก,องค์การบริหารส่วนตำบล,ชุมแสง
3191,บุรีรัมย์,สตึก,องค์การบริหารส่วนตำบล,ท่าม่วง
3192,บุรีรัมย์,สตึก,องค์การบริหารส่วนตำบล,ทุ่งวัง
3193,บุรีรัมย์,สตึก,องค์การบริหารส่วนตำบล,นิคม
3194,บุรีรัมย์,สตึก,องค์การบริหารส่วนตำบล,เมืองแก
3195,บุรีรัมย์,สตึก,องค์การบริหารส่วนตำบล,ร่อนทอง
3196,บุรีรัมย์,สตึก,องค์การบริหารส่วนตำบล,สนามชัย
3197,บุรีรัมย์,สตึก,องค์การบริหารส่วนตำบล,หนองใหญ่
3198,บุรีรัมย์,หนองกี่,องค์การบริหารส่วนตำบล,โคกสว่าง
3199,บุรีรัมย์,หนองกี่,องค์การบริหารส่วนตำบล,โคกสูง
3200,บุรีรัมย์,หนองกี่,องค์การบริหารส่วนตำบล,ท่าโพธิ์ชัย
3201,บุรีรัมย์,หนองกี่,องค์การบริหารส่วนตำบล,ทุ่งกระตาดพัฒนา
3202,บุรีรัมย์,หนองกี่,องค์การบริหารส่วนตำบล,ทุ่งกระเต็น
3203,บุรีรัมย์,หนองกี่,องค์การบริหารส่วนตำบล,บุกระสัง
3204,บุรีรัมย์,หนองกี่,องค์การบริหารส่วนตำบล,เย้ยปราสาท
3205,บุรีรัมย์,หนองหงส์,องค์การบริหารส่วนตำบล,ไทยสามัคคี
3206,บุรีรัมย์,หนองหงส์,องค์การบริหารส่วนตำบล,เมืองฝ้าย
3207,บุรีรัมย์,หนองหงส์,องค์การบริหารส่วนตำบล,สระแก้ว
3208,บุรีรัมย์,หนองหงส์,องค์การบริหารส่วนตำบล,สระทอง
3209,บุรีรัมย์,หนองหงส์,องค์การบริหารส่วนตำบล,เสาเดียว
3210,บุรีรัมย์,หนองหงส์,องค์การบริหารส่วนตำบล,หนองชัยศรี
3211,บุรีรัมย์,ห้วยราช,องค์การบริหารส่วนตำบล,ตาเสา
3212,บุรีรัมย์,ห้วยราช,องค์การบริหารส่วนตำบล,บ้านตะโก
3213,บุรีรัมย์,ห้วยราช,องค์การบริหารส่วนตำบล,เมืองโพธิ์
3214,บุรีรัมย์,ห้วยราช,องค์การบริหารส่วนตำบล,สนวน
3215,บุรีรัมย์,ห้วยราช,องค์การบริหารส่วนตำบล,ห้วยราช
3216,ปทุมธานี,เมืองปทุมธานี,องค์การบริหารส่วนจังหวัด,ปทุมธานี
3217,ปทุมธานี,ธัญบุรี,เทศบาลนคร,รังสิต
3218,ปทุมธานี,คลองหลวง,เทศบาลเมือง,คลองหลวง
3219,ปทุมธานี,คลองหลวง,เทศบาลเมือง,ท่าโขลง
3220,ปทุมธานี,ธัญบุรี,เทศบาลเมือง,บึงยี่โถ
3221,ปทุมธานี,ธัญบุรี,เทศบาลเมือง,สนั่นรักษ์
3222,ปทุมธานี,เมืองปทุมธานี,เทศบาลเมือง,บางกะดี
3223,ปทุมธานี,เมืองปทุมธานี,เทศบาลเมือง,บางคูวัด
3224,ปทุมธานี,เมืองปทุมธานี,เทศบาลเมือง,ปทุมธานี
3225,ปทุมธานี,ลำลูกกา,เทศบาลเมือง,คูคต
3226,ปทุมธานี,ลำลูกกา,เทศบาลเมือง,ลาดสวาย
3227,ปทุมธานี,ลำลูกกา,เทศบาลเมือง,ลำสามแก้ว
3228,ปทุมธานี,ธัญบุรี,เทศบาลตำบล,ธัญบุรี
3229,ปทุมธานี,เมืองปทุมธานี,เทศบาลตำบล,บางขะแยง
3230,ปทุมธานี,เมืองปทุมธานี,เทศบาลตำบล,บางเดื่อ
3231,ปทุมธานี,เมืองปทุมธานี,เทศบาลตำบล,บางพูน
3232,ปทุมธานี,เมืองปทุมธานี,เทศบาลตำบล,บางหลวง
3233,ปทุมธานี,เมืองปทุมธานี,เทศบาลตำบล,บ้านกลาง
3234,ปทุมธานี,เมืองปทุมธานี,เทศบาลตำบล,บ้านใหม่
3235,ปทุมธานี,เมืองปทุมธานี,เทศบาลตำบล,หลักหก
3236,ปทุมธานี,ลาดหลุมแก้ว,เทศบาลตำบล,คลองพระอุดม
3237,ปทุมธานี,ลาดหลุมแก้ว,เทศบาลตำบล,คูขวาง
3238,ปทุมธานี,ลาดหลุมแก้ว,เทศบาลตำบล,ระแหง
3239,ปทุมธานี,ลำลูกกา,เทศบาลตำบล,ลำไทร
3240,ปทุมธานี,ลำลูกกา,เทศบาลตำบล,ลำลูกกา
3241,ปทุมธานี,สามโคก,เทศบาลตำบล,คลองควาย
3242,ปทุมธานี,สามโคก,เทศบาลตำบล,เชียงรากใหญ่
3243,ปทุมธานี,สามโคก,เทศบาลตำบล,บางเตย
3244,ปทุมธานี,สามโคก,เทศบาลตำบล,สามโคก
3245,ปทุมธานี,หนองเสือ,เทศบาลตำบล,หนองสามวัง
3246,ปทุมธานี,หนองเสือ,เทศบาลตำบล,หนองเสือ
3247,ปทุมธานี,คลองหลวง,องค์การบริหารส่วนตำบล,คลองเจ็ด
3248,ปทุมธานี,คลองหลวง,องค์การบริหารส่วนตำบล,คลองสาม
3249,ปทุมธานี,คลองหลวง,องค์การบริหารส่วนตำบล,คลองสี่
3250,ปทุมธานี,คลองหลวง,องค์การบริหารส่วนตำบล,คลองหก
3251,ปทุมธานี,คลองหลวง,องค์การบริหารส่วนตำบล,คลองห้า
3252,ปทุมธานี,เมืองปทุมธานี,องค์การบริหารส่วนตำบล,บางพูด
3253,ปทุมธานี,เมืองปทุมธานี,องค์การบริหารส่วนตำบล,บางหลวง
3254,ปทุมธานี,เมืองปทุมธานี,องค์การบริหารส่วนตำบล,บ้านกระแชง
3255,ปทุมธานี,เมืองปทุมธานี,องค์การบริหารส่วนตำบล,บ้านฉาง
3256,ปทุมธานี,เมืองปทุมธานี,องค์การบริหารส่วนตำบล,สวนพริกไทย
3257,ปทุมธานี,ลาดหลุมแก้ว,องค์การบริหารส่วนตำบล,คูบางหลวง
3258,ปทุมธานี,ลาดหลุมแก้ว,องค์การบริหารส่วนตำบล,บ่อเงิน
3259,ปทุมธานี,ลาดหลุมแก้ว,องค์การบริหารส่วนตำบล,ระแหง
3260,ปทุมธานี,ลาดหลุมแก้ว,องค์การบริหารส่วนตำบล,ลาดหลุมแก้ว
3261,ปทุมธานี,ลาดหลุมแก้ว,องค์การบริหารส่วนตำบล,หน้าไม้
3262,ปทุมธานี,ลำลูกกา,องค์การบริหารส่วนตำบล,บึงคอไห
3263,ปทุมธานี,ลำลูกกา,องค์การบริหารส่วนตำบล,บึงคำพร้อย
3264,ปทุมธานี,ลำลูกกา,องค์การบริหารส่วนตำบล,บึงทองหลาง
3265,ปทุมธานี,ลำลูกกา,องค์การบริหารส่วนตำบล,พืชอุดม
3266,ปทุมธานี,ลำลูกกา,องค์การบริหารส่วนตำบล,ลำไทร
3267,ปทุมธานี,ลำลูกกา,องค์การบริหารส่วนตำบล,ลำลูกกา
3268,ปทุมธานี,สามโคก,องค์การบริหารส่วนตำบล,กระแชง
3269,ปทุมธานี,สามโคก,องค์การบริหารส่วนตำบล,เชียงรากน้อย
3270,ปทุมธานี,สามโคก,องค์การบริหารส่วนตำบล,ท้ายเกาะ
3271,ปทุมธานี,สามโคก,องค์การบริหารส่วนตำบล,บางกระบือ
3272,ปทุมธานี,สามโคก,องค์การบริหารส่วนตำบล,บางโพธิ์เหนือ
3273,ปทุมธานี,สามโคก,องค์การบริหารส่วนตำบล,บ้านงิ้ว
3274,ปทุมธานี,สามโคก,องค์การบริหารส่วนตำบล,บ้านปทุม
3275,ปทุมธานี,หนองเสือ,องค์การบริหารส่วนตำบล,นพรัตน์
3276,ปทุมธานี,หนองเสือ,องค์การบริหารส่วนตำบล,บึงกาสาม
3277,ปทุมธานี,หนองเสือ,องค์การบริหารส่วนตำบล,บึงชำอ้อ
3278,ปทุมธานี,หนองเสือ,องค์การบริหารส่วนตำบล,บึงบอน
3279,ปทุมธานี,หนองเสือ,องค์การบริหารส่วนตำบล,บึงบา
3280,ปทุมธานี,หนองเสือ,องค์การบริหารส่วนตำบล,ศาลาครุ
3281,ประจวบคีรีขันธ์,เมืองประจวบคีรีขันธ์,องค์การบริหารส่วนจังหวัด,ประจวบคีรีขันธ์
3282,ประจวบคีรีขันธ์,หัวหิน,เทศบาลนคร,หัวหิน
3283,ประจวบคีรีขันธ์,เมืองประจวบคีรีขันธ์,เทศบาลเมือง,ประจวบคีรีขันธ์
3284,ประจวบคีรีขันธ์,กุยบุรี,เทศบาลตำบล,กุยบุรี
3285,ประจวบคีรีขันธ์,ทับสะแก,เทศบาลตำบล,ทับสะแก
3286,ประจวบคีรีขันธ์,บางสะพาน,เทศบาลตำบล,กำเนิดนพคุณ
3287,ประจวบคีรีขันธ์,บางสะพาน,เทศบาลตำบล,บ้านกรูด
3288,ประจวบคีรีขันธ์,บางสะพาน,เทศบาลตำบล,ร่อนทอง
3289,ประจวบคีรีขันธ์,บางสะพานน้อย,เทศบาลตำบล,บางสะพานน้อย
3290,ประจวบคีรีขันธ์,ปราณบุรี,เทศบาลตำบล,เขาน้อย
3291,ประจวบคีรีขันธ์,ปราณบุรี,เทศบาลตำบล,ปราณบุรี
3292,ประจวบคีรีขันธ์,ปราณบุรี,เทศบาลตำบล,ปากน้ำปราณ
3293,ประจวบคีรีขันธ์,เมืองประจวบคีรีขันธ์,เทศบาลตำบล,กม.5
3294,ประจวบคีรีขันธ์,เมืองประจวบคีรีขันธ์,เทศบาลตำบล,คลองวาฬ
3295,ประจวบคีรีขันธ์,เมืองประจวบคีรีขันธ์,เทศบาลตำบล,หว้ากอ
3296,ประจวบคีรีขันธ์,สามร้อยยอด,เทศบาลตำบล,ไร่เก่า
3297,ประจวบคีรีขันธ์,สามร้อยยอด,เทศบาลตำบล,ไร่ใหม่
3298,ประจวบคีรีขันธ์,สามร้อยยอด,เทศบาลตำบล,ศาลาลัย
3299,ประจวบคีรีขันธ์,หัวหิน,เทศบาลตำบล,หนองพลับ
3300,ประจวบคีรีขันธ์,กุยบุรี,องค์การบริหารส่วนตำบล,กุยบุรี
3301,ประจวบคีรีขันธ์,กุยบุรี,องค์การบริหารส่วนตำบล,กุยเหนือ
3302,ประจวบคีรีขันธ์,กุยบุรี,องค์การบริหารส่วนตำบล,เขาแดง
3303,ประจวบคีรีขันธ์,กุยบุรี,องค์การบริหารส่วนตำบล,ดอนยายหนู
3304,ประจวบคีรีขันธ์,กุยบุรี,องค์การบริหารส่วนตำบล,สามกระทาย
3305,ประจวบคีรีขันธ์,กุยบุรี,องค์การบริหารส่วนตำบล,หาดขาม
3306,ประจวบคีรีขันธ์,ทับสะแก,องค์การบริหารส่วนตำบล,เขาล้าน
3307,ประจวบคีรีขันธ์,ทับสะแก,องค์การบริหารส่วนตำบล,ทับสะแก
3308,ประจวบคีรีขันธ์,ทับสะแก,องค์การบริหารส่วนตำบล,นาหูกวาง
3309,ประจวบคีรีขันธ์,ทับสะแก,องค์การบริหารส่วนตำบล,แสงอรุณ
3310,ประจวบคีรีขันธ์,ทับสะแก,องค์การบริหารส่วนตำบล,ห้วยยาง
3311,ประจวบคีรีขันธ์,ทับสะแก,องค์การบริหารส่วนตำบล,อ่างทอง
3312,ประจวบคีรีขันธ์,บางสะพาน,องค์การบริหารส่วนตำบล,กำเนิดนพคุณ
3313,ประจวบคีรีขันธ์,บางสะพาน,องค์การบริหารส่วนตำบล,ชัยเกษม
3314,ประจวบคีรีขันธ์,บางสะพาน,องค์การบริหารส่วนตำบล,ทองมงคล
3315,ประจวบคีรีขันธ์,บางสะพาน,องค์การบริหารส่วนตำบล,ธงชัย
3316,ประจวบคีรีขันธ์,บางสะพาน,องค์การบริหารส่วนตำบล,พงศ์ประศาสน์
3317,ประจวบคีรีขันธ์,บางสะพาน,องค์การบริหารส่วนตำบล,แม่รำพึง
3318,ประจวบคีรีขันธ์,บางสะพาน,องค์การบริหารส่วนตำบล,ร่อนทอง
3319,ประจวบคีรีขันธ์,บางสะพานน้อย,องค์การบริหารส่วนตำบล,ช้างแรก
3320,ประจวบคีรีขันธ์,บางสะพานน้อย,องค์การบริหารส่วนตำบล,ไชยราช
3321,ประจวบคีรีขันธ์,บางสะพานน้อย,องค์การบริหารส่วนตำบล,ทรายทอง
3322,ประจวบคีรีขันธ์,บางสะพานน้อย,องค์การบริหารส่วนตำบล,บางสะพาน
3323,ประจวบคีรีขันธ์,บางสะพานน้อย,องค์การบริหารส่วนตำบล,ปากแพรก
3324,ประจวบคีรีขันธ์,ปราณบุรี,องค์การบริหารส่วนตำบล,เขาจ้าว
3325,ประจวบคีรีขันธ์,ปราณบุรี,องค์การบริหารส่วนตำบล,ปราณบุรี
3326,ประจวบคีรีขันธ์,ปราณบุรี,องค์การบริหารส่วนตำบล,ปากน้ำปราณ
3327,ประจวบคีรีขันธ์,ปราณบุรี,องค์การบริหารส่วนตำบล,วังก์พง
3328,ประจวบคีรีขันธ์,ปราณบุรี,องค์การบริหารส่วนตำบล,หนองตาแต้ม
3329,ประจวบคีรีขันธ์,เมืองประจวบคีรีขันธ์,องค์การบริหารส่วนตำบล,เกาะหลัก
3330,ประจวบคีรีขันธ์,เมืองประจวบคีรีขันธ์,องค์การบริหารส่วนตำบล,บ่อนอก
3331,ประจวบคีรีขันธ์,เมืองประจวบคีรีขันธ์,องค์การบริหารส่วนตำบล,ห้วยทราย
3332,ประจวบคีรีขันธ์,เมืองประจวบคีรีขันธ์,องค์การบริหารส่วนตำบล,อ่าวน้อย
3333,ประจวบคีรีขันธ์,สามร้อยยอด,องค์การบริหารส่วนตำบล,ไร่เก่า
3334,ประจวบคีรีขันธ์,สามร้อยยอด,องค์การบริหารส่วนตำบล,ไร่ใหม่
3335,ประจวบคีรีขันธ์,สามร้อยยอด,องค์การบริหารส่วนตำบล,ศิลาลอย
3336,ประจวบคีรีขันธ์,สามร้อยยอด,องค์การบริหารส่วนตำบล,สามร้อยยอด
3337,ประจวบคีรีขันธ์,หัวหิน,องค์การบริหารส่วนตำบล,ทับใต้
3338,ประจวบคีรีขันธ์,หัวหิน,องค์การบริหารส่วนตำบล,บึงนคร
3339,ประจวบคีรีขันธ์,หัวหิน,องค์การบริหารส่วนตำบล,หนองพลับ
3340,ประจวบคีรีขันธ์,หัวหิน,องค์การบริหารส่วนตำบล,ห้วยสัตว์ใหญ่
3341,ประจวบคีรีขันธ์,หัวหิน,องค์การบริหารส่วนตำบล,หินเหล็กไฟ
3342,ปราจีนบุรี,เมืองปราจีนบุรี,องค์การบริหารส่วนจังหวัด,ปราจีนบุรี
3343,ปราจีนบุรี,กบินทร์บุรี,เทศบาลเมือง,หนองกี่
3344,ปราจีนบุรี,เมืองปราจีนบุรี,เทศบาลเมือง,ปราจีนบุรี
3345,ปราจีนบุรี,กบินทร์บุรี,เทศบาลตำบล,กบินทร์
3346,ปราจีนบุรี,กบินทร์บุรี,เทศบาลตำบล,เมืองเก่า
3347,ปราจีนบุรี,กบินทร์บุรี,เทศบาลตำบล,สระบัว
3348,ปราจีนบุรี,นาดี,เทศบาลตำบล,นาดี
3349,ปราจีนบุรี,บ้านสร้าง,เทศบาลตำบล,บางแตน
3350,ปราจีนบุรี,บ้านสร้าง,เทศบาลตำบล,บ้านสร้าง
3351,ปราจีนบุรี,ประจันตคาม,เทศบาลตำบล,ประจันตคาม
3352,ปราจีนบุรี,ประจันตคาม,เทศบาลตำบล,โพธิ์งาม
3353,ปราจีนบุรี,เมืองปราจีนบุรี,เทศบาลตำบล,โคกมะกอก
3354,ปราจีนบุรี,เมืองปราจีนบุรี,เทศบาลตำบล,บ้านนาปรือ
3355,ปราจีนบุรี,ศรีมหาโพธิ,เทศบาลตำบล,กรอกสมบูรณ์
3356,ปราจีนบุรี,ศรีมหาโพธิ,เทศบาลตำบล,ศรีมหาโพธิ
3357,ปราจีนบุรี,ศรีมโหสถ,เทศบาลตำบล,โคกปีบ
3358,ปราจีนบุรี,กบินทร์บุรี,องค์การบริหารส่วนตำบล,กบินทร์
3359,ปราจีนบุรี,กบินทร์บุรี,องค์การบริหารส่วนตำบล,เขาไม้แก้ว
3360,ปราจีนบุรี,กบินทร์บุรี,องค์การบริหารส่วนตำบล,นนทรี
3361,ปราจีนบุรี,กบินทร์บุรี,องค์การบริหารส่วนตำบล,นาแขม
3362,ปราจีนบุรี,กบินทร์บุรี,องค์การบริหารส่วนตำบล,บ่อทอง
3363,ปราจีนบุรี,กบินทร์บุรี,องค์การบริหารส่วนตำบล,บ้านนา
3364,ปราจีนบุรี,กบินทร์บุรี,องค์การบริหารส่วนตำบล,เมืองเก่า
3365,ปราจีนบุรี,กบินทร์บุรี,องค์การบริหารส่วนตำบล,ย่านรี
3366,ปราจีนบุรี,กบินทร์บุรี,องค์การบริหารส่วนตำบล,ลาดตะเคียน
3367,ปราจีนบุรี,กบินทร์บุรี,องค์การบริหารส่วนตำบล,วังดาล
3368,ปราจีนบุรี,กบินทร์บุรี,องค์การบริหารส่วนตำบล,วังตะเคียน
3369,ปราจีนบุรี,กบินทร์บุรี,องค์การบริหารส่วนตำบล,วังท่าช้าง
3370,ปราจีนบุรี,กบินทร์บุรี,องค์การบริหารส่วนตำบล,หาดนางแก้ว
3371,ปราจีนบุรี,นาดี,องค์การบริหารส่วนตำบล,แก่งดินสอ
3372,ปราจีนบุรี,นาดี,องค์การบริหารส่วนตำบล,ทุ่งโพธิ์
3373,ปราจีนบุรี,นาดี,องค์การบริหารส่วนตำบล,นาดี
3374,ปราจีนบุรี,นาดี,องค์การบริหารส่วนตำบล,บุพราหมณ์
3375,ปราจีนบุรี,นาดี,องค์การบริหารส่วนตำบล,สะพานหิน
3376,ปราจีนบุรี,นาดี,องค์การบริหารส่วนตำบล,สำพันตา
3377,ปราจีนบุรี,บ้านสร้าง,องค์การบริหารส่วนตำบล,บางกระเบา
3378,ปราจีนบุรี,บ้านสร้าง,องค์การบริหารส่วนตำบล,บางเตย
3379,ปราจีนบุรี,บ้านสร้าง,องค์การบริหารส่วนตำบล,บางปลาร้า
3380,ปราจีนบุรี,บ้านสร้าง,องค์การบริหารส่วนตำบล,บางพลวง
3381,ปราจีนบุรี,บ้านสร้าง,องค์การบริหารส่วนตำบล,บางยาง
3382,ปราจีนบุรี,บ้านสร้าง,องค์การบริหารส่วนตำบล,บ้านสร้าง
3383,ปราจีนบุรี,ประจันตคาม,องค์การบริหารส่วนตำบล,เกาะลอย
3384,ปราจีนบุรี,ประจันตคาม,องค์การบริหารส่วนตำบล,คำโตนด
3385,ปราจีนบุรี,ประจันตคาม,องค์การบริหารส่วนตำบล,ดงบัง
3386,ปราจีนบุรี,ประจันตคาม,องค์การบริหารส่วนตำบล,บ้านหอย
3387,ปราจีนบุรี,ประจันตคาม,องค์การบริหารส่วนตำบล,บุฝ้าย
3388,ปราจีนบุรี,ประจันตคาม,องค์การบริหารส่วนตำบล,ประจันตคาม
3389,ปราจีนบุรี,ประจันตคาม,องค์การบริหารส่วนตำบล,หนองแก้ว
3390,ปราจีนบุรี,ประจันตคาม,องค์การบริหารส่วนตำบล,หนองแสง
3391,ปราจีนบุรี,เมืองปราจีนบุรี,องค์การบริหารส่วนตำบล,โคกไม้ลาย
3392,ปราจีนบุรี,เมืองปราจีนบุรี,องค์การบริหารส่วนตำบล,ดงขี้เหล็ก
3393,ปราจีนบุรี,เมืองปราจีนบุรี,องค์การบริหารส่วนตำบล,ดงพระราม
3394,ปราจีนบุรี,เมืองปราจีนบุรี,องค์การบริหารส่วนตำบล,ท่างาม
3395,ปราจีนบุรี,เมืองปราจีนบุรี,องค์การบริหารส่วนตำบล,เนินหอม
3396,ปราจีนบุรี,เมืองปราจีนบุรี,องค์การบริหารส่วนตำบล,โนนห้อม
3397,ปราจีนบุรี,เมืองปราจีนบุรี,องค์การบริหารส่วนตำบล,บางเดชะ
3398,ปราจีนบุรี,เมืองปราจีนบุรี,องค์การบริหารส่วนตำบล,บ้านพระ
3399,ปราจีนบุรี,เมืองปราจีนบุรี,องค์การบริหารส่วนตำบล,ไม้เค็ด
3400,ปราจีนบุรี,เมืองปราจีนบุรี,องค์การบริหารส่วนตำบล,รอบเมือง
3401,ปราจีนบุรี,เมืองปราจีนบุรี,องค์การบริหารส่วนตำบล,วัดโบสถ์
3402,ปราจีนบุรี,ศรีมหาโพธิ,องค์การบริหารส่วนตำบล,กรอกสมบูรณ์
3403,ปราจีนบุรี,ศรีมหาโพธิ,องค์การบริหารส่วนตำบล,ดงกระทงยาม
3404,ปราจีนบุรี,ศรีมหาโพธิ,องค์การบริหารส่วนตำบล,ท่าตูม
3405,ปราจีนบุรี,ศรีมหาโพธิ,องค์การบริหารส่วนตำบล,บ้านทาม
3406,ปราจีนบุรี,ศรีมหาโพธิ,องค์การบริหารส่วนตำบล,ศรีมหาโพธิ
3407,ปราจีนบุรี,ศรีมหาโพธิ,องค์การบริหารส่วนตำบล,หนองโพรง
3408,ปราจีนบุรี,ศรีมหาโพธิ,องค์การบริหารส่วนตำบล,หัวหว้า
3409,ปราจีนบุรี,ศรีมโหสถ,องค์การบริหารส่วนตำบล,โคกไทย
3410,ปราจีนบุรี,ศรีมโหสถ,องค์การบริหารส่วนตำบล,โคกปีบ
3411,ปราจีนบุรี,ศรีมโหสถ,องค์การบริหารส่วนตำบล,ไผ่ชะเลือด
3412,ปัตตานี,เมืองปัตตานี,องค์การบริหารส่วนจังหวัด,ปัตตานี
3413,ปัตตานี,เมืองปัตตานี,เทศบาลเมือง,บานา
3414,ปัตตานี,เมืองปัตตานี,เทศบาลเมือง,ปัตตานี
3415,ปัตตานี,เมืองปัตตานี,เทศบาลเมือง,รูสะมิแล
3416,ปัตตานี,สายบุรี,เทศบาลเมือง,ตะลุบัน
3417,ปัตตานี,โคกโพธิ์,เทศบาลตำบล,โคกโพธิ์
3418,ปัตตานี,โคกโพธิ์,เทศบาลตำบล,นาประดู่
3419,ปัตตานี,โคกโพธิ์,เทศบาลตำบล,นาประดู่เหนือ
3420,ปัตตานี,โคกโพธิ์,เทศบาลตำบล,มะกรูด
3421,ปัตตานี,ปะนาเระ,เทศบาลตำบล,ปะนาเระ
3422,ปัตตานี,ปะนาเระ,เทศบาลตำบล,พ่อมิ่ง
3423,ปัตตานี,มายอ,เทศบาลตำบล,มายอ
3424,ปัตตานี,มายอ,เทศบาลตำบล,ลางา
3425,ปัตตานี,ยะรัง,เทศบาลตำบล,ยะรัง
3426,ปัตตานี,ยะหริ่ง,เทศบาลตำบล,ตอหลัง
3427,ปัตตานี,ยะหริ่ง,เทศบาลตำบล,ตันหยง
3428,ปัตตานี,ยะหริ่ง,เทศบาลตำบล,บางปู
3429,ปัตตานี,ยะหริ่ง,เทศบาลตำบล,ยะหริ่ง
3430,ปัตตานี,สายบุรี,เทศบาลตำบล,เตราะบอน
3431,ปัตตานี,หนองจิก,เทศบาลตำบล,บ่อทอง
3432,ปัตตานี,หนองจิก,เทศบาลตำบล,หนองจิก
3433,ปัตตานี,กะพ้อ,องค์การบริหารส่วนตำบล,กะรุบี
3434,ปัตตานี,กะพ้อ,องค์การบริหารส่วนตำบล,ตะโละดือรามัน
3435,ปัตตานี,กะพ้อ,องค์การบริหารส่วนตำบล,ปล่องหอย
3436,ปัตตานี,โคกโพธิ์,องค์การบริหารส่วนตำบล,ควนโนรี
3437,ปัตตานี,โคกโพธิ์,องค์การบริหารส่วนตำบล,โคกโพธิ์
3438,ปัตตานี,โคกโพธิ์,องค์การบริหารส่วนตำบล,ช้างให้ตก
3439,ปัตตานี,โคกโพธิ์,องค์การบริหารส่วนตำบล,ทรายขาว
3440,ปัตตานี,โคกโพธิ์,องค์การบริหารส่วนตำบล,ท่าเรือ
3441,ปัตตานี,โคกโพธิ์,องค์การบริหารส่วนตำบล,ทุ่งพลา
3442,ปัตตานี,โคกโพธิ์,องค์การบริหารส่วนตำบล,นาเกตุ
3443,ปัตตานี,โคกโพธิ์,องค์การบริหารส่วนตำบล,บางโกระ
3444,ปัตตานี,โคกโพธิ์,องค์การบริหารส่วนตำบล,ปากล่อ
3445,ปัตตานี,โคกโพธิ์,องค์การบริหารส่วนตำบล,ป่าบอน
3446,ปัตตานี,ทุ่งยางแดง,องค์การบริหารส่วนตำบล,ตะโละแมะนา
3447,ปัตตานี,ทุ่งยางแดง,องค์การบริหารส่วนตำบล,น้ำดำ
3448,ปัตตานี,ทุ่งยางแดง,องค์การบริหารส่วนตำบล,ปากู
3449,ปัตตานี,ทุ่งยางแดง,องค์การบริหารส่วนตำบล,พิเทน
3450,ปัตตานี,ปะนาเระ,องค์การบริหารส่วนตำบล,ควน
3451,ปัตตานี,ปะนาเระ,องค์การบริหารส่วนตำบล,คอกกระบือ
3452,ปัตตานี,ปะนาเระ,องค์การบริหารส่วนตำบล,ดอน
3453,ปัตตานี,ปะนาเระ,องค์การบริหารส่วนตำบล,ท่าข้าม
3454,ปัตตานี,ปะนาเระ,องค์การบริหารส่วนตำบล,ท่าน้ำ
3455,ปัตตานี,ปะนาเระ,องค์การบริหารส่วนตำบล,บ้านกลาง
3456,ปัตตานี,ปะนาเระ,องค์การบริหารส่วนตำบล,บ้านนอก
3457,ปัตตานี,ปะนาเระ,องค์การบริหารส่วนตำบล,บ้านน้ำบ่อ
3458,ปัตตานี,มายอ,องค์การบริหารส่วนตำบล,กระเสาะ
3459,ปัตตานี,มายอ,องค์การบริหารส่วนตำบล,กระหวะ
3460,ปัตตานี,มายอ,องค์การบริหารส่วนตำบล,เกาะจัน
3461,ปัตตานี,มายอ,องค์การบริหารส่วนตำบล,ตรัง
3462,ปัตตานี,มายอ,องค์การบริหารส่วนตำบล,ถนน
3463,ปัตตานี,มายอ,องค์การบริหารส่วนตำบล,ปะโด
3464,ปัตตานี,มายอ,องค์การบริหารส่วนตำบล,ลุโบะยิไร
3465,ปัตตานี,มายอ,องค์การบริหารส่วนตำบล,สะกำ
3466,ปัตตานี,มายอ,องค์การบริหารส่วนตำบล,สาคอบน
3467,ปัตตานี,เมืองปัตตานี,องค์การบริหารส่วนตำบล,กะมิยอ
3468,ปัตตานี,เมืองปัตตานี,องค์การบริหารส่วนตำบล,คลองมานิง
3469,ปัตตานี,เมืองปัตตานี,องค์การบริหารส่วนตำบล,ตะลุโบะ
3470,ปัตตานี,เมืองปัตตานี,องค์การบริหารส่วนตำบล,ตันหยงลุโละ
3471,ปัตตานี,เมืองปัตตานี,องค์การบริหารส่วนตำบล,บาราโหม
3472,ปัตตานี,เมืองปัตตานี,องค์การบริหารส่วนตำบล,บาราเฮาะ
3473,ปัตตานี,เมืองปัตตานี,องค์การบริหารส่วนตำบล,ปะกาฮะรัง
3474,ปัตตานี,เมืองปัตตานี,องค์การบริหารส่วนตำบล,ปูยุด
3475,ปัตตานี,แม่ลาน,องค์การบริหารส่วนตำบล,ป่าไร่
3476,ปัตตานี,แม่ลาน,องค์การบริหารส่วนตำบล,ม่วงเตี้ย
3477,ปัตตานี,แม่ลาน,องค์การบริหารส่วนตำบล,แม่ลาน
3478,ปัตตานี,ไม้แก่น,องค์การบริหารส่วนตำบล,ดอนทราย
3479,ปัตตานี,ไม้แก่น,องค์การบริหารส่วนตำบล,ตะโละไกรทอง
3480,ปัตตานี,ไม้แก่น,องค์การบริหารส่วนตำบล,ไทรทอง
3481,ปัตตานี,ยะรัง,องค์การบริหารส่วนตำบล,กระโด
3482,ปัตตานี,ยะรัง,องค์การบริหารส่วนตำบล,กอลำ
3483,ปัตตานี,ยะรัง,องค์การบริหารส่วนตำบล,เขาตูม
3484,ปัตตานี,ยะรัง,องค์การบริหารส่วนตำบล,คลองใหม่
3485,ปัตตานี,ยะรัง,องค์การบริหารส่วนตำบล,ประจัน
3486,ปัตตานี,ยะรัง,องค์การบริหารส่วนตำบล,ปิตูมุดี
3487,ปัตตานี,ยะรัง,องค์การบริหารส่วนตำบล,เมาะมาวี
3488,ปัตตานี,ยะรัง,องค์การบริหารส่วนตำบล,ยะรัง
3489,ปัตตานี,ยะรัง,องค์การบริหารส่วนตำบล,ระแว้ง
3490,ปัตตานี,ยะรัง,องค์การบริหารส่วนตำบล,วัด
3491,ปัตตานี,ยะรัง,องค์การบริหารส่วนตำบล,สะดาวา
3492,ปัตตานี,ยะรัง,องค์การบริหารส่วนตำบล,สะนอ
3493,ปัตตานี,ยะหริ่ง,องค์การบริหารส่วนตำบล,จะรัง
3494,ปัตตานี,ยะหริ่ง,องค์การบริหารส่วนตำบล,ตะโละ
3495,ปัตตานี,ยะหริ่ง,องค์การบริหารส่วนตำบล,ตะโละกาโปร์
3496,ปัตตานี,ยะหริ่ง,องค์การบริหารส่วนตำบล,ตันหยงดาลอ
3497,ปัตตานี,ยะหริ่ง,องค์การบริหารส่วนตำบล,ตาแกะ
3498,ปัตตานี,ยะหริ่ง,องค์การบริหารส่วนตำบล,ตาลีอายร์
3499,ปัตตานี,ยะหริ่ง,องค์การบริหารส่วนตำบล,บาโลย
3500,ปัตตานี,ยะหริ่ง,องค์การบริหารส่วนตำบล,ปิยามุมัง
3501,ปัตตานี,ยะหริ่ง,องค์การบริหารส่วนตำบล,มะนังยง
3502,ปัตตานี,ยะหริ่ง,องค์การบริหารส่วนตำบล,ยามู
3503,ปัตตานี,ยะหริ่ง,องค์การบริหารส่วนตำบล,ราตาปันยัง
3504,ปัตตานี,ยะหริ่ง,องค์การบริหารส่วนตำบล,สาบัน
3505,ปัตตานี,ยะหริ่ง,องค์การบริหารส่วนตำบล,หนองแรต
3506,ปัตตานี,ยะหริ่ง,องค์การบริหารส่วนตำบล,แหลมโพธิ์
3507,ปัตตานี,สายบุรี,องค์การบริหารส่วนตำบล,กะดุนง
3508,ปัตตานี,สายบุรี,องค์การบริหารส่วนตำบล,ตะบิ้ง
3509,ปัตตานี,สายบุรี,องค์การบริหารส่วนตำบล,บางเก่า
3510,ปัตตานี,สายบุรี,องค์การบริหารส่วนตำบล,บือเระ
3511,ปัตตานี,สายบุรี,องค์การบริหารส่วนตำบล,ปะเสยะวอ
3512,ปัตตานี,สายบุรี,องค์การบริหารส่วนตำบล,แป้น
3513,ปัตตานี,สายบุรี,องค์การบริหารส่วนตำบล,มะนังดาลำ
3514,ปัตตานี,สายบุรี,องค์การบริหารส่วนตำบล,ละหาร
3515,ปัตตานี,หนองจิก,องค์การบริหารส่วนตำบล,เกาะเปาะ
3516,ปัตตานี,หนองจิก,องค์การบริหารส่วนตำบล,คอลอตันหยง
3517,ปัตตานี,หนองจิก,องค์การบริหารส่วนตำบล,ดอนรัก
3518,ปัตตานี,หนองจิก,องค์การบริหารส่วนตำบล,ดาโต๊ะ
3519,ปัตตานี,หนองจิก,องค์การบริหารส่วนตำบล,ตุยง
3520,ปัตตานี,หนองจิก,องค์การบริหารส่วนตำบล,ท่ากำชำ
3521,ปัตตานี,หนองจิก,องค์การบริหารส่วนตำบล,บางเขา
3522,ปัตตานี,หนองจิก,องค์การบริหารส่วนตำบล,บางตาวา
3523,ปัตตานี,หนองจิก,องค์การบริหารส่วนตำบล,ปุโละปุโย
3524,ปัตตานี,หนองจิก,องค์การบริหารส่วนตำบล,ยาบี
3525,ปัตตานี,หนองจิก,องค์การบริหารส่วนตำบล,ลิปะสะโง
3526,พระนครศรีอยุธยา,พระนครศรีอยุธยา,องค์การบริหารส่วนจังหวัด,พระนครศรีอยุธยา
3527,พระนครศรีอยุธยา,พระนครศรีอยุธยา,เทศบาลนคร,พระนครศรีอยุธยา
3528,พระนครศรีอยุธยา,บางไทร,เทศบาลเมือง,บางไทร
3529,พระนครศรีอยุธยา,บางปะอิน,เทศบาลเมือง,บ้านกรด
3530,พระนครศรีอยุธยา,บางปะอิน,เทศบาลเมือง,บ้านสร้าง
3531,พระนครศรีอยุธยา,ผักไห่,เทศบาลเมือง,ผักไห่
3532,พระนครศรีอยุธยา,พระนครศรีอยุธยา,เทศบาลเมือง,เกาะเรียน
3533,พระนครศรีอยุธยา,พระนครศรีอยุธยา,เทศบาลเมือง,อโยธยา
3534,พระนครศรีอยุธยา,วังน้อย,เทศบาลเมือง,ลำตาเสา
3535,พระนครศรีอยุธยา,เสนา,เทศบาลเมือง,เจ้าเจ็ด
3536,พระนครศรีอยุธยา,เสนา,เทศบาลเมือง,เสนา
3537,พระนครศรีอยุธยา,ท่าเรือ,เทศบาลตำบล,ท่าเรือ
3538,พระนครศรีอยุธยา,ท่าเรือ,เทศบาลตำบล,ท่าหลวง
3539,พระนครศรีอยุธยา,นครหลวง,เทศบาลตำบล,นครหลวง
3540,พระนครศรีอยุธยา,นครหลวง,เทศบาลตำบล,บ่อโพง
3541,พระนครศรีอยุธยา,นครหลวง,เทศบาลตำบล,อรัญญิก
3542,พระนครศรีอยุธยา,บางซ้าย,เทศบาลตำบล,บางซ้าย
3543,พระนครศรีอยุธยา,บางไทร,เทศบาลตำบล,ราชคราม
3544,พระนครศรีอยุธยา,บางบาล,เทศบาลตำบล,บางบาล
3545,พระนครศรีอยุธยา,บางบาล,เทศบาลตำบล,มหาพราหมณ์
3546,พระนครศรีอยุธยา,บางปะหัน,เทศบาลตำบล,ตานิม
3547,พระนครศรีอยุธยา,บางปะหัน,เทศบาลตำบล,บางปะหัน
3548,พระนครศรีอยุธยา,บางปะอิน,เทศบาลตำบล,คลองจิก
3549,พระนครศรีอยุธยา,บางปะอิน,เทศบาลตำบล,เชียงรากน้อย
3550,พระนครศรีอยุธยา,บางปะอิน,เทศบาลตำบล,ตลาดเกรียบ
3551,พระนครศรีอยุธยา,บางปะอิน,เทศบาลตำบล,บางกระสั้น
3552,พระนครศรีอยุธยา,บางปะอิน,เทศบาลตำบล,บางปะอิน
3553,พระนครศรีอยุธยา,บางปะอิน,เทศบาลตำบล,บ้านโพ
3554,พระนครศรีอยุธยา,บางปะอิน,เทศบาลตำบล,ปราสาททอง
3555,พระนครศรีอยุธยา,บางปะอิน,เทศบาลตำบล,พระอินทราชา
3556,พระนครศรีอยุธยา,บ้านแพรก,เทศบาลตำบล,บ้านแพรก
3557,พระนครศรีอยุธยา,ผักไห่,เทศบาลตำบล,ลาดชะโด
3558,พระนครศรีอยุธยา,พระนครศรีอยุธยา,เทศบาลตำบล,สำเภาล่ม
3559,พระนครศรีอยุธยา,ภาชี,เทศบาลตำบล,ภาชี
3560,พระนครศรีอยุธยา,มหาราช,เทศบาลตำบล,มหาราช
3561,พระนครศรีอยุธยา,มหาราช,เทศบาลตำบล,โรงช้าง
3562,พระนครศรีอยุธยา,ลาดบัวหลวง,เทศบาลตำบล,ลาดบัวหลวง
3563,พระนครศรีอยุธยา,ลาดบัวหลวง,เทศบาลตำบล,สามเมือง
3564,พระนครศรีอยุธยา,วังน้อย,เทศบาลตำบล,บ่อตาโล่
3565,พระนครศรีอยุธยา,วังน้อย,เทศบาลตำบล,ลำไทร
3566,พระนครศรีอยุธยา,เสนา,เทศบาลตำบล,บางนมโค
3567,พระนครศรีอยุธยา,เสนา,เทศบาลตำบล,สามกอ
3568,พระนครศรีอยุธยา,เสนา,เทศบาลตำบล,หัวเวียง
3569,พระนครศรีอยุธยา,อุทัย,เทศบาลตำบล,อุทัย
3570,พระนครศรีอยุธยา,ท่าเรือ,องค์การบริหารส่วนตำบล,จำปา
3571,พระนครศรีอยุธยา,ท่าเรือ,องค์การบริหารส่วนตำบล,ท่าเจ้าสนุก
3572,พระนครศรีอยุธยา,ท่าเรือ,องค์การบริหารส่วนตำบล,ท่าหลวง
3573,พระนครศรีอยุธยา,ท่าเรือ,องค์การบริหารส่วนตำบล,บ้านร่อม
3574,พระนครศรีอยุธยา,ท่าเรือ,องค์การบริหารส่วนตำบล,ปากท่า
3575,พระนครศรีอยุธยา,ท่าเรือ,องค์การบริหารส่วนตำบล,โพธิ์เอน
3576,พระนครศรีอยุธยา,ท่าเรือ,องค์การบริหารส่วนตำบล,วังแดง
3577,พระนครศรีอยุธยา,ท่าเรือ,องค์การบริหารส่วนตำบล,ศาลาลอย
3578,พระนครศรีอยุธยา,ท่าเรือ,องค์การบริหารส่วนตำบล,หนองขนาก
3579,พระนครศรีอยุธยา,นครหลวง,องค์การบริหารส่วนตำบล,คลองสะแก
3580,พระนครศรีอยุธยา,นครหลวง,องค์การบริหารส่วนตำบล,บ้านชุ้ง
3581,พระนครศรีอยุธยา,นครหลวง,องค์การบริหารส่วนตำบล,ปากจั่น
3582,พระนครศรีอยุธยา,นครหลวง,องค์การบริหารส่วนตำบล,แม่ลา
3583,พระนครศรีอยุธยา,นครหลวง,องค์การบริหารส่วนตำบล,หนองปลิง
3584,พระนครศรีอยุธยา,บางซ้าย,องค์การบริหารส่วนตำบล,เทพมงคล
3585,พระนครศรีอยุธยา,บางซ้าย,องค์การบริหารส่วนตำบล,บางซ้าย
3586,พระนครศรีอยุธยา,บางซ้าย,องค์การบริหารส่วนตำบล,ปลายกลัด
3587,พระนครศรีอยุธยา,บางซ้าย,องค์การบริหารส่วนตำบล,วังพัฒนา
3588,พระนครศรีอยุธยา,บางไทร,องค์การบริหารส่วนตำบล,กระแชง
3589,พระนครศรีอยุธยา,บางไทร,องค์การบริหารส่วนตำบล,โคกช้าง
3590,พระนครศรีอยุธยา,บางไทร,องค์การบริหารส่วนตำบล,บางยี่โท
3591,พระนครศรีอยุธยา,บางไทร,องค์การบริหารส่วนตำบล,บ้านกลึง
3592,พระนครศรีอยุธยา,บางไทร,องค์การบริหารส่วนตำบล,บ้านม้า
3593,พระนครศรีอยุธยา,บางไทร,องค์การบริหารส่วนตำบล,ไผ่พระ
3594,พระนครศรีอยุธยา,บางไทร,องค์การบริหารส่วนตำบล,โพแตง
3595,พระนครศรีอยุธยา,บางไทร,องค์การบริหารส่วนตำบล,ไม้ตรา
3596,พระนครศรีอยุธยา,บางไทร,องค์การบริหารส่วนตำบล,สนามชัย
3597,พระนครศรีอยุธยา,บางบาล,องค์การบริหารส่วนตำบล,กบเจา
3598,พระนครศรีอยุธยา,บางบาล,องค์การบริหารส่วนตำบล,น้ำเต้า
3599,พระนครศรีอยุธยา,บางบาล,องค์การบริหารส่วนตำบล,บ้านคลัง
3600,พระนครศรีอยุธยา,บางบาล,องค์การบริหารส่วนตำบล,พระขาว
3601,พระนครศรีอยุธยา,บางปะหัน,องค์การบริหารส่วนตำบล,ทับน้ำ
3602,พระนครศรีอยุธยา,บางปะหัน,องค์การบริหารส่วนตำบล,บางเดื่อ
3603,พระนครศรีอยุธยา,บางปะหัน,องค์การบริหารส่วนตำบล,บางปะหัน
3604,พระนครศรีอยุธยา,บางปะหัน,องค์การบริหารส่วนตำบล,บ้านขล้อ
3605,พระนครศรีอยุธยา,บางปะหัน,องค์การบริหารส่วนตำบล,บ้านลี่
3606,พระนครศรีอยุธยา,บางปะหัน,องค์การบริหารส่วนตำบล,พุทเลา
3607,พระนครศรีอยุธยา,บางปะหัน,องค์การบริหารส่วนตำบล,โพธิ์สามต้น
3608,พระนครศรีอยุธยา,บางปะหัน,องค์การบริหารส่วนตำบล,เสาธง
3609,พระนครศรีอยุธยา,บางปะหัน,องค์การบริหารส่วนตำบล,หันสัง
3610,พระนครศรีอยุธยา,บางปะอิน,องค์การบริหารส่วนตำบล,เกาะเกิด
3611,พระนครศรีอยุธยา,บางปะอิน,องค์การบริหารส่วนตำบล,ตลิ่งชัน-คุ้งลาน
3612,พระนครศรีอยุธยา,บางปะอิน,องค์การบริหารส่วนตำบล,บางประแดง
3613,พระนครศรีอยุธยา,บางปะอิน,องค์การบริหารส่วนตำบล,บ้านแป้ง
3614,พระนครศรีอยุธยา,บางปะอิน,องค์การบริหารส่วนตำบล,บ้านพลับ
3615,พระนครศรีอยุธยา,บางปะอิน,องค์การบริหารส่วนตำบล,บ้านหว้า
3616,พระนครศรีอยุธยา,บางปะอิน,องค์การบริหารส่วนตำบล,วัดยม
3617,พระนครศรีอยุธยา,บางปะอิน,องค์การบริหารส่วนตำบล,สามเรือน
3618,พระนครศรีอยุธยา,บ้านแพรก,องค์การบริหารส่วนตำบล,คลองน้อย
3619,พระนครศรีอยุธยา,บ้านแพรก,องค์การบริหารส่วนตำบล,สำพะเนียง
3620,พระนครศรีอยุธยา,ผักไห่,องค์การบริหารส่วนตำบล,กุฎี
3621,พระนครศรีอยุธยา,ผักไห่,องค์การบริหารส่วนตำบล,ดอนลาน
3622,พระนครศรีอยุธยา,ผักไห่,องค์การบริหารส่วนตำบล,ท่าดินแดง
3623,พระนครศรีอยุธยา,ผักไห่,องค์การบริหารส่วนตำบล,นาคู
3624,พระนครศรีอยุธยา,ผักไห่,องค์การบริหารส่วนตำบล,บ้านแค
3625,พระนครศรีอยุธยา,ผักไห่,องค์การบริหารส่วนตำบล,ลาดชิด
3626,พระนครศรีอยุธยา,ผักไห่,องค์การบริหารส่วนตำบล,ลาดน้ำเค็ม
3627,พระนครศรีอยุธยา,ผักไห่,องค์การบริหารส่วนตำบล,หน้าโคก
3628,พระนครศรีอยุธยา,พระนครศรีอยุธยา,องค์การบริหารส่วนตำบล,คลองตะเคียน
3629,พระนครศรีอยุธยา,พระนครศรีอยุธยา,องค์การบริหารส่วนตำบล,คลองสระบัว
3630,พระนครศรีอยุธยา,พระนครศรีอยุธยา,องค์การบริหารส่วนตำบล,บ้านเกาะ
3631,พระนครศรีอยุธยา,พระนครศรีอยุธยา,องค์การบริหารส่วนตำบล,บ้านป้อม
3632,พระนครศรีอยุธยา,พระนครศรีอยุธยา,องค์การบริหารส่วนตำบล,บ้านใหม่
3633,พระนครศรีอยุธยา,พระนครศรีอยุธยา,องค์การบริหารส่วนตำบล,ปากกราน
3634,พระนครศรีอยุธยา,พระนครศรีอยุธยา,องค์การบริหารส่วนตำบล,ภูเขาทอง
3635,พระนครศรีอยุธยา,พระนครศรีอยุธยา,องค์การบริหารส่วนตำบล,ลุมพลี
3636,พระนครศรีอยุธยา,พระนครศรีอยุธยา,องค์การบริหารส่วนตำบล,วัดตูม
3637,พระนครศรีอยุธยา,พระนครศรีอยุธยา,องค์การบริหารส่วนตำบล,สวนพริก
3638,พระนครศรีอยุธยา,พระนครศรีอยุธยา,องค์การบริหารส่วนตำบล,หันตรา
3639,พระนครศรีอยุธยา,ภาชี,องค์การบริหารส่วนตำบล,กระจิว
3640,พระนครศรีอยุธยา,ภาชี,องค์การบริหารส่วนตำบล,โคกม่วง
3641,พระนครศรีอยุธยา,ภาชี,องค์การบริหารส่วนตำบล,ดอนหญ้านาง
3642,พระนครศรีอยุธยา,ภาชี,องค์การบริหารส่วนตำบล,ไผ่ล้อม
3643,พระนครศรีอยุธยา,ภาชี,องค์การบริหารส่วนตำบล,พระแก้ว
3644,พระนครศรีอยุธยา,ภาชี,องค์การบริหารส่วนตำบล,ระโสม
3645,พระนครศรีอยุธยา,ภาชี,องค์การบริหารส่วนตำบล,หนองน้ำใส
3646,พระนครศรีอยุธยา,มหาราช,องค์การบริหารส่วนตำบล,ท่าตอ
3647,พระนครศรีอยุธยา,มหาราช,องค์การบริหารส่วนตำบล,บางนา
3648,พระนครศรีอยุธยา,มหาราช,องค์การบริหารส่วนตำบล,บ้านขวาง
3649,พระนครศรีอยุธยา,มหาราช,องค์การบริหารส่วนตำบล,บ้านนา
3650,พระนครศรีอยุธยา,มหาราช,องค์การบริหารส่วนตำบล,บ้านใหม่มหาราช
3651,พระนครศรีอยุธยา,ลาดบัวหลวง,องค์การบริหารส่วนตำบล,คลองพระยาบันลือ
3652,พระนครศรีอยุธยา,ลาดบัวหลวง,องค์การบริหารส่วนตำบล,คู้สลอด
3653,พระนครศรีอยุธยา,ลาดบัวหลวง,องค์การบริหารส่วนตำบล,พระยาบันลือ
3654,พระนครศรีอยุธยา,ลาดบัวหลวง,องค์การบริหารส่วนตำบล,ลาดบัวหลวง
3655,พระนครศรีอยุธยา,ลาดบัวหลวง,องค์การบริหารส่วนตำบล,สิงหนาท
3656,พระนครศรีอยุธยา,ลาดบัวหลวง,องค์การบริหารส่วนตำบล,หลักชัย
3657,พระนครศรีอยุธยา,วังน้อย,องค์การบริหารส่วนตำบล,ข้าวงาม
3658,พระนครศรีอยุธยา,วังน้อย,องค์การบริหารส่วนตำบล,ชะแมบ
3659,พระนครศรีอยุธยา,วังน้อย,องค์การบริหารส่วนตำบล,พยอม
3660,พระนครศรีอยุธยา,วังน้อย,องค์การบริหารส่วนตำบล,วังจุฬา
3661,พระนครศรีอยุธยา,วังน้อย,องค์การบริหารส่วนตำบล,วังน้อย
3662,พระนครศรีอยุธยา,วังน้อย,องค์การบริหารส่วนตำบล,สนับทึบ
3663,พระนครศรีอยุธยา,วังน้อย,องค์การบริหารส่วนตำบล,หันตะเภา
3664,พระนครศรีอยุธยา,เสนา,องค์การบริหารส่วนตำบล,ชายนา
3665,พระนครศรีอยุธยา,เสนา,องค์การบริหารส่วนตำบล,ดอนทอง
3666,พระนครศรีอยุธยา,เสนา,องค์การบริหารส่วนตำบล,บ้านแพน
3667,พระนครศรีอยุธยา,เสนา,องค์การบริหารส่วนตำบล,บ้านโพธิ์
3668,พระนครศรีอยุธยา,เสนา,องค์การบริหารส่วนตำบล,บ้านหลวง
3669,พระนครศรีอยุธยา,เสนา,องค์การบริหารส่วนตำบล,มารวิชัย
3670,พระนครศรีอยุธยา,เสนา,องค์การบริหารส่วนตำบล,รางจรเข้
3671,พระนครศรีอยุธยา,เสนา,องค์การบริหารส่วนตำบล,ลาดงา
3672,พระนครศรีอยุธยา,เสนา,องค์การบริหารส่วนตำบล,สามตุ่ม
3673,พระนครศรีอยุธยา,อุทัย,องค์การบริหารส่วนตำบล,ข้าวเม่า
3674,พระนครศรีอยุธยา,อุทัย,องค์การบริหารส่วนตำบล,คานหาม
3675,พระนครศรีอยุธยา,อุทัย,องค์การบริหารส่วนตำบล,ธนู
3676,พระนครศรีอยุธยา,อุทัย,องค์การบริหารส่วนตำบล,บ้านช้าง
3677,พระนครศรีอยุธยา,อุทัย,องค์การบริหารส่วนตำบล,บ้านหีบ
3678,พระนครศรีอยุธยา,อุทัย,องค์การบริหารส่วนตำบล,โพสาวหาญ
3679,พระนครศรีอยุธยา,อุทัย,องค์การบริหารส่วนตำบล,สามบัณฑิต
3680,พระนครศรีอยุธยา,อุทัย,องค์การบริหารส่วนตำบล,เสนา
3681,พระนครศรีอยุธยา,อุทัย,องค์การบริหารส่วนตำบล,หนองน้ำส้ม
3682,พระนครศรีอยุธยา,อุทัย,องค์การบริหารส่วนตำบล,หนองไม้ซุง
3683,พระนครศรีอยุธยา,อุทัย,องค์การบริหารส่วนตำบล,อุทัย
3684,พะเยา,เมืองพะเยา,องค์การบริหารส่วนจังหวัด,พะเยา
3685,พะเยา,ดอกคำใต้,เทศบาลเมือง,ดอกคำใต้
3686,พะเยา,เมืองพะเยา,เทศบาลเมือง,พะเยา
3687,พะเยา,จุน,เทศบาลตำบล,จุน
3688,พะเยา,จุน,เทศบาลตำบล,ทุ่งรวงทอง
3689,พะเยา,จุน,เทศบาลตำบล,เวียงลอ
3690,พะเยา,จุน,เทศบาลตำบล,หงส์หิน
3691,พะเยา,จุน,เทศบาลตำบล,ห้วยข้าวก่ำ
3692,พะเยา,เชียงคำ,เทศบาลตำบล,เชียงคำ
3693,พะเยา,เชียงคำ,เทศบาลตำบล,ฝายกวาง
3694,พะเยา,เชียงคำ,เทศบาลตำบล,เวียง
3695,พะเยา,เชียงคำ,เทศบาลตำบล,หย่วน
3696,พะเยา,เชียงม่วน,เทศบาลตำบล,เชียงม่วน
3697,พะเยา,ดอกคำใต้,เทศบาลตำบล,บ้านถ้ำ
3698,พะเยา,ดอกคำใต้,เทศบาลตำบล,หนองหล่ม
3699,พะเยา,ดอกคำใต้,เทศบาลตำบล,ห้วยลาน
3700,พะเยา,ปง,เทศบาลตำบล,งิม
3701,พะเยา,ปง,เทศบาลตำบล,ปง
3702,พะเยา,ปง,เทศบาลตำบล,แม่ยม
3703,พะเยา,ภูกามยาว,เทศบาลตำบล,ดงเจน
3704,พะเยา,ภูซาง,เทศบาลตำบล,สบบง
3705,พะเยา,เมืองพะเยา,เทศบาลตำบล,ท่าจำปี
3706,พะเยา,เมืองพะเยา,เทศบาลตำบล,ท่าวังทอง
3707,พะเยา,เมืองพะเยา,เทศบาลตำบล,บ้านต๋อม
3708,พะเยา,เมืองพะเยา,เทศบาลตำบล,บ้านต๊ำ
3709,พะเยา,เมืองพะเยา,เทศบาลตำบล,บ้านสาง
3710,พะเยา,เมืองพะเยา,เทศบาลตำบล,บ้านใหม่
3711,พะเยา,เมืองพะเยา,เทศบาลตำบล,แม่กา
3712,พะเยา,เมืองพะเยา,เทศบาลตำบล,แม่ปืม
3713,พะเยา,เมืองพะเยา,เทศบาลตำบล,สันป่าม่วง
3714,พะเยา,แม่ใจ,เทศบาลตำบล,เจริญราษฎร์
3715,พะเยา,แม่ใจ,เทศบาลตำบล,บ้านเหล่า
3716,พะเยา,แม่ใจ,เทศบาลตำบล,ป่าแฝก
3717,พะเยา,แม่ใจ,เทศบาลตำบล,แม่ใจ
3718,พะเยา,แม่ใจ,เทศบาลตำบล,รวมใจพัฒนา
3719,พะเยา,แม่ใจ,เทศบาลตำบล,ศรีถ้อย
3720,พะเยา,จุน,องค์การบริหารส่วนตำบล,พระธาตุขิงแกง
3721,พะเยา,จุน,องค์การบริหารส่วนตำบล,ห้วยยางขาม
3722,พะเยา,เชียงคำ,องค์การบริหารส่วนตำบล,เจดีย์คำ
3723,พะเยา,เชียงคำ,องค์การบริหารส่วนตำบล,เชียงบาน
3724,พะเยา,เชียงคำ,องค์การบริหารส่วนตำบล,ทุ่งผาสุข
3725,พะเยา,เชียงคำ,องค์การบริหารส่วนตำบล,น้ำแวน
3726,พะเยา,เชียงคำ,องค์การบริหารส่วนตำบล,แม่ลาว
3727,พะเยา,เชียงคำ,องค์การบริหารส่วนตำบล,ร่มเย็น
3728,พะเยา,เชียงคำ,องค์การบริหารส่วนตำบล,อ่างทอง
3729,พะเยา,เชียงม่วน,องค์การบริหารส่วนตำบล,บ้านมาง
3730,พะเยา,เชียงม่วน,องค์การบริหารส่วนตำบล,สระ
3731,พะเยา,ดอกคำใต้,องค์การบริหารส่วนตำบล,คือเวียง
3732,พะเยา,ดอกคำใต้,องค์การบริหารส่วนตำบล,ดงสุวรรณ
3733,พะเยา,ดอกคำใต้,องค์การบริหารส่วนตำบล,ดอกคำใต้
3734,พะเยา,ดอกคำใต้,องค์การบริหารส่วนตำบล,ดอนศรีชุม
3735,พะเยา,ดอกคำใต้,องค์การบริหารส่วนตำบล,บ้านปิน
3736,พะเยา,ดอกคำใต้,องค์การบริหารส่วนตำบล,ป่าซาง
3737,พะเยา,ดอกคำใต้,องค์การบริหารส่วนตำบล,สันโค้ง
3738,พะเยา,ปง,องค์การบริหารส่วนตำบล,ขุนควร
3739,พะเยา,ปง,องค์การบริหารส่วนตำบล,ควร
3740,พะเยา,ปง,องค์การบริหารส่วนตำบล,งิม
3741,พะเยา,ปง,องค์การบริหารส่วนตำบล,นาปรัง
3742,พะเยา,ปง,องค์การบริหารส่วนตำบล,ผาช้างน้อย
3743,พะเยา,ปง,องค์การบริหารส่วนตำบล,ออย
3744,พะเยา,ภูกามยาว,องค์การบริหารส่วนตำบล,ดงเจน
3745,พะเยา,ภูกามยาว,องค์การบริหารส่วนตำบล,แม่อิง
3746,พะเยา,ภูกามยาว,องค์การบริหารส่วนตำบล,ห้วยแก้ว
3747,พะเยา,ภูซาง,องค์การบริหารส่วนตำบล,เชียงแรง
3748,พะเยา,ภูซาง,องค์การบริหารส่วนตำบล,ทุ่งกล้วย
3749,พะเยา,ภูซาง,องค์การบริหารส่วนตำบล,ป่าสัก
3750,พะเยา,ภูซาง,องค์การบริหารส่วนตำบล,ภูซาง
3751,พะเยา,เมืองพะเยา,องค์การบริหารส่วนตำบล,จำป่าหวาย
3752,พะเยา,เมืองพะเยา,องค์การบริหารส่วนตำบล,บ้านตุ่น
3753,พะเยา,เมืองพะเยา,องค์การบริหารส่วนตำบล,แม่นาเรือ
3754,พะเยา,เมืองพะเยา,องค์การบริหารส่วนตำบล,แม่ใส
3755,พะเยา,แม่ใจ,องค์การบริหารส่วนตำบล,แม่สุก
3756,พังงา,เมืองพังงา,องค์การบริหารส่วนจังหวัด,พังงา
3757,พังงา,ตะกั่วทุ่ง,เทศบาลเมือง,โคกกลอย
3758,พังงา,ตะกั่วป่า,เทศบาลเมือง,ตะกั่วป่า
3759,พังงา,เมืองพังงา,เทศบาลเมือง,พังงา
3760,พังงา,กะปง,เทศบาลตำบล,ท่านา
3761,พังงา,เกาะยาว,เทศบาลตำบล,เกาะยาว
3762,พังงา,เกาะยาว,เทศบาลตำบล,เกาะยาวใหญ่
3763,พังงา,เกาะยาว,เทศบาลตำบล,พรุใน
3764,พังงา,คุระบุรี,เทศบาลตำบล,คุระบุรี
3765,พังงา,ตะกั่วทุ่ง,เทศบาลตำบล,กระโสม
3766,พังงา,ตะกั่วป่า,เทศบาลตำบล,คึกคัก
3767,พังงา,ตะกั่วป่า,เทศบาลตำบล,บางนายสี
3768,พังงา,ทับปุด,เทศบาลตำบล,ทับปุด
3769,พังงา,ท้ายเหมือง,เทศบาลตำบล,ท้ายเหมือง
3770,พังงา,ท้ายเหมือง,เทศบาลตำบล,ลำแก่น
3771,พังงา,เมืองพังงา,เทศบาลตำบล,บางเตย
3772,พังงา,กะปง,องค์การบริหารส่วนตำบล,ท่านา
3773,พังงา,กะปง,องค์การบริหารส่วนตำบล,รมณีย์
3774,พังงา,กะปง,องค์การบริหารส่วนตำบล,เหมาะ
3775,พังงา,กะปง,องค์การบริหารส่วนตำบล,เหล
3776,พังงา,เกาะยาว,องค์การบริหารส่วนตำบล,เกาะยาวน้อย
3777,พังงา,คุระบุรี,องค์การบริหารส่วนตำบล,เกาะพระทอง
3778,พังงา,คุระบุรี,องค์การบริหารส่วนตำบล,คุระ
3779,พังงา,คุระบุรี,องค์การบริหารส่วนตำบล,บางวัน
3780,พังงา,คุระบุรี,องค์การบริหารส่วนตำบล,แม่นางขาว
3781,พังงา,ตะกั่วทุ่ง,องค์การบริหารส่วนตำบล,กระโสม
3782,พังงา,ตะกั่วทุ่ง,องค์การบริหารส่วนตำบล,กะไหล
3783,พังงา,ตะกั่วทุ่ง,องค์การบริหารส่วนตำบล,คลองเคียน
3784,พังงา,ตะกั่วทุ่ง,องค์การบริหารส่วนตำบล,ถ้ำ
3785,พังงา,ตะกั่วทุ่ง,องค์การบริหารส่วนตำบล,ท่าอยู่
3786,พังงา,ตะกั่วทุ่ง,องค์การบริหารส่วนตำบล,หล่อยูง
3787,พังงา,ตะกั่วป่า,องค์การบริหารส่วนตำบล,เกาะคอเขา
3788,พังงา,ตะกั่วป่า,องค์การบริหารส่วนตำบล,โคกเคียน
3789,พังงา,ตะกั่วป่า,องค์การบริหารส่วนตำบล,บางไทร
3790,พังงา,ตะกั่วป่า,องค์การบริหารส่วนตำบล,บางม่วง
3791,พังงา,ทับปุด,องค์การบริหารส่วนตำบล,โคกเจริญ
3792,พังงา,ทับปุด,องค์การบริหารส่วนตำบล,ทับปุด
3793,พังงา,ทับปุด,องค์การบริหารส่วนตำบล,บ่อแสน
3794,พังงา,ทับปุด,องค์การบริหารส่วนตำบล,บางเหรียง
3795,พังงา,ทับปุด,องค์การบริหารส่วนตำบล,มะรุ่ย
3796,พังงา,ท้ายเหมือง,องค์การบริหารส่วนตำบล,ท้ายเหมือง
3797,พังงา,ท้ายเหมือง,องค์การบริหารส่วนตำบล,ทุ่งมะพร้าว
3798,พังงา,ท้ายเหมือง,องค์การบริหารส่วนตำบล,นาเตย
3799,พังงา,ท้ายเหมือง,องค์การบริหารส่วนตำบล,บางทอง
3800,พังงา,ท้ายเหมือง,องค์การบริหารส่วนตำบล,ลำภี
3801,พังงา,เมืองพังงา,องค์การบริหารส่วนตำบล,เกาะปันหยี
3802,พังงา,เมืองพังงา,องค์การบริหารส่วนตำบล,ตากแดด
3803,พังงา,เมืองพังงา,องค์การบริหารส่วนตำบล,ถ้ำน้ำผุด
3804,พังงา,เมืองพังงา,องค์การบริหารส่วนตำบล,ทุ่งคาโงก
3805,พังงา,เมืองพังงา,องค์การบริหารส่วนตำบล,นบปริง
3806,พังงา,เมืองพังงา,องค์การบริหารส่วนตำบล,ป่ากอ
3807,พัทลุง,เมืองพัทลุง,องค์การบริหารส่วนจังหวัด,พัทลุง
3808,พัทลุง,เมืองพัทลุง,เทศบาลเมือง,พัทลุง
3809,พัทลุง,กงหรา,เทศบาลตำบล,กงหรา
3810,พัทลุง,กงหรา,เทศบาลตำบล,คลองทรายขาว
3811,พัทลุง,กงหรา,เทศบาลตำบล,ชะรัด
3812,พัทลุง,กงหรา,เทศบาลตำบล,สมหวัง
3813,พัทลุง,เขาชัยสน,เทศบาลตำบล,เขาชัยสน
3814,พัทลุง,เขาชัยสน,เทศบาลตำบล,ควนขนุน
3815,พัทลุง,เขาชัยสน,เทศบาลตำบล,โคกม่วง
3816,พัทลุง,เขาชัยสน,เทศบาลตำบล,จองถนน
3817,พัทลุง,ควนขนุน,เทศบาลตำบล,ควนขนุน
3818,พัทลุง,ควนขนุน,เทศบาลตำบล,ดอนทราย
3819,พัทลุง,ควนขนุน,เทศบาลตำบล,โตนดด้วน
3820,พัทลุง,ควนขนุน,เทศบาลตำบล,ทะเลน้อย
3821,พัทลุง,ควนขนุน,เทศบาลตำบล,นาขยาด
3822,พัทลุง,ควนขนุน,เทศบาลตำบล,บ้านสวน
3823,พัทลุง,ควนขนุน,เทศบาลตำบล,พนางตุง
3824,พัทลุง,ควนขนุน,เทศบาลตำบล,แพรกหา
3825,พัทลุง,ควนขนุน,เทศบาลตำบล,มะกอกเหนือ
3826,พัทลุง,ควนขนุน,เทศบาลตำบล,หนองพ้อ
3827,พัทลุง,ควนขนุน,เทศบาลตำบล,แหลมโตนด
3828,พัทลุง,ตะโหมด,เทศบาลตำบล,เขาหัวช้าง
3829,พัทลุง,ตะโหมด,เทศบาลตำบล,คลองใหญ่
3830,พัทลุง,ตะโหมด,เทศบาลตำบล,ควนเสาธง
3831,พัทลุง,ตะโหมด,เทศบาลตำบล,ตะโหมด
3832,พัทลุง,ตะโหมด,เทศบาลตำบล,แม่ขรี
3833,พัทลุง,บางแก้ว,เทศบาลตำบล,ท่ามะเดื่อ
3834,พัทลุง,บางแก้ว,เทศบาลตำบล,บางแก้ว
3835,พัทลุง,ปากพะยูน,เทศบาลตำบล,เกาะนางคำ
3836,พัทลุง,ปากพะยูน,เทศบาลตำบล,เกาะหมาก
3837,พัทลุง,ปากพะยูน,เทศบาลตำบล,ดอนทราย
3838,พัทลุง,ปากพะยูน,เทศบาลตำบล,ดอนประดู่
3839,พัทลุง,ปากพะยูน,เทศบาลตำบล,ปากพะยูน
3840,พัทลุง,ปากพะยูน,เทศบาลตำบล,หารเทา
3841,พัทลุง,ปากพะยูน,เทศบาลตำบล,อ่าวพะยูน
3842,พัทลุง,ป่าบอน,เทศบาลตำบล,ป่าบอน
3843,พัทลุง,ป่าพะยอม,เทศบาลตำบล,บ้านพร้าว
3844,พัทลุง,ป่าพะยอม,เทศบาลตำบล,ลานข่อย
3845,พัทลุง,เมืองพัทลุง,เทศบาลตำบล,เขาเจียก
3846,พัทลุง,เมืองพัทลุง,เทศบาลตำบล,โคกชะงาย
3847,พัทลุง,เมืองพัทลุง,เทศบาลตำบล,ตำนาน
3848,พัทลุง,เมืองพัทลุง,เทศบาลตำบล,ท่าแค
3849,พัทลุง,เมืองพัทลุง,เทศบาลตำบล,ท่ามิหรำ
3850,พัทลุง,เมืองพัทลุง,เทศบาลตำบล,นาท่อม
3851,พัทลุง,เมืองพัทลุง,เทศบาลตำบล,นาโหนด
3852,พัทลุง,เมืองพัทลุง,เทศบาลตำบล,ปรางหมู่
3853,พัทลุง,เมืองพัทลุง,เทศบาลตำบล,พญาขัน
3854,พัทลุง,เมืองพัทลุง,เทศบาลตำบล,ร่มเมือง
3855,พัทลุง,ศรีนครินทร์,เทศบาลตำบล,ชุมพล
3856,พัทลุง,ศรีนครินทร์,เทศบาลตำบล,บ้านนา
3857,พัทลุง,ศรีนครินทร์,เทศบาลตำบล,ลำสินธุ์
3858,พัทลุง,ศรีนครินทร์,เทศบาลตำบล,อ่างทอง
3859,พัทลุง,กงหรา,องค์การบริหารส่วนตำบล,คลองเฉลิม
3860,พัทลุง,เขาชัยสน,องค์การบริหารส่วนตำบล,เขาชัยสน
3861,พัทลุง,เขาชัยสน,องค์การบริหารส่วนตำบล,หานโพธิ์
3862,พัทลุง,ควนขนุน,องค์การบริหารส่วนตำบล,ชะมวง
3863,พัทลุง,ควนขนุน,องค์การบริหารส่วนตำบล,ปันแต
3864,พัทลุง,ควนขนุน,องค์การบริหารส่วนตำบล,พนมวังก์
3865,พัทลุง,บางแก้ว,องค์การบริหารส่วนตำบล,โคกสัก
3866,พัทลุง,บางแก้ว,องค์การบริหารส่วนตำบล,นาปะขอ
3867,พัทลุง,ปากพะยูน,องค์การบริหารส่วนตำบล,ฝาละมี
3868,พัทลุง,ป่าบอน,องค์การบริหารส่วนตำบล,โคกทราย
3869,พัทลุง,ป่าบอน,องค์การบริหารส่วนตำบล,ทุ่งนารี
3870,พัทลุง,ป่าบอน,องค์การบริหารส่วนตำบล,ป่าบอน
3871,พัทลุง,ป่าบอน,องค์การบริหารส่วนตำบล,วังใหม่
3872,พัทลุง,ป่าบอน,องค์การบริหารส่วนตำบล,หนองธง
3873,พัทลุง,ป่าพะยอม,องค์การบริหารส่วนตำบล,เกาะเต่า
3874,พัทลุง,ป่าพะยอม,องค์การบริหารส่วนตำบล,ป่าพะยอม
3875,พัทลุง,เมืองพัทลุง,องค์การบริหารส่วนตำบล,ควนมะพร้าว
3876,พัทลุง,เมืองพัทลุง,องค์การบริหารส่วนตำบล,ชัยบุรี
3877,พัทลุง,เมืองพัทลุง,องค์การบริหารส่วนตำบล,ลำปำ
3878,พัทลุง,ศรีบรรพต,องค์การบริหารส่วนตำบล,เขาปู่
3879,พัทลุง,ศรีบรรพต,องค์การบริหารส่วนตำบล,เขาย่า
3880,พัทลุง,ศรีบรรพต,องค์การบริหารส่วนตำบล,ตะแพน
3881,พิจิตร,เมืองพิจิตร,องค์การบริหารส่วนจังหวัด,พิจิตร
3882,พิจิตร,ตะพานหิน,เทศบาลเมือง,ตะพานหิน
3883,พิจิตร,บางมูลนาก,เทศบาลเมือง,บางมูลนาก
3884,พิจิตร,เมืองพิจิตร,เทศบาลเมือง,พิจิตร
3885,พิจิตร,ดงเจริญ,เทศบาลตำบล,วังงิ้วใต้
3886,พิจิตร,ดงเจริญ,เทศบาลตำบล,วังบงค์
3887,พิจิตร,ดงเจริญ,เทศบาลตำบล,สำนักขุนเณร
3888,พิจิตร,ตะพานหิน,เทศบาลตำบล,หนองพยอม
3889,พิจิตร,ทับคล้อ,เทศบาลตำบล,เขาทราย
3890,พิจิตร,ทับคล้อ,เทศบาลตำบล,ทับคล้อ
3891,พิจิตร,บางมูลนาก,เทศบาลตำบล,เนินมะกอก
3892,พิจิตร,บางมูลนาก,เทศบาลตำบล,บางไผ่
3893,พิจิตร,บางมูลนาก,เทศบาลตำบล,วังตะกู
3894,พิจิตร,บางมูลนาก,เทศบาลตำบล,หอไกร
3895,พิจิตร,โพทะเล,เทศบาลตำบล,ท่าเสา
3896,พิจิตร,โพทะเล,เทศบาลตำบล,ทุ่งน้อย
3897,พิจิตร,โพทะเล,เทศบาลตำบล,บางคลาน
3898,พิจิตร,โพทะเล,เทศบาลตำบล,โพทะเล
3899,พิจิตร,โพธิ์ประทับช้าง,เทศบาลตำบล,ไผ่รอบ
3900,พิจิตร,โพธิ์ประทับช้าง,เทศบาลตำบล,โพธิ์ประทับช้าง
3901,พิจิตร,เมืองพิจิตร,เทศบาลตำบล,คลองคะเชนทร์
3902,พิจิตร,เมืองพิจิตร,เทศบาลตำบล,ดงป่าคำ
3903,พิจิตร,เมืองพิจิตร,เทศบาลตำบล,ท่าฬ่อ
3904,พิจิตร,เมืองพิจิตร,เทศบาลตำบล,วังกรด
3905,พิจิตร,เมืองพิจิตร,เทศบาลตำบล,หัวดง
3906,พิจิตร,วังทรายพูน,เทศบาลตำบล,วังทรายพูน
3907,พิจิตร,วังทรายพูน,เทศบาลตำบล,หนองปล้อง
3908,พิจิตร,สากเหล็ก,เทศบาลตำบล,สากเหล็ก
3909,พิจิตร,สามง่าม,เทศบาลตำบล,กำแพงดิน
3910,พิจิตร,สามง่าม,เทศบาลตำบล,เนินปอ
3911,พิจิตร,สามง่าม,เทศบาลตำบล,สามง่าม
3912,พิจิตร,ดงเจริญ,องค์การบริหารส่วนตำบล,วังงิ้ว
3913,พิจิตร,ดงเจริญ,องค์การบริหารส่วนตำบล,ห้วยพุก
3914,พิจิตร,ดงเจริญ,องค์การบริหารส่วนตำบล,ห้วยร่วม
3915,พิจิตร,ตะพานหิน,องค์การบริหารส่วนตำบล,คลองคูณ
3916,พิจิตร,ตะพานหิน,องค์การบริหารส่วนตำบล,งิ้วราย
3917,พิจิตร,ตะพานหิน,องค์การบริหารส่วนตำบล,ดงตะขบ
3918,พิจิตร,ตะพานหิน,องค์การบริหารส่วนตำบล,ทับหมัน
3919,พิจิตร,ตะพานหิน,องค์การบริหารส่วนตำบล,ทุ่งโพธิ์
3920,พิจิตร,ตะพานหิน,องค์การบริหารส่วนตำบล,ไผ่หลวง
3921,พิจิตร,ตะพานหิน,องค์การบริหารส่วนตำบล,วังสำโรง
3922,พิจิตร,ตะพานหิน,องค์การบริหารส่วนตำบล,วังหลุม
3923,พิจิตร,ตะพานหิน,องค์การบริหารส่วนตำบล,วังหว้า
3924,พิจิตร,ตะพานหิน,องค์การบริหารส่วนตำบล,ห้วยเกตุ
3925,พิจิตร,ทับคล้อ,องค์การบริหารส่วนตำบล,เขาเจ็ดลูก
3926,พิจิตร,ทับคล้อ,องค์การบริหารส่วนตำบล,เขาทราย
3927,พิจิตร,ทับคล้อ,องค์การบริหารส่วนตำบล,ทับคล้อ
3928,พิจิตร,ทับคล้อ,องค์การบริหารส่วนตำบล,ท้ายทุ่ง
3929,พิจิตร,บางมูลนาก,องค์การบริหารส่วนตำบล,บางไผ่
3930,พิจิตร,บางมูลนาก,องค์การบริหารส่วนตำบล,ภูมิ
3931,พิจิตร,บางมูลนาก,องค์การบริหารส่วนตำบล,ลำประดา
3932,พิจิตร,บางมูลนาก,องค์การบริหารส่วนตำบล,วังกรด
3933,พิจิตร,บางมูลนาก,องค์การบริหารส่วนตำบล,วังตะกู
3934,พิจิตร,บางมูลนาก,องค์การบริหารส่วนตำบล,วังสำโรง
3935,พิจิตร,บึงนาราง,องค์การบริหารส่วนตำบล,บางลาย
3936,พิจิตร,บึงนาราง,องค์การบริหารส่วนตำบล,บึงนาราง
3937,พิจิตร,บึงนาราง,องค์การบริหารส่วนตำบล,โพธิ์ไทรงาม
3938,พิจิตร,บึงนาราง,องค์การบริหารส่วนตำบล,ห้วยแก้ว
3939,พิจิตร,บึงนาราง,องค์การบริหารส่วนตำบล,แหลมรัง
3940,พิจิตร,โพทะเล,องค์การบริหารส่วนตำบล,ทะนง
3941,พิจิตร,โพทะเล,องค์การบริหารส่วนตำบล,ท่าขมิ้น
3942,พิจิตร,โพทะเล,องค์การบริหารส่วนตำบล,ท่านั่ง
3943,พิจิตร,โพทะเล,องค์การบริหารส่วนตำบล,ท่าบัว
3944,พิจิตร,โพทะเล,องค์การบริหารส่วนตำบล,ท้ายน้ำ
3945,พิจิตร,โพทะเล,องค์การบริหารส่วนตำบล,ท่าเสา
3946,พิจิตร,โพทะเล,องค์การบริหารส่วนตำบล,บ้านน้อย
3947,พิจิตร,โพทะเล,องค์การบริหารส่วนตำบล,โพทะเล
3948,พิจิตร,โพทะเล,องค์การบริหารส่วนตำบล,วัดขวาง
3949,พิจิตร,โพธิ์ประทับช้าง,องค์การบริหารส่วนตำบล,ดงเสือเหลือง
3950,พิจิตร,โพธิ์ประทับช้าง,องค์การบริหารส่วนตำบล,ทุ่งใหญ่
3951,พิจิตร,โพธิ์ประทับช้าง,องค์การบริหารส่วนตำบล,เนินสว่าง
3952,พิจิตร,โพธิ์ประทับช้าง,องค์การบริหารส่วนตำบล,ไผ่ท่าโพ
3953,พิจิตร,โพธิ์ประทับช้าง,องค์การบริหารส่วนตำบล,โพธิ์ประทับช้าง
3954,พิจิตร,เมืองพิจิตร,องค์การบริหารส่วนตำบล,ฆะมัง
3955,พิจิตร,เมืองพิจิตร,องค์การบริหารส่วนตำบล,ดงกลาง
3956,พิจิตร,เมืองพิจิตร,องค์การบริหารส่วนตำบล,ท่าหลวง
3957,พิจิตร,เมืองพิจิตร,องค์การบริหารส่วนตำบล,ท่าฬ่อ
3958,พิจิตร,เมืองพิจิตร,องค์การบริหารส่วนตำบล,บ้านบุ่ง
3959,พิจิตร,เมืองพิจิตร,องค์การบริหารส่วนตำบล,ปากทาง
3960,พิจิตร,เมืองพิจิตร,องค์การบริหารส่วนตำบล,ป่ามะคาบ
3961,พิจิตร,เมืองพิจิตร,องค์การบริหารส่วนตำบล,ไผ่ขวาง
3962,พิจิตร,เมืองพิจิตร,องค์การบริหารส่วนตำบล,เมืองเก่า
3963,พิจิตร,เมืองพิจิตร,องค์การบริหารส่วนตำบล,ย่านยาว
3964,พิจิตร,เมืองพิจิตร,องค์การบริหารส่วนตำบล,โรงช้าง
3965,พิจิตร,เมืองพิจิตร,องค์การบริหารส่วนตำบล,สายคำโห้
3966,พิจิตร,เมืองพิจิตร,องค์การบริหารส่วนตำบล,หัวดง
3967,พิจิตร,วชิรบารมี,องค์การบริหารส่วนตำบล,บ้านนา
3968,พิจิตร,วชิรบารมี,องค์การบริหารส่วนตำบล,บึงบัว
3969,พิจิตร,วชิรบารมี,องค์การบริหารส่วนตำบล,วังโมกข์
3970,พิจิตร,วชิรบารมี,องค์การบริหารส่วนตำบล,หนองหลุม
3971,พิจิตร,วังทรายพูน,องค์การบริหารส่วนตำบล,วังทรายพูน
3972,พิจิตร,วังทรายพูน,องค์การบริหารส่วนตำบล,หนองปลาไหล
3973,พิจิตร,วังทรายพูน,องค์การบริหารส่วนตำบล,หนองพระ
3974,พิจิตร,สากเหล็ก,องค์การบริหารส่วนตำบล,คลองทราย
3975,พิจิตร,สากเหล็ก,องค์การบริหารส่วนตำบล,ท่าเยี่ยม
3976,พิจิตร,สากเหล็ก,องค์การบริหารส่วนตำบล,วังทับไทร
3977,พิจิตร,สากเหล็ก,องค์การบริหารส่วนตำบล,สากเหล็ก
3978,พิจิตร,สากเหล็ก,องค์การบริหารส่วนตำบล,หนองหญ้าไทร
3979,พิจิตร,สามง่าม,องค์การบริหารส่วนตำบล,กำแพงดิน
3980,พิจิตร,สามง่าม,องค์การบริหารส่วนตำบล,รังนก
3981,พิจิตร,สามง่าม,องค์การบริหารส่วนตำบล,สามง่าม
3982,พิจิตร,สามง่าม,องค์การบริหารส่วนตำบล,หนองโสน
3983,พิษณุโลก,เมืองพิษณุโลก,องค์การบริหารส่วนจังหวัด,พิษณุโลก
3984,พิษณุโลก,เมืองพิษณุโลก,เทศบาลนคร,พิษณุโลก
3985,พิษณุโลก,เมืองพิษณุโลก,เทศบาลเมือง,ท่าโพธิ์
3986,พิษณุโลก,เมืองพิษณุโลก,เทศบาลเมือง,อรัญญิก
3987,พิษณุโลก,ชาติตระการ,เทศบาลตำบล,ป่าแดง
3988,พิษณุโลก,นครไทย,เทศบาลตำบล,นครไทย
3989,พิษณุโลก,นครไทย,เทศบาลตำบล,บ้านแยง
3990,พิษณุโลก,เนินมะปราง,เทศบาลตำบล,ไทรย้อย
3991,พิษณุโลก,เนินมะปราง,เทศบาลตำบล,เนินมะปราง
3992,พิษณุโลก,เนินมะปราง,เทศบาลตำบล,บ้านมุง
3993,พิษณุโลก,บางกระทุ่ม,เทศบาลตำบล,เนินกุ่ม
3994,พิษณุโลก,บางกระทุ่ม,เทศบาลตำบล,บางกระทุ่ม
3995,พิษณุโลก,บางกระทุ่ม,เทศบาลตำบล,สนามคลี
3996,พิษณุโลก,บางกระทุ่ม,เทศบาลตำบล,ห้วยแก้ว
3997,พิษณุโลก,บางระกำ,เทศบาลตำบล,บางระกำ
3998,พิษณุโลก,บางระกำ,เทศบาลตำบล,บางระกำเมืองใหม่
3999,พิษณุโลก,บางระกำ,เทศบาลตำบล,บึงระมาณ
4000,พิษณุโลก,บางระกำ,เทศบาลตำบล,ปลักแรด
4001,พิษณุโลก,บางระกำ,เทศบาลตำบล,พันเสา
4002,พิษณุโลก,พรหมพิราม,เทศบาลตำบล,พรหมพิราม
4003,พิษณุโลก,พรหมพิราม,เทศบาลตำบล,เมืองพรหมพิราม
4004,พิษณุโลก,พรหมพิราม,เทศบาลตำบล,วงฆ้อง
4005,พิษณุโลก,พรหมพิราม,เทศบาลตำบล,หอกลอง
4006,พิษณุโลก,เมืองพิษณุโลก,เทศบาลตำบล,ท่าทอง
4007,พิษณุโลก,เมืองพิษณุโลก,เทศบาลตำบล,บ้านคลอง
4008,พิษณุโลก,เมืองพิษณุโลก,เทศบาลตำบล,บ้านใหม่
4009,พิษณุโลก,เมืองพิษณุโลก,เทศบาลตำบล,พลายชุมพล
4010,พิษณุโลก,เมืองพิษณุโลก,เทศบาลตำบล,สมอแข
4011,พิษณุโลก,เมืองพิษณุโลก,เทศบาลตำบล,หัวรอ
4012,พิษณุโลก,วังทอง,เทศบาลตำบล,วังทอง
4013,พิษณุโลก,วัดโบสถ์,เทศบาลตำบล,วัดโบสถ์
4014,พิษณุโลก,ชาติตระการ,องค์การบริหารส่วนตำบล,ชาติตระการ
4015,พิษณุโลก,ชาติตระการ,องค์การบริหารส่วนตำบล,ท่าสะแก
4016,พิษณุโลก,ชาติตระการ,องค์การบริหารส่วนตำบล,บ่อภาค
4017,พิษณุโลก,ชาติตระการ,องค์การบริหารส่วนตำบล,บ้านดง
4018,พิษณุโลก,ชาติตระการ,องค์การบริหารส่วนตำบล,ป่าแดง
4019,พิษณุโลก,ชาติตระการ,องค์การบริหารส่วนตำบล,สวนเมี่ยง
4020,พิษณุโลก,นครไทย,องค์การบริหารส่วนตำบล,นครชุม
4021,พิษณุโลก,นครไทย,องค์การบริหารส่วนตำบล,นาบัว
4022,พิษณุโลก,นครไทย,องค์การบริหารส่วนตำบล,น้ำกุ่ม
4023,พิษณุโลก,นครไทย,องค์การบริหารส่วนตำบล,เนินเพิ่ม
4024,พิษณุโลก,นครไทย,องค์การบริหารส่วนตำบล,บ่อโพธิ์
4025,พิษณุโลก,นครไทย,องค์การบริหารส่วนตำบล,บ้านพร้าว
4026,พิษณุโลก,นครไทย,องค์การบริหารส่วนตำบล,ยางโกลน
4027,พิษณุโลก,นครไทย,องค์การบริหารส่วนตำบล,หนองกะท้าว
4028,พิษณุโลก,นครไทย,องค์การบริหารส่วนตำบล,ห้วยเฮี้ย
4029,พิษณุโลก,เนินมะปราง,องค์การบริหารส่วนตำบล,ชมพู
4030,พิษณุโลก,เนินมะปราง,องค์การบริหารส่วนตำบล,เนินมะปราง
4031,พิษณุโลก,เนินมะปราง,องค์การบริหารส่วนตำบล,บ้านน้อยซุ้มขี้เหล็ก
4032,พิษณุโลก,เนินมะปราง,องค์การบริหารส่วนตำบล,วังโพรง
4033,พิษณุโลก,เนินมะปราง,องค์การบริหารส่วนตำบล,วังยาง
4034,พิษณุโลก,บางกระทุ่ม,องค์การบริหารส่วนตำบล,โคกสลุด
4035,พิษณุโลก,บางกระทุ่ม,องค์การบริหารส่วนตำบล,ท่าตาล
4036,พิษณุโลก,บางกระทุ่ม,องค์การบริหารส่วนตำบล,นครป่าหมาก
4037,พิษณุโลก,บางกระทุ่ม,องค์การบริหารส่วนตำบล,บ้านไร่
4038,พิษณุโลก,บางกระทุ่ม,องค์การบริหารส่วนตำบล,ไผ่ล้อม
4039,พิษณุโลก,บางระกำ,องค์การบริหารส่วนตำบล,คุยม่วง
4040,พิษณุโลก,บางระกำ,องค์การบริหารส่วนตำบล,ชุมแสงสงคราม
4041,พิษณุโลก,บางระกำ,องค์การบริหารส่วนตำบล,ท่านางงาม
4042,พิษณุโลก,บางระกำ,องค์การบริหารส่วนตำบล,นิคมพัฒนา
4043,พิษณุโลก,บางระกำ,องค์การบริหารส่วนตำบล,บ่อทอง
4044,พิษณุโลก,บางระกำ,องค์การบริหารส่วนตำบล,บึงกอก
4045,พิษณุโลก,บางระกำ,องค์การบริหารส่วนตำบล,วังอิทก
4046,พิษณุโลก,บางระกำ,องค์การบริหารส่วนตำบล,หนองกุลา
4047,พิษณุโลก,พรหมพิราม,องค์การบริหารส่วนตำบล,ดงประคำ
4048,พิษณุโลก,พรหมพิราม,องค์การบริหารส่วนตำบล,ตลุกเทียม
4049,พิษณุโลก,พรหมพิราม,องค์การบริหารส่วนตำบล,ทับยายเชียง
4050,พิษณุโลก,พรหมพิราม,องค์การบริหารส่วนตำบล,ท่าช้าง
4051,พิษณุโลก,พรหมพิราม,องค์การบริหารส่วนตำบล,มะต้อง
4052,พิษณุโลก,พรหมพิราม,องค์การบริหารส่วนตำบล,มะตูม
4053,พิษณุโลก,พรหมพิราม,องค์การบริหารส่วนตำบล,วงฆ้อง
4054,พิษณุโลก,พรหมพิราม,องค์การบริหารส่วนตำบล,วังวน
4055,พิษณุโลก,พรหมพิราม,องค์การบริหารส่วนตำบล,ศรีภิรมย์
4056,พิษณุโลก,พรหมพิราม,องค์การบริหารส่วนตำบล,หนองแขม
4057,พิษณุโลก,เมืองพิษณุโลก,องค์การบริหารส่วนตำบล,งิ้วงาม
4058,พิษณุโลก,เมืองพิษณุโลก,องค์การบริหารส่วนตำบล,จอมทอง
4059,พิษณุโลก,เมืองพิษณุโลก,องค์การบริหารส่วนตำบล,ดอนทอง
4060,พิษณุโลก,เมืองพิษณุโลก,องค์การบริหารส่วนตำบล,บ้านกร่าง
4061,พิษณุโลก,เมืองพิษณุโลก,องค์การบริหารส่วนตำบล,บ้านป่า
4062,พิษณุโลก,เมืองพิษณุโลก,องค์การบริหารส่วนตำบล,บึงพระ
4063,พิษณุโลก,เมืองพิษณุโลก,องค์การบริหารส่วนตำบล,ปากโทก
4064,พิษณุโลก,เมืองพิษณุโลก,องค์การบริหารส่วนตำบล,ไผ่ขอดอน
4065,พิษณุโลก,เมืองพิษณุโลก,องค์การบริหารส่วนตำบล,มะขามสูง
4066,พิษณุโลก,เมืองพิษณุโลก,องค์การบริหารส่วนตำบล,วังน้ำคู้
4067,พิษณุโลก,เมืองพิษณุโลก,องค์การบริหารส่วนตำบล,วัดจันทร์
4068,พิษณุโลก,เมืองพิษณุโลก,องค์การบริหารส่วนตำบล,วัดพริก
4069,พิษณุโลก,วังทอง,องค์การบริหารส่วนตำบล,แก่งโสภา
4070,พิษณุโลก,วังทอง,องค์การบริหารส่วนตำบล,ชัยนาม
4071,พิษณุโลก,วังทอง,องค์การบริหารส่วนตำบล,ดินทอง
4072,พิษณุโลก,วังทอง,องค์การบริหารส่วนตำบล,ท่าหมื่นราม
4073,พิษณุโลก,วังทอง,องค์การบริหารส่วนตำบล,บ้านกลาง
4074,พิษณุโลก,วังทอง,องค์การบริหารส่วนตำบล,พันชาลี
4075,พิษณุโลก,วังทอง,องค์การบริหารส่วนตำบล,แม่ระกา
4076,พิษณุโลก,วังทอง,องค์การบริหารส่วนตำบล,วังทอง
4077,พิษณุโลก,วังทอง,องค์การบริหารส่วนตำบล,วังนกแอ่น
4078,พิษณุโลก,วังทอง,องค์การบริหารส่วนตำบล,วังพิกุล
4079,พิษณุโลก,วังทอง,องค์การบริหารส่วนตำบล,หนองพระ
4080,พิษณุโลก,วัดโบสถ์,องค์การบริหารส่วนตำบล,คันโช้ง
4081,พิษณุโลก,วัดโบสถ์,องค์การบริหารส่วนตำบล,ทองแท้
4082,พิษณุโลก,วัดโบสถ์,องค์การบริหารส่วนตำบล,ท่างาม
4083,พิษณุโลก,วัดโบสถ์,องค์การบริหารส่วนตำบล,บ้านยาง
4084,พิษณุโลก,วัดโบสถ์,องค์การบริหารส่วนตำบล,วัดโบสถ์
4085,พิษณุโลก,วัดโบสถ์,องค์การบริหารส่วนตำบล,หินลาด
4086,เพชรบุรี,เมืองเพชรบุรี,องค์การบริหารส่วนจังหวัด,เพชรบุรี
4087,เพชรบุรี,ชะอำ,เทศบาลเมือง,ชะอำ
4088,เพชรบุรี,เมืองเพชรบุรี,เทศบาลเมือง,เพชรบุรี
4089,เพชรบุรี,เขาย้อย,เทศบาลตำบล,เขาย้อย
4090,เพชรบุรี,เขาย้อย,เทศบาลตำบล,เขาย้อยพัฒนา
4091,เพชรบุรี,ชะอำ,เทศบาลตำบล,นายาง
4092,เพชรบุรี,ชะอำ,เทศบาลตำบล,บางเก่า
4093,เพชรบุรี,ท่ายาง,เทศบาลตำบล,ท่าไม้รวก
4094,เพชรบุรี,ท่ายาง,เทศบาลตำบล,ท่ายาง
4095,เพชรบุรี,ท่ายาง,เทศบาลตำบล,ท่าแลง
4096,เพชรบุรี,ท่ายาง,เทศบาลตำบล,หนองจอก
4097,เพชรบุรี,บ้านลาด,เทศบาลตำบล,บ้านลาด
4098,เพชรบุรี,บ้านแหลม,เทศบาลตำบล,บางตะบูน
4099,เพชรบุรี,บ้านแหลม,เทศบาลตำบล,บ้านแหลม
4100,เพชรบุรี,เมืองเพชรบุรี,เทศบาลตำบล,ช่องสะแก
4101,เพชรบุรี,เมืองเพชรบุรี,เทศบาลตำบล,ต้นมะม่วง
4102,เพชรบุรี,เมืองเพชรบุรี,เทศบาลตำบล,ธงชัย
4103,เพชรบุรี,เมืองเพชรบุรี,เทศบาลตำบล,บ้านหม้อ
4104,เพชรบุรี,เมืองเพชรบุรี,เทศบาลตำบล,ไร่ส้ม
4105,เพชรบุรี,เมืองเพชรบุรี,เทศบาลตำบล,หนองขนาน
4106,เพชรบุรี,เมืองเพชรบุรี,เทศบาลตำบล,หนองโสน
4107,เพชรบุรี,เมืองเพชรบุรี,เทศบาลตำบล,หัวสะพาน
4108,เพชรบุรี,เมืองเพชรบุรี,เทศบาลตำบล,หาดเจ้าสำราญ
4109,เพชรบุรี,หนองหญ้าปล้อง,เทศบาลตำบล,หนองหญ้าปล้อง
4110,เพชรบุรี,แก่งกระจาน,องค์การบริหารส่วนตำบล,แก่งกระจาน
4111,เพชรบุรี,แก่งกระจาน,องค์การบริหารส่วนตำบล,ป่าเด็ง
4112,เพชรบุรี,แก่งกระจาน,องค์การบริหารส่วนตำบล,พุสวรรค์
4113,เพชรบุรี,แก่งกระจาน,องค์การบริหารส่วนตำบล,วังจันทร์
4114,เพชรบุรี,แก่งกระจาน,องค์การบริหารส่วนตำบล,สองพี่น้อง
4115,เพชรบุรี,แก่งกระจาน,องค์การบริหารส่วนตำบล,ห้วยแม่เพรียง
4116,เพชรบุรี,เขาย้อย,องค์การบริหารส่วนตำบล,หนองชุมพล
4117,เพชรบุรี,เขาย้อย,องค์การบริหารส่วนตำบล,หนองชุมพลเหนือ
4118,เพชรบุรี,เขาย้อย,องค์การบริหารส่วนตำบล,หนองปรง
4119,เพชรบุรี,เขาย้อย,องค์การบริหารส่วนตำบล,หนองปลาไหล
4120,เพชรบุรี,เขาย้อย,องค์การบริหารส่วนตำบล,ห้วยท่าช้าง
4121,เพชรบุรี,เขาย้อย,องค์การบริหารส่วนตำบล,ห้วยโรง
4122,เพชรบุรี,ชะอำ,องค์การบริหารส่วนตำบล,ไร่ใหม่พัฒนา
4123,เพชรบุรี,ชะอำ,องค์การบริหารส่วนตำบล,สามพระยา
4124,เพชรบุรี,ชะอำ,องค์การบริหารส่วนตำบล,หนองศาลา
4125,เพชรบุรี,ชะอำ,องค์การบริหารส่วนตำบล,ห้วยทรายเหนือ
4126,เพชรบุรี,ท่ายาง,องค์การบริหารส่วนตำบล,กลัดหลวง
4127,เพชรบุรี,ท่ายาง,องค์การบริหารส่วนตำบล,เขากระปุก
4128,เพชรบุรี,ท่ายาง,องค์การบริหารส่วนตำบล,ท่าคอย
4129,เพชรบุรี,ท่ายาง,องค์การบริหารส่วนตำบล,บ้านในดง
4130,เพชรบุรี,ท่ายาง,องค์การบริหารส่วนตำบล,ปึกเตียน
4131,เพชรบุรี,ท่ายาง,องค์การบริหารส่วนตำบล,มาบปลาเค้า
4132,เพชรบุรี,ท่ายาง,องค์การบริหารส่วนตำบล,ยางหย่อง
4133,เพชรบุรี,ท่ายาง,องค์การบริหารส่วนตำบล,วังไคร้
4134,เพชรบุรี,ท่ายาง,องค์การบริหารส่วนตำบล,หนองจอก
4135,เพชรบุรี,บ้านลาด,องค์การบริหารส่วนตำบล,ตำหรุ
4136,เพชรบุรี,บ้านลาด,องค์การบริหารส่วนตำบล,ถ้ำรงค์
4137,เพชรบุรี,บ้านลาด,องค์การบริหารส่วนตำบล,ท่าช้าง
4138,เพชรบุรี,บ้านลาด,องค์การบริหารส่วนตำบล,ท่าเสน
4139,เพชรบุรี,บ้านลาด,องค์การบริหารส่วนตำบล,บ้านทาน
4140,เพชรบุรี,บ้านลาด,องค์การบริหารส่วนตำบล,บ้านหาด
4141,เพชรบุรี,บ้านลาด,องค์การบริหารส่วนตำบล,โรงเข้
4142,เพชรบุรี,บ้านลาด,องค์การบริหารส่วนตำบล,ไร่โคก
4143,เพชรบุรี,บ้านลาด,องค์การบริหารส่วนตำบล,ไร่มะขาม
4144,เพชรบุรี,บ้านลาด,องค์การบริหารส่วนตำบล,ไร่สะท้อน
4145,เพชรบุรี,บ้านลาด,องค์การบริหารส่วนตำบล,สมอพลือ
4146,เพชรบุรี,บ้านลาด,องค์การบริหารส่วนตำบล,หนองกระเจ็ด
4147,เพชรบุรี,บ้านลาด,องค์การบริหารส่วนตำบล,หนองกะปุ
4148,เพชรบุรี,บ้านลาด,องค์การบริหารส่วนตำบล,ห้วยลึก
4149,เพชรบุรี,บ้านแหลม,องค์การบริหารส่วนตำบล,ท่าแร้ง
4150,เพชรบุรี,บ้านแหลม,องค์การบริหารส่วนตำบล,ท่าแร้งออก
4151,เพชรบุรี,บ้านแหลม,องค์การบริหารส่วนตำบล,บางแก้ว
4152,เพชรบุรี,บ้านแหลม,องค์การบริหารส่วนตำบล,บางขุนไทร
4153,เพชรบุรี,บ้านแหลม,องค์การบริหารส่วนตำบล,บางครก
4154,เพชรบุรี,บ้านแหลม,องค์การบริหารส่วนตำบล,บางตะบูน
4155,เพชรบุรี,บ้านแหลม,องค์การบริหารส่วนตำบล,บ้านแหลม
4156,เพชรบุรี,บ้านแหลม,องค์การบริหารส่วนตำบล,ปากทะเล
4157,เพชรบุรี,บ้านแหลม,องค์การบริหารส่วนตำบล,แหลมผักเบี้ย
4158,เพชรบุรี,เมืองเพชรบุรี,องค์การบริหารส่วนตำบล,ดอนยาง
4159,เพชรบุรี,เมืองเพชรบุรี,องค์การบริหารส่วนตำบล,ต้นมะพร้าว
4160,เพชรบุรี,เมืองเพชรบุรี,องค์การบริหารส่วนตำบล,นาพันสาม
4161,เพชรบุรี,เมืองเพชรบุรี,องค์การบริหารส่วนตำบล,นาวุ้ง
4162,เพชรบุรี,เมืองเพชรบุรี,องค์การบริหารส่วนตำบล,บางจาก
4163,เพชรบุรี,เมืองเพชรบุรี,องค์การบริหารส่วนตำบล,บางจาน
4164,เพชรบุรี,เมืองเพชรบุรี,องค์การบริหารส่วนตำบล,บ้านกุ่ม
4165,เพชรบุรี,เมืองเพชรบุรี,องค์การบริหารส่วนตำบล,โพพระ
4166,เพชรบุรี,เมืองเพชรบุรี,องค์การบริหารส่วนตำบล,โพไร่หวาน
4167,เพชรบุรี,เมืองเพชรบุรี,องค์การบริหารส่วนตำบล,สำมะโรง
4168,เพชรบุรี,เมืองเพชรบุรี,องค์การบริหารส่วนตำบล,หนองพลับ
4169,เพชรบุรี,หนองหญ้าปล้อง,องค์การบริหารส่วนตำบล,ท่าตะคร้อ
4170,เพชรบุรี,หนองหญ้าปล้อง,องค์การบริหารส่วนตำบล,ยางน้ำกลัดใต้
4171,เพชรบูรณ์,เมืองเพชรบูรณ์,องค์การบริหารส่วนจังหวัด,เพชรบูรณ์
4172,เพชรบูรณ์,เมืองเพชรบูรณ์,เทศบาลเมือง,เพชรบูรณ์
4173,เพชรบูรณ์,วิเชียรบุรี,เทศบาลเมือง,วิเชียรบุรี
4174,เพชรบูรณ์,หล่มสัก,เทศบาลเมือง,หล่มสัก
4175,เพชรบูรณ์,เขาค้อ,เทศบาลตำบล,แคมป์สน
4176,เพชรบูรณ์,ชนแดน,เทศบาลตำบล,ชนแดน
4177,เพชรบูรณ์,ชนแดน,เทศบาลตำบล,ดงขุย
4178,เพชรบูรณ์,ชนแดน,เทศบาลตำบล,ท่าข้าม
4179,เพชรบูรณ์,ชนแดน,เทศบาลตำบล,ศาลาลาย
4180,เพชรบูรณ์,บึงสามพัน,เทศบาลตำบล,ซับสมอทอด
4181,เพชรบูรณ์,เมืองเพชรบูรณ์,เทศบาลตำบล,ท่าพล
4182,เพชรบูรณ์,เมืองเพชรบูรณ์,เทศบาลตำบล,นางั่ว
4183,เพชรบูรณ์,เมืองเพชรบูรณ์,เทศบาลตำบล,วังชมภู
4184,เพชรบูรณ์,วังโป่ง,เทศบาลตำบล,ท้ายดง
4185,เพชรบูรณ์,วังโป่ง,เทศบาลตำบล,วังโป่ง
4186,เพชรบูรณ์,วิเชียรบุรี,เทศบาลตำบล,พุเตย
4187,เพชรบูรณ์,ศรีเทพ,เทศบาลตำบล,โคกสะอาด
4188,เพชรบูรณ์,ศรีเทพ,เทศบาลตำบล,สว่างวัฒนา
4189,เพชรบูรณ์,หนองไผ่,เทศบาลตำบล,เฉลียงทอง
4190,เพชรบูรณ์,หนองไผ่,เทศบาลตำบล,นาเฉลียง
4191,เพชรบูรณ์,หนองไผ่,เทศบาลตำบล,บ่อไทย
4192,เพชรบูรณ์,หนองไผ่,เทศบาลตำบล,บัววัฒนา
4193,เพชรบูรณ์,หนองไผ่,เทศบาลตำบล,บ้านโภชน์
4194,เพชรบูรณ์,หนองไผ่,เทศบาลตำบล,หนองไผ่
4195,เพชรบูรณ์,หล่มเก่า,เทศบาลตำบล,หล่มเก่า
4196,เพชรบูรณ์,หล่มสัก,เทศบาลตำบล,ตาลเดี่ยว
4197,เพชรบูรณ์,เขาค้อ,องค์การบริหารส่วนตำบล,เข็กน้อย
4198,เพชรบูรณ์,เขาค้อ,องค์การบริหารส่วนตำบล,เขาค้อ
4199,เพชรบูรณ์,เขาค้อ,องค์การบริหารส่วนตำบล,ทุ่งสมอ
4200,เพชรบูรณ์,เขาค้อ,องค์การบริหารส่วนตำบล,หนองแม่นา
4201,เพชรบูรณ์,ชนแดน,องค์การบริหารส่วนตำบล,ชนแดน
4202,เพชรบูรณ์,ชนแดน,องค์การบริหารส่วนตำบล,ซับพุทรา
4203,เพชรบูรณ์,ชนแดน,องค์การบริหารส่วนตำบล,ดงขุย
4204,เพชรบูรณ์,ชนแดน,องค์การบริหารส่วนตำบล,ตะกุดไร
4205,เพชรบูรณ์,ชนแดน,องค์การบริหารส่วนตำบล,ท่าข้าม
4206,เพชรบูรณ์,ชนแดน,องค์การบริหารส่วนตำบล,บ้านกล้วย
4207,เพชรบูรณ์,ชนแดน,องค์การบริหารส่วนตำบล,พุทธบาท
4208,เพชรบูรณ์,ชนแดน,องค์การบริหารส่วนตำบล,ลาดแค
4209,เพชรบูรณ์,น้ำหนาว,องค์การบริหารส่วนตำบล,โคกมน
4210,เพชรบูรณ์,น้ำหนาว,องค์การบริหารส่วนตำบล,น้ำหนาว
4211,เพชรบูรณ์,น้ำหนาว,องค์การบริหารส่วนตำบล,วังกวาง
4212,เพชรบูรณ์,น้ำหนาว,องค์การบริหารส่วนตำบล,หลักด่าน
4213,เพชรบูรณ์,บึงสามพัน,องค์การบริหารส่วนตำบล,กันจุ
4214,เพชรบูรณ์,บึงสามพัน,องค์การบริหารส่วนตำบล,ซับไม้แดง
4215,เพชรบูรณ์,บึงสามพัน,องค์การบริหารส่วนตำบล,ซับสมอทอด
4216,เพชรบูรณ์,บึงสามพัน,องค์การบริหารส่วนตำบล,บึงสามพัน
4217,เพชรบูรณ์,บึงสามพัน,องค์การบริหารส่วนตำบล,พญาวัง
4218,เพชรบูรณ์,บึงสามพัน,องค์การบริหารส่วนตำบล,วังพิกุล
4219,เพชรบูรณ์,บึงสามพัน,องค์การบริหารส่วนตำบล,ศรีมงคล
4220,เพชรบูรณ์,บึงสามพัน,องค์การบริหารส่วนตำบล,สระแก้ว
4221,เพชรบูรณ์,บึงสามพัน,องค์การบริหารส่วนตำบล,หนองแจง
4222,เพชรบูรณ์,เมืองเพชรบูรณ์,องค์การบริหารส่วนตำบล,ชอนไพร
4223,เพชรบูรณ์,เมืองเพชรบูรณ์,องค์การบริหารส่วนตำบล,ดงมูลเหล็ก
4224,เพชรบูรณ์,เมืองเพชรบูรณ์,องค์การบริหารส่วนตำบล,ตะเบาะ
4225,เพชรบูรณ์,เมืองเพชรบูรณ์,องค์การบริหารส่วนตำบล,ท่าพล
4226,เพชรบูรณ์,เมืองเพชรบูรณ์,องค์การบริหารส่วนตำบล,นาป่า
4227,เพชรบูรณ์,เมืองเพชรบูรณ์,องค์การบริหารส่วนตำบล,นายม
4228,เพชรบูรณ์,เมืองเพชรบูรณ์,องค์การบริหารส่วนตำบล,น้ำร้อน
4229,เพชรบูรณ์,เมืองเพชรบูรณ์,องค์การบริหารส่วนตำบล,บ้านโคก
4230,เพชรบูรณ์,เมืองเพชรบูรณ์,องค์การบริหารส่วนตำบล,บ้านโตก
4231,เพชรบูรณ์,เมืองเพชรบูรณ์,องค์การบริหารส่วนตำบล,ป่าเลา
4232,เพชรบูรณ์,เมืองเพชรบูรณ์,องค์การบริหารส่วนตำบล,ระวิง
4233,เพชรบูรณ์,เมืองเพชรบูรณ์,องค์การบริหารส่วนตำบล,วังชมภู
4234,เพชรบูรณ์,เมืองเพชรบูรณ์,องค์การบริหารส่วนตำบล,สะเดียง
4235,เพชรบูรณ์,เมืองเพชรบูรณ์,องค์การบริหารส่วนตำบล,ห้วยสะแก
4236,เพชรบูรณ์,เมืองเพชรบูรณ์,องค์การบริหารส่วนตำบล,ห้วยใหญ่
4237,เพชรบูรณ์,วังโป่ง,องค์การบริหารส่วนตำบล,ซับเปิบ
4238,เพชรบูรณ์,วังโป่ง,องค์การบริหารส่วนตำบล,ท้ายดง
4239,เพชรบูรณ์,วังโป่ง,องค์การบริหารส่วนตำบล,วังโป่ง
4240,เพชรบูรณ์,วังโป่ง,องค์การบริหารส่วนตำบล,วังศาล
4241,เพชรบูรณ์,วังโป่ง,องค์การบริหารส่วนตำบล,วังหิน
4242,เพชรบูรณ์,วิเชียรบุรี,องค์การบริหารส่วนตำบล,โคกปรง
4243,เพชรบูรณ์,วิเชียรบุรี,องค์การบริหารส่วนตำบล,ซับน้อย
4244,เพชรบูรณ์,วิเชียรบุรี,องค์การบริหารส่วนตำบล,ซับสมบูรณ์
4245,เพชรบูรณ์,วิเชียรบุรี,องค์การบริหารส่วนตำบล,ท่าโรง
4246,เพชรบูรณ์,วิเชียรบุรี,องค์การบริหารส่วนตำบล,น้ำร้อน
4247,เพชรบูรณ์,วิเชียรบุรี,องค์การบริหารส่วนตำบล,บ่อรัง
4248,เพชรบูรณ์,วิเชียรบุรี,องค์การบริหารส่วนตำบล,บึงกระจับ
4249,เพชรบูรณ์,วิเชียรบุรี,องค์การบริหารส่วนตำบล,พุขาม
4250,เพชรบูรณ์,วิเชียรบุรี,องค์การบริหารส่วนตำบล,พุเตย
4251,เพชรบูรณ์,วิเชียรบุรี,องค์การบริหารส่วนตำบล,ภูน้ำหยด
4252,เพชรบูรณ์,วิเชียรบุรี,องค์การบริหารส่วนตำบล,ยางสาว
4253,เพชรบูรณ์,วิเชียรบุรี,องค์การบริหารส่วนตำบล,วังใหญ่
4254,เพชรบูรณ์,วิเชียรบุรี,องค์การบริหารส่วนตำบล,สระประดู่
4255,เพชรบูรณ์,วิเชียรบุรี,องค์การบริหารส่วนตำบล,สามแยก
4256,เพชรบูรณ์,ศรีเทพ,องค์การบริหารส่วนตำบล,คลองกระจัง
4257,เพชรบูรณ์,ศรีเทพ,องค์การบริหารส่วนตำบล,นาสนุ่น
4258,เพชรบูรณ์,ศรีเทพ,องค์การบริหารส่วนตำบล,ประดู่งาม
4259,เพชรบูรณ์,ศรีเทพ,องค์การบริหารส่วนตำบล,ศรีเทพ
4260,เพชรบูรณ์,ศรีเทพ,องค์การบริหารส่วนตำบล,สระกรวด
4261,เพชรบูรณ์,ศรีเทพ,องค์การบริหารส่วนตำบล,หนองย่างทอย
4262,เพชรบูรณ์,หนองไผ่,องค์การบริหารส่วนตำบล,กองทูล
4263,เพชรบูรณ์,หนองไผ่,องค์การบริหารส่วนตำบล,ท่าด้วง
4264,เพชรบูรณ์,หนองไผ่,องค์การบริหารส่วนตำบล,ท่าแดง
4265,เพชรบูรณ์,หนองไผ่,องค์การบริหารส่วนตำบล,เพชรละคร
4266,เพชรบูรณ์,หนองไผ่,องค์การบริหารส่วนตำบล,ยางงาม
4267,เพชรบูรณ์,หนองไผ่,องค์การบริหารส่วนตำบล,วังท่าดี
4268,เพชรบูรณ์,หนองไผ่,องค์การบริหารส่วนตำบล,วังโบสถ์
4269,เพชรบูรณ์,หนองไผ่,องค์การบริหารส่วนตำบล,หนองไผ่
4270,เพชรบูรณ์,หนองไผ่,องค์การบริหารส่วนตำบล,ห้วยโป่ง
4271,เพชรบูรณ์,หล่มเก่า,องค์การบริหารส่วนตำบล,ตาดกลอย
4272,เพชรบูรณ์,หล่มเก่า,องค์การบริหารส่วนตำบล,นาเกาะ
4273,เพชรบูรณ์,หล่มเก่า,องค์การบริหารส่วนตำบล,นาซำ
4274,เพชรบูรณ์,หล่มเก่า,องค์การบริหารส่วนตำบล,นาแซง
4275,เพชรบูรณ์,หล่มเก่า,องค์การบริหารส่วนตำบล,บ้านเนิน
4276,เพชรบูรณ์,หล่มเก่า,องค์การบริหารส่วนตำบล,วังบาล
4277,เพชรบูรณ์,หล่มเก่า,องค์การบริหารส่วนตำบล,ศิลา
4278,เพชรบูรณ์,หล่มเก่า,องค์การบริหารส่วนตำบล,หล่มเก่า
4279,เพชรบูรณ์,หล่มเก่า,องค์การบริหารส่วนตำบล,หินฮาว
4280,เพชรบูรณ์,หล่มสัก,องค์การบริหารส่วนตำบล,ช้างตะลูด
4281,เพชรบูรณ์,หล่มสัก,องค์การบริหารส่วนตำบล,ท่าอิบุญ
4282,เพชรบูรณ์,หล่มสัก,องค์การบริหารส่วนตำบล,น้ำก้อ
4283,เพชรบูรณ์,หล่มสัก,องค์การบริหารส่วนตำบล,น้ำชุน
4284,เพชรบูรณ์,หล่มสัก,องค์การบริหารส่วนตำบล,บ้านกลาง
4285,เพชรบูรณ์,หล่มสัก,องค์การบริหารส่วนตำบล,บ้านติ้ว
4286,เพชรบูรณ์,หล่มสัก,องค์การบริหารส่วนตำบล,บ้านไร่
4287,เพชรบูรณ์,หล่มสัก,องค์การบริหารส่วนตำบล,บ้านโสก
4288,เพชรบูรณ์,หล่มสัก,องค์การบริหารส่วนตำบล,บ้านหวาย
4289,เพชรบูรณ์,หล่มสัก,องค์การบริหารส่วนตำบล,บุ่งคล้า
4290,เพชรบูรณ์,หล่มสัก,องค์การบริหารส่วนตำบล,บุ่งน้ำเต้า
4291,เพชรบูรณ์,หล่มสัก,องค์การบริหารส่วนตำบล,ปากช่อง
4292,เพชรบูรณ์,หล่มสัก,องค์การบริหารส่วนตำบล,ปากดุก
4293,เพชรบูรณ์,หล่มสัก,องค์การบริหารส่วนตำบล,ฝายนาแซง
4294,เพชรบูรณ์,หล่มสัก,องค์การบริหารส่วนตำบล,ลานบ่า
4295,เพชรบูรณ์,หล่มสัก,องค์การบริหารส่วนตำบล,วัดป่า
4296,เพชรบูรณ์,หล่มสัก,องค์การบริหารส่วนตำบล,สักหลง
4297,เพชรบูรณ์,หล่มสัก,องค์การบริหารส่วนตำบล,หนองไขว่
4298,เพชรบูรณ์,หล่มสัก,องค์การบริหารส่วนตำบล,ห้วยไร่
4299,แพร่,เมืองแพร่,องค์การบริหารส่วนจังหวัด,แพร่
4300,แพร่,เมืองแพร่,เทศบาลเมือง,แพร่
4301,แพร่,เด่นชัย,เทศบาลตำบล,เด่นชัย
4302,แพร่,เด่นชัย,เทศบาลตำบล,ปงป่าหวาย
4303,แพร่,เด่นชัย,เทศบาลตำบล,แม่จั๊วะ
4304,แพร่,เมืองแพร่,เทศบาลตำบล,ช่อแฮ
4305,แพร่,เมืองแพร่,เทศบาลตำบล,ทุ่งกวาว
4306,แพร่,เมืองแพร่,เทศบาลตำบล,ทุ่งโฮ้ง
4307,แพร่,เมืองแพร่,เทศบาลตำบล,บ้านถิ่น
4308,แพร่,เมืองแพร่,เทศบาลตำบล,ป่าแมต
4309,แพร่,เมืองแพร่,เทศบาลตำบล,แม่คำมี
4310,แพร่,เมืองแพร่,เทศบาลตำบล,แม่หล่าย
4311,แพร่,เมืองแพร่,เทศบาลตำบล,วังหงส์
4312,แพร่,เมืองแพร่,เทศบาลตำบล,สวนเขื่อน
4313,แพร่,เมืองแพร่,เทศบาลตำบล,เหมืองหม้อ
4314,แพร่,ร้องกวาง,เทศบาลตำบล,น้ำเลา
4315,แพร่,ร้องกวาง,เทศบาลตำบล,บ้านเวียง
4316,แพร่,ร้องกวาง,เทศบาลตำบล,แม่ทราย
4317,แพร่,ร้องกวาง,เทศบาลตำบล,แม่ยางฮ่อ
4318,แพร่,ร้องกวาง,เทศบาลตำบล,ร้องกวาง
4319,แพร่,ลอง,เทศบาลตำบล,บ่อเหล็กลอง
4320,แพร่,ลอง,เทศบาลตำบล,บ้านปิน
4321,แพร่,ลอง,เทศบาลตำบล,ปากกาง
4322,แพร่,ลอง,เทศบาลตำบล,แม่ปาน
4323,แพร่,ลอง,เทศบาลตำบล,แม่ลานนา
4324,แพร่,ลอง,เทศบาลตำบล,เวียงต้า
4325,แพร่,ลอง,เทศบาลตำบล,ห้วยอ้อ
4326,แพร่,วังชิ้น,เทศบาลตำบล,วังชิ้น
4327,แพร่,สอง,เทศบาลตำบล,แดนชุมพล
4328,แพร่,สอง,เทศบาลตำบล,เตาปูน
4329,แพร่,สอง,เทศบาลตำบล,ทุ่งน้าว
4330,แพร่,สอง,เทศบาลตำบล,สอง
4331,แพร่,สอง,เทศบาลตำบล,สะเอียบ
4332,แพร่,สอง,เทศบาลตำบล,ห้วยหม้าย
4333,แพร่,สอง,เทศบาลตำบล,หัวเมือง
4334,แพร่,สูงเม่น,เทศบาลตำบล,บ้านโตน
4335,แพร่,สูงเม่น,เทศบาลตำบล,สูงเม่น
4336,แพร่,หนองม่วงไข่,เทศบาลตำบล,หนองม่วงไข่
4337,แพร่,เด่นชัย,องค์การบริหารส่วนตำบล,เด่นชัย
4338,แพร่,เด่นชัย,องค์การบริหารส่วนตำบล,ไทรย้อย
4339,แพร่,เด่นชัย,องค์การบริหารส่วนตำบล,แม่จั๊วะ
4340,แพร่,เด่นชัย,องค์การบริหารส่วนตำบล,ห้วยไร่
4341,แพร่,เมืองแพร่,องค์การบริหารส่วนตำบล,กาญจนา
4342,แพร่,เมืองแพร่,องค์การบริหารส่วนตำบล,ท่าข้าม
4343,แพร่,เมืองแพร่,องค์การบริหารส่วนตำบล,นาจักร
4344,แพร่,เมืองแพร่,องค์การบริหารส่วนตำบล,ป่าแดง
4345,แพร่,เมืองแพร่,องค์การบริหารส่วนตำบล,แม่ยม
4346,แพร่,เมืองแพร่,องค์การบริหารส่วนตำบล,ร่องฟอง
4347,แพร่,เมืองแพร่,องค์การบริหารส่วนตำบล,วังธง
4348,แพร่,เมืองแพร่,องค์การบริหารส่วนตำบล,ห้วยม้า
4349,แพร่,ร้องกวาง,องค์การบริหารส่วนตำบล,ไผ่โทน
4350,แพร่,ร้องกวาง,องค์การบริหารส่วนตำบล,แม่ยางตาล
4351,แพร่,ร้องกวาง,องค์การบริหารส่วนตำบล,แม่ยางร้อง
4352,แพร่,ร้องกวาง,องค์การบริหารส่วนตำบล,ร้องกวาง
4353,แพร่,ร้องกวาง,องค์การบริหารส่วนตำบล,ห้วยโรง
4354,แพร่,ลอง,องค์การบริหารส่วนตำบล,ต้าผามอก
4355,แพร่,ลอง,องค์การบริหารส่วนตำบล,ทุ่งแล้ง
4356,แพร่,ลอง,องค์การบริหารส่วนตำบล,บ้านปิน
4357,แพร่,ลอง,องค์การบริหารส่วนตำบล,หัวทุ่ง
4358,แพร่,วังชิ้น,องค์การบริหารส่วนตำบล,นาพูน
4359,แพร่,วังชิ้น,องค์การบริหารส่วนตำบล,ป่าสัก
4360,แพร่,วังชิ้น,องค์การบริหารส่วนตำบล,แม่เกิ๋ง
4361,แพร่,วังชิ้น,องค์การบริหารส่วนตำบล,แม่ป้าก
4362,แพร่,วังชิ้น,องค์การบริหารส่วนตำบล,แม่พุง
4363,แพร่,วังชิ้น,องค์การบริหารส่วนตำบล,วังชิ้น
4364,แพร่,วังชิ้น,องค์การบริหารส่วนตำบล,สรอย
4365,แพร่,สอง,องค์การบริหารส่วนตำบล,บ้านกลาง
4366,แพร่,สอง,องค์การบริหารส่วนตำบล,บ้านหนุน
4367,แพร่,สูงเม่น,องค์การบริหารส่วนตำบล,ดอนมูล
4368,แพร่,สูงเม่น,องค์การบริหารส่วนตำบล,น้ำชำ
4369,แพร่,สูงเม่น,องค์การบริหารส่วนตำบล,บ้านกวาง
4370,แพร่,สูงเม่น,องค์การบริหารส่วนตำบล,บ้านกาศ
4371,แพร่,สูงเม่น,องค์การบริหารส่วนตำบล,บ้านปง
4372,แพร่,สูงเม่น,องค์การบริหารส่วนตำบล,บ้านเหล่า
4373,แพร่,สูงเม่น,องค์การบริหารส่วนตำบล,พระหลวง
4374,แพร่,สูงเม่น,องค์การบริหารส่วนตำบล,ร่องกาศ
4375,แพร่,สูงเม่น,องค์การบริหารส่วนตำบล,เวียงทอง
4376,แพร่,สูงเม่น,องค์การบริหารส่วนตำบล,สบสาย
4377,แพร่,สูงเม่น,องค์การบริหารส่วนตำบล,หัวฝาย
4378,แพร่,หนองม่วงไข่,องค์การบริหารส่วนตำบล,ตำหนักธรรม
4379,แพร่,หนองม่วงไข่,องค์การบริหารส่วนตำบล,ทุ่งแค้ว
4380,แพร่,หนองม่วงไข่,องค์การบริหารส่วนตำบล,น้ำรัด
4381,แพร่,หนองม่วงไข่,องค์การบริหารส่วนตำบล,แม่คำมี
4382,แพร่,หนองม่วงไข่,องค์การบริหารส่วนตำบล,วังหลวง
4383,ภูเก็ต,เมืองภูเก็ต,องค์การบริหารส่วนจังหวัด,ภูเก็ต
4384,ภูเก็ต,เมืองภูเก็ต,เทศบาลนคร,ภูเก็ต
4385,ภูเก็ต,กะทู้,เทศบาลเมือง,กะทู้
4386,ภูเก็ต,กะทู้,เทศบาลเมือง,ป่าตอง
4387,ภูเก็ต,ถลาง,เทศบาลตำบล,เชิงทะเล
4388,ภูเก็ต,ถลาง,เทศบาลตำบล,เทพกระษัตรี
4389,ภูเก็ต,ถลาง,เทศบาลตำบล,ป่าคลอก
4390,ภูเก็ต,ถลาง,เทศบาลตำบล,ศรีสุนทร
4391,ภูเก็ต,เมืองภูเก็ต,เทศบาลตำบล,กะรน
4392,ภูเก็ต,เมืองภูเก็ต,เทศบาลตำบล,ฉลอง
4393,ภูเก็ต,เมืองภูเก็ต,เทศบาลตำบล,รัษฎา
4394,ภูเก็ต,เมืองภูเก็ต,เทศบาลตำบล,ราไวย์
4395,ภูเก็ต,เมืองภูเก็ต,เทศบาลตำบล,วิชิต
4396,ภูเก็ต,กะทู้,องค์การบริหารส่วนตำบล,กมลา
4397,ภูเก็ต,ถลาง,องค์การบริหารส่วนตำบล,เชิงทะเล
4398,ภูเก็ต,ถลาง,องค์การบริหารส่วนตำบล,เทพกระษัตรี
4399,ภูเก็ต,ถลาง,องค์การบริหารส่วนตำบล,ไม้ขาว
4400,ภูเก็ต,ถลาง,องค์การบริหารส่วนตำบล,สาคู
4401,ภูเก็ต,เมืองภูเก็ต,องค์การบริหารส่วนตำบล,เกาะแก้ว
4402,มหาสารคาม,เมืองมหาสารคาม,องค์การบริหารส่วนจังหวัด,มหาสารคาม
4403,มหาสารคาม,เมืองมหาสารคาม,เทศบาลเมือง,มหาสารคาม
4404,มหาสารคาม,กันทรวิชัย,เทศบาลตำบล,กันทรวิชัย
4405,มหาสารคาม,กันทรวิชัย,เทศบาลตำบล,ขามเรียง
4406,มหาสารคาม,กันทรวิชัย,เทศบาลตำบล,เขวาใหญ่
4407,มหาสารคาม,กันทรวิชัย,เทศบาลตำบล,โคกพระ
4408,มหาสารคาม,กันทรวิชัย,เทศบาลตำบล,ท่าขอนยาง
4409,มหาสารคาม,กันทรวิชัย,เทศบาลตำบล,นาสีนวน
4410,มหาสารคาม,แกดำ,เทศบาลตำบล,แกดำ
4411,มหาสารคาม,แกดำ,เทศบาลตำบล,มิตรภาพ
4412,มหาสารคาม,โกสุมพิสัย,เทศบาลตำบล,โกสุมพิสัย
4413,มหาสารคาม,ชื่นชม,เทศบาลตำบล,กุดปลาดุก
4414,มหาสารคาม,ชื่นชม,เทศบาลตำบล,ชื่นชม
4415,มหาสารคาม,ชื่นชม,เทศบาลตำบล,หนองกุง
4416,มหาสารคาม,เชียงยืน,เทศบาลตำบล,กู่ทอง
4417,มหาสารคาม,เชียงยืน,เทศบาลตำบล,เชียงยืน
4418,มหาสารคาม,เชียงยืน,เทศบาลตำบล,โพนทอง
4419,มหาสารคาม,นาเชือก,เทศบาลตำบล,เขวาไร่
4420,มหาสารคาม,นาเชือก,เทศบาลตำบล,นาเชือก
4421,มหาสารคาม,นาดูน,เทศบาลตำบล,ดงบัง
4422,มหาสารคาม,นาดูน,เทศบาลตำบล,นาดูน
4423,มหาสารคาม,นาดูน,เทศบาลตำบล,หนองไผ่
4424,มหาสารคาม,นาดูน,เทศบาลตำบล,หัวดง
4425,มหาสารคาม,บรบือ,เทศบาลตำบล,บรบือ
4426,มหาสารคาม,พยัคฆภูมิพิสัย,เทศบาลตำบล,พยัคฆภูมิพิสัย
4427,มหาสารคาม,เมืองมหาสารคาม,เทศบาลตำบล,เกิ้ง
4428,มหาสารคาม,เมืองมหาสารคาม,เทศบาลตำบล,โคกก่อ
4429,มหาสารคาม,เมืองมหาสารคาม,เทศบาลตำบล,ลาดพัฒนา
4430,มหาสารคาม,เมืองมหาสารคาม,เทศบาลตำบล,แวงน่าง
4431,มหาสารคาม,ยางสีสุราช,เทศบาลตำบล,ยางสีสุราช
4432,มหาสารคาม,ยางสีสุราช,เทศบาลตำบล,แวงดง
4433,มหาสารคาม,วาปีปทุม,เทศบาลตำบล,วาปีปทุม
4434,มหาสารคาม,วาปีปทุม,เทศบาลตำบล,หนองแสน
4435,มหาสารคาม,กันทรวิชัย,องค์การบริหารส่วนตำบล,กุดใส้จ่อ
4436,มหาสารคาม,กันทรวิชัย,องค์การบริหารส่วนตำบล,ขามเฒ่าพัฒนา
4437,มหาสารคาม,กันทรวิชัย,องค์การบริหารส่วนตำบล,คันธารราษฎร์
4438,มหาสารคาม,กันทรวิชัย,องค์การบริหารส่วนตำบล,มะค่า
4439,มหาสารคาม,กันทรวิชัย,องค์การบริหารส่วนตำบล,ศรีสุข
4440,มหาสารคาม,กุดรัง,องค์การบริหารส่วนตำบล,กุดรัง
4441,มหาสารคาม,กุดรัง,องค์การบริหารส่วนตำบล,นาโพธิ์
4442,มหาสารคาม,กุดรัง,องค์การบริหารส่วนตำบล,เลิงแฝก
4443,มหาสารคาม,กุดรัง,องค์การบริหารส่วนตำบล,หนองแวง
4444,มหาสารคาม,กุดรัง,องค์การบริหารส่วนตำบล,ห้วยเตย
4445,มหาสารคาม,แกดำ,องค์การบริหารส่วนตำบล,แกดำ
4446,มหาสารคาม,แกดำ,องค์การบริหารส่วนตำบล,โนนภิบาล
4447,มหาสารคาม,แกดำ,องค์การบริหารส่วนตำบล,วังแสง
4448,มหาสารคาม,แกดำ,องค์การบริหารส่วนตำบล,หนองกุง
4449,มหาสารคาม,โกสุมพิสัย,องค์การบริหารส่วนตำบล,แก้งแก
4450,มหาสารคาม,โกสุมพิสัย,องค์การบริหารส่วนตำบล,เขวาไร่
4451,มหาสารคาม,โกสุมพิสัย,องค์การบริหารส่วนตำบล,เขื่อน
4452,มหาสารคาม,โกสุมพิสัย,องค์การบริหารส่วนตำบล,ดอนกลาง
4453,มหาสารคาม,โกสุมพิสัย,องค์การบริหารส่วนตำบล,แพง
4454,มหาสารคาม,โกสุมพิสัย,องค์การบริหารส่วนตำบล,โพนงาม
4455,มหาสารคาม,โกสุมพิสัย,องค์การบริหารส่วนตำบล,ยางท่าแจ้ง
4456,มหาสารคาม,โกสุมพิสัย,องค์การบริหารส่วนตำบล,ยางน้อย
4457,มหาสารคาม,โกสุมพิสัย,องค์การบริหารส่วนตำบล,เลิงใต้
4458,มหาสารคาม,โกสุมพิสัย,องค์การบริหารส่วนตำบล,วังยาว
4459,มหาสารคาม,โกสุมพิสัย,องค์การบริหารส่วนตำบล,หนองกุงสวรรค์
4460,มหาสารคาม,โกสุมพิสัย,องค์การบริหารส่วนตำบล,หนองบอน
4461,มหาสารคาม,โกสุมพิสัย,องค์การบริหารส่วนตำบล,หนองบัว
4462,มหาสารคาม,โกสุมพิสัย,องค์การบริหารส่วนตำบล,หนองเหล็ก
4463,มหาสารคาม,โกสุมพิสัย,องค์การบริหารส่วนตำบล,หัวขวาง
4464,มหาสารคาม,โกสุมพิสัย,องค์การบริหารส่วนตำบล,เหล่า
4465,มหาสารคาม,โกสุมพิสัย,องค์การบริหารส่วนตำบล,แห่ใต้
4466,มหาสารคาม,ชื่นชม,องค์การบริหารส่วนตำบล,เหล่าดอกไม้
4467,มหาสารคาม,เชียงยืน,องค์การบริหารส่วนตำบล,เชียงยืน
4468,มหาสารคาม,เชียงยืน,องค์การบริหารส่วนตำบล,ดอนเงิน
4469,มหาสารคาม,เชียงยืน,องค์การบริหารส่วนตำบล,นาทอง
4470,มหาสารคาม,เชียงยืน,องค์การบริหารส่วนตำบล,เสือเฒ่า
4471,มหาสารคาม,เชียงยืน,องค์การบริหารส่วนตำบล,หนองซอน
4472,มหาสารคาม,เชียงยืน,องค์การบริหารส่วนตำบล,เหล่าบัวบาน
4473,มหาสารคาม,นาเชือก,องค์การบริหารส่วนตำบล,นาเชือก
4474,มหาสารคาม,นาเชือก,องค์การบริหารส่วนตำบล,ปอพาน
4475,มหาสารคาม,นาเชือก,องค์การบริหารส่วนตำบล,สันป่าตอง
4476,มหาสารคาม,นาเชือก,องค์การบริหารส่วนตำบล,สำโรง
4477,มหาสารคาม,นาเชือก,องค์การบริหารส่วนตำบล,หนองกุง
4478,มหาสารคาม,นาเชือก,องค์การบริหารส่วนตำบล,หนองแดง
4479,มหาสารคาม,นาเชือก,องค์การบริหารส่วนตำบล,หนองโพธิ์
4480,มหาสารคาม,นาเชือก,องค์การบริหารส่วนตำบล,หนองเม็ก
4481,มหาสารคาม,นาเชือก,องค์การบริหารส่วนตำบล,หนองเรือ
4482,มหาสารคาม,นาดูน,องค์การบริหารส่วนตำบล,กู่สันตรัตน์
4483,มหาสารคาม,นาดูน,องค์การบริหารส่วนตำบล,ดงดวน
4484,มหาสารคาม,นาดูน,องค์การบริหารส่วนตำบล,ดงยาง
4485,มหาสารคาม,นาดูน,องค์การบริหารส่วนตำบล,พระธาตุ
4486,มหาสารคาม,นาดูน,องค์การบริหารส่วนตำบล,หนองคู
4487,มหาสารคาม,บรบือ,องค์การบริหารส่วนตำบล,กำพี้
4488,มหาสารคาม,บรบือ,องค์การบริหารส่วนตำบล,ดอนงัว
4489,มหาสารคาม,บรบือ,องค์การบริหารส่วนตำบล,โนนแดง
4490,มหาสารคาม,บรบือ,องค์การบริหารส่วนตำบล,โนนราษี
4491,มหาสารคาม,บรบือ,องค์การบริหารส่วนตำบล,บรบือ
4492,มหาสารคาม,บรบือ,องค์การบริหารส่วนตำบล,บ่อใหญ่
4493,มหาสารคาม,บรบือ,องค์การบริหารส่วนตำบล,บัวมาศ
4494,มหาสารคาม,บรบือ,องค์การบริหารส่วนตำบล,ยาง
4495,มหาสารคาม,บรบือ,องค์การบริหารส่วนตำบล,วังไชย
4496,มหาสารคาม,บรบือ,องค์การบริหารส่วนตำบล,วังใหม่
4497,มหาสารคาม,บรบือ,องค์การบริหารส่วนตำบล,หนองโก
4498,มหาสารคาม,บรบือ,องค์การบริหารส่วนตำบล,หนองคูขาด
4499,มหาสารคาม,บรบือ,องค์การบริหารส่วนตำบล,หนองจิก
4500,มหาสารคาม,บรบือ,องค์การบริหารส่วนตำบล,หนองม่วง
4501,มหาสารคาม,บรบือ,องค์การบริหารส่วนตำบล,หนองสิม
4502,มหาสารคาม,พยัคฆภูมิพิสัย,องค์การบริหารส่วนตำบล,ก้ามปู
4503,มหาสารคาม,พยัคฆภูมิพิสัย,องค์การบริหารส่วนตำบล,นาสีนวล
4504,มหาสารคาม,พยัคฆภูมิพิสัย,องค์การบริหารส่วนตำบล,ปะหลาน
4505,มหาสารคาม,พยัคฆภูมิพิสัย,องค์การบริหารส่วนตำบล,ภารแอ่น
4506,มหาสารคาม,พยัคฆภูมิพิสัย,องค์การบริหารส่วนตำบล,เม็กดำ
4507,มหาสารคาม,พยัคฆภูมิพิสัย,องค์การบริหารส่วนตำบล,เมืองเตา
4508,มหาสารคาม,พยัคฆภูมิพิสัย,องค์การบริหารส่วนตำบล,เมืองเสือ
4509,มหาสารคาม,พยัคฆภูมิพิสัย,องค์การบริหารส่วนตำบล,ราษฎร์เจริญ
4510,มหาสารคาม,พยัคฆภูมิพิสัย,องค์การบริหารส่วนตำบล,ราษฎร์พัฒนา
4511,มหาสารคาม,พยัคฆภูมิพิสัย,องค์การบริหารส่วนตำบล,ลานสะแก
4512,มหาสารคาม,พยัคฆภูมิพิสัย,องค์การบริหารส่วนตำบล,เวียงชัย
4513,มหาสารคาม,พยัคฆภูมิพิสัย,องค์การบริหารส่วนตำบล,เวียงสะอาด
4514,มหาสารคาม,พยัคฆภูมิพิสัย,องค์การบริหารส่วนตำบล,หนองบัว
4515,มหาสารคาม,พยัคฆภูมิพิสัย,องค์การบริหารส่วนตำบล,หนองบัวแก้ว
4516,มหาสารคาม,เมืองมหาสารคาม,องค์การบริหารส่วนตำบล,แก่งเลิงจาน
4517,มหาสารคาม,เมืองมหาสารคาม,องค์การบริหารส่วนตำบล,เขวา
4518,มหาสารคาม,เมืองมหาสารคาม,องค์การบริหารส่วนตำบล,ดอนหว่าน
4519,มหาสารคาม,เมืองมหาสารคาม,องค์การบริหารส่วนตำบล,ท่าตูม
4520,มหาสารคาม,เมืองมหาสารคาม,องค์การบริหารส่วนตำบล,ท่าสองคอน
4521,มหาสารคาม,เมืองมหาสารคาม,องค์การบริหารส่วนตำบล,บัวค้อ
4522,มหาสารคาม,เมืองมหาสารคาม,องค์การบริหารส่วนตำบล,แวงน่าง
4523,มหาสารคาม,เมืองมหาสารคาม,องค์การบริหารส่วนตำบล,หนองโน
4524,มหาสารคาม,เมืองมหาสารคาม,องค์การบริหารส่วนตำบล,หนองปลิง
4525,มหาสารคาม,เมืองมหาสารคาม,องค์การบริหารส่วนตำบล,ห้วยแอ่ง
4526,มหาสารคาม,ยางสีสุราช,องค์การบริหารส่วนตำบล,ขามเรียน
4527,มหาสารคาม,ยางสีสุราช,องค์การบริหารส่วนตำบล,ดงเมือง
4528,มหาสารคาม,ยางสีสุราช,องค์การบริหารส่วนตำบล,นาภู
4529,มหาสารคาม,ยางสีสุราช,องค์การบริหารส่วนตำบล,บ้านกู่
4530,มหาสารคาม,ยางสีสุราช,องค์การบริหารส่วนตำบล,หนองบัวสันตุ
4531,มหาสารคาม,วาปีปทุม,องค์การบริหารส่วนตำบล,ขามป้อม
4532,มหาสารคาม,วาปีปทุม,องค์การบริหารส่วนตำบล,แคน
4533,มหาสารคาม,วาปีปทุม,องค์การบริหารส่วนตำบล,โคกสีทองหลาง
4534,มหาสารคาม,วาปีปทุม,องค์การบริหารส่วนตำบล,งัวบา
4535,มหาสารคาม,วาปีปทุม,องค์การบริหารส่วนตำบล,ดงใหญ่
4536,มหาสารคาม,วาปีปทุม,องค์การบริหารส่วนตำบล,นาข่า
4537,มหาสารคาม,วาปีปทุม,องค์การบริหารส่วนตำบล,บ้านหวาย
4538,มหาสารคาม,วาปีปทุม,องค์การบริหารส่วนตำบล,ประชาพัฒนา
4539,มหาสารคาม,วาปีปทุม,องค์การบริหารส่วนตำบล,โพธิ์ชัย
4540,มหาสารคาม,วาปีปทุม,องค์การบริหารส่วนตำบล,เสือโก้ก
4541,มหาสารคาม,วาปีปทุม,องค์การบริหารส่วนตำบล,หนองทุ่ม
4542,มหาสารคาม,วาปีปทุม,องค์การบริหารส่วนตำบล,หนองแสง
4543,มหาสารคาม,วาปีปทุม,องค์การบริหารส่วนตำบล,หนองไฮ
4544,มหาสารคาม,วาปีปทุม,องค์การบริหารส่วนตำบล,หัวเรือ
4545,มุกดาหาร,เมืองมุกดาหาร,องค์การบริหารส่วนจังหวัด,มุกดาหาร
4546,มุกดาหาร,เมืองมุกดาหาร,เทศบาลเมือง,มุกดาหาร
4547,มุกดาหาร,คำชะอี,เทศบาลตำบล,คำชะอี
4548,มุกดาหาร,คำชะอี,เทศบาลตำบล,บ้านซ่ง
4549,มุกดาหาร,คำชะอี,เทศบาลตำบล,ผู้ไทคำชะอี
4550,มุกดาหาร,ดงหลวง,เทศบาลตำบล,กกตูม
4551,มุกดาหาร,ดงหลวง,เทศบาลตำบล,ดงหลวง
4552,มุกดาหาร,ดงหลวง,เทศบาลตำบล,หนองแคน
4553,มุกดาหาร,ดอนตาล,เทศบาลตำบล,ดอนตาล
4554,มุกดาหาร,ดอนตาล,เทศบาลตำบล,ดอนตาลผาสุก
4555,มุกดาหาร,ดอนตาล,เทศบาลตำบล,บ้านแก้ง
4556,มุกดาหาร,นิคมคำสร้อย,เทศบาลตำบล,นิคมคำสร้อย
4557,มุกดาหาร,นิคมคำสร้อย,เทศบาลตำบล,ร่มเกล้า
4558,มุกดาหาร,เมืองมุกดาหาร,เทศบาลตำบล,คำป่าหลาย
4559,มุกดาหาร,เมืองมุกดาหาร,เทศบาลตำบล,คำอาฮวน
4560,มุกดาหาร,เมืองมุกดาหาร,เทศบาลตำบล,ดงมอน
4561,มุกดาหาร,เมืองมุกดาหาร,เทศบาลตำบล,ดงเย็น
4562,มุกดาหาร,เมืองมุกดาหาร,เทศบาลตำบล,นาสีนวน
4563,มุกดาหาร,เมืองมุกดาหาร,เทศบาลตำบล,นาโสก
4564,มุกดาหาร,เมืองมุกดาหาร,เทศบาลตำบล,บางทรายใหญ่
4565,มุกดาหาร,เมืองมุกดาหาร,เทศบาลตำบล,ผึ่งแดด
4566,มุกดาหาร,เมืองมุกดาหาร,เทศบาลตำบล,โพนทราย
4567,มุกดาหาร,เมืองมุกดาหาร,เทศบาลตำบล,มุก
4568,มุกดาหาร,หนองสูง,เทศบาลตำบล,บ้านเป้า
4569,มุกดาหาร,หนองสูง,เทศบาลตำบล,ภูวง
4570,มุกดาหาร,หนองสูง,เทศบาลตำบล,หนองสูงเหนือ
4571,มุกดาหาร,หว้านใหญ่,เทศบาลตำบล,ชะโนด
4572,มุกดาหาร,หว้านใหญ่,เทศบาลตำบล,หว้านใหญ่
4573,มุกดาหาร,คำชะอี,องค์การบริหารส่วนตำบล,คำบก
4574,มุกดาหาร,คำชะอี,องค์การบริหารส่วนตำบล,น้ำเที่ยง
4575,มุกดาหาร,คำชะอี,องค์การบริหารส่วนตำบล,บ้านค้อ
4576,มุกดาหาร,คำชะอี,องค์การบริหารส่วนตำบล,บ้านเหล่า
4577,มุกดาหาร,คำชะอี,องค์การบริหารส่วนตำบล,โพนงาม
4578,มุกดาหาร,คำชะอี,องค์การบริหารส่วนตำบล,หนองเอี่ยน
4579,มุกดาหาร,คำชะอี,องค์การบริหารส่วนตำบล,เหล่าสร้างถ่อ
4580,มุกดาหาร,ดงหลวง,องค์การบริหารส่วนตำบล,ชะโนดน้อย
4581,มุกดาหาร,ดงหลวง,องค์การบริหารส่วนตำบล,พังแดง
4582,มุกดาหาร,ดงหลวง,องค์การบริหารส่วนตำบล,หนองบัว
4583,มุกดาหาร,ดอนตาล,องค์การบริหารส่วนตำบล,นาสะเม็ง
4584,มุกดาหาร,ดอนตาล,องค์การบริหารส่วนตำบล,บ้านบาก
4585,มุกดาหาร,ดอนตาล,องค์การบริหารส่วนตำบล,ป่าไร่
4586,มุกดาหาร,ดอนตาล,องค์การบริหารส่วนตำบล,โพธิ์ไทร
4587,มุกดาหาร,ดอนตาล,องค์การบริหารส่วนตำบล,เหล่าหมี
4588,มุกดาหาร,นิคมคำสร้อย,องค์การบริหารส่วนตำบล,กกแดง
4589,มุกดาหาร,นิคมคำสร้อย,องค์การบริหารส่วนตำบล,โชคชัย
4590,มุกดาหาร,นิคมคำสร้อย,องค์การบริหารส่วนตำบล,นากอก
4591,มุกดาหาร,นิคมคำสร้อย,องค์การบริหารส่วนตำบล,นาอุดม
4592,มุกดาหาร,นิคมคำสร้อย,องค์การบริหารส่วนตำบล,นิคมคำสร้อย
4593,มุกดาหาร,นิคมคำสร้อย,องค์การบริหารส่วนตำบล,หนองแวง
4594,มุกดาหาร,เมืองมุกดาหาร,องค์การบริหารส่วนตำบล,กุดแข้
4595,มุกดาหาร,เมืองมุกดาหาร,องค์การบริหารส่วนตำบล,บ้านโคก
4596,มุกดาหาร,หนองสูง,องค์การบริหารส่วนตำบล,โนนยาง
4597,มุกดาหาร,หนองสูง,องค์การบริหารส่วนตำบล,หนองสูงใต้
4598,มุกดาหาร,หว้านใหญ่,องค์การบริหารส่วนตำบล,บางทรายน้อย
4599,มุกดาหาร,หว้านใหญ่,องค์การบริหารส่วนตำบล,ป่งขามดงหมู
4600,แม่ฮ่องสอน,เมืองแม่ฮ่องสอน,องค์การบริหารส่วนจังหวัด,แม่ฮ่องสอน
4601,แม่ฮ่องสอน,เมืองแม่ฮ่องสอน,เทศบาลเมือง,แม่ฮ่องสอน
4602,แม่ฮ่องสอน,ขุนยวม,เทศบาลตำบล,ขุนยวม
4603,แม่ฮ่องสอน,ปาย,เทศบาลตำบล,ปาย
4604,แม่ฮ่องสอน,แม่ลาน้อย,เทศบาลตำบล,แม่ลาน้อย
4605,แม่ฮ่องสอน,แม่สะเรียง,เทศบาลตำบล,เมืองยวมใต้
4606,แม่ฮ่องสอน,แม่สะเรียง,เทศบาลตำบล,แม่ยวม
4607,แม่ฮ่องสอน,แม่สะเรียง,เทศบาลตำบล,แม่สะเรียง
4608,แม่ฮ่องสอน,ขุนยวม,องค์การบริหารส่วนตำบล,ขุนยวม
4609,แม่ฮ่องสอน,ขุนยวม,องค์การบริหารส่วนตำบล,เมืองปอน
4610,แม่ฮ่องสอน,ขุนยวม,องค์การบริหารส่วนตำบล,แม่กิ๊
4611,แม่ฮ่องสอน,ขุนยวม,องค์การบริหารส่วนตำบล,แม่เงา
4612,แม่ฮ่องสอน,ขุนยวม,องค์การบริหารส่วนตำบล,แม่ยวมน้อย
4613,แม่ฮ่องสอน,ขุนยวม,องค์การบริหารส่วนตำบล,แม่อูคอ
4614,แม่ฮ่องสอน,ปางมะผ้า,องค์การบริหารส่วนตำบล,ถ้ำลอด
4615,แม่ฮ่องสอน,ปางมะผ้า,องค์การบริหารส่วนตำบล,นาปู่ป้อม
4616,แม่ฮ่องสอน,ปางมะผ้า,องค์การบริหารส่วนตำบล,ปางมะผ้า
4617,แม่ฮ่องสอน,ปางมะผ้า,องค์การบริหารส่วนตำบล,สบป่อง
4618,แม่ฮ่องสอน,ปาย,องค์การบริหารส่วนตำบล,ทุ่งยาว
4619,แม่ฮ่องสอน,ปาย,องค์การบริหารส่วนตำบล,โป่งสา
4620,แม่ฮ่องสอน,ปาย,องค์การบริหารส่วนตำบล,เมืองแปง
4621,แม่ฮ่องสอน,ปาย,องค์การบริหารส่วนตำบล,แม่นาเติง
4622,แม่ฮ่องสอน,ปาย,องค์การบริหารส่วนตำบล,แม่ฮี้
4623,แม่ฮ่องสอน,ปาย,องค์การบริหารส่วนตำบล,เวียงใต้
4624,แม่ฮ่องสอน,ปาย,องค์การบริหารส่วนตำบล,เวียงเหนือ
4625,แม่ฮ่องสอน,เมืองแม่ฮ่องสอน,องค์การบริหารส่วนตำบล,ปางหมู
4626,แม่ฮ่องสอน,เมืองแม่ฮ่องสอน,องค์การบริหารส่วนตำบล,ผาบ่อง
4627,แม่ฮ่องสอน,เมืองแม่ฮ่องสอน,องค์การบริหารส่วนตำบล,หมอกจำแป่
4628,แม่ฮ่องสอน,เมืองแม่ฮ่องสอน,องค์การบริหารส่วนตำบล,ห้วยปูลิง
4629,แม่ฮ่องสอน,เมืองแม่ฮ่องสอน,องค์การบริหารส่วนตำบล,ห้วยโป่ง
4630,แม่ฮ่องสอน,เมืองแม่ฮ่องสอน,องค์การบริหารส่วนตำบล,ห้วยผา
4631,แม่ฮ่องสอน,แม่ลาน้อย,องค์การบริหารส่วนตำบล,ขุนแม่ลาน้อย
4632,แม่ฮ่องสอน,แม่ลาน้อย,องค์การบริหารส่วนตำบล,ท่าผาปุ้ม
4633,แม่ฮ่องสอน,แม่ลาน้อย,องค์การบริหารส่วนตำบล,แม่โถ
4634,แม่ฮ่องสอน,แม่ลาน้อย,องค์การบริหารส่วนตำบล,แม่นาจาง
4635,แม่ฮ่องสอน,แม่ลาน้อย,องค์การบริหารส่วนตำบล,แม่ลาน้อย
4636,แม่ฮ่องสอน,แม่ลาน้อย,องค์การบริหารส่วนตำบล,แม่ลาหลวง
4637,แม่ฮ่องสอน,แม่ลาน้อย,องค์การบริหารส่วนตำบล,สันติคีรี
4638,แม่ฮ่องสอน,แม่ลาน้อย,องค์การบริหารส่วนตำบล,ห้วยห้อม
4639,แม่ฮ่องสอน,แม่สะเรียง,องค์การบริหารส่วนตำบล,บ้านกาศ
4640,แม่ฮ่องสอน,แม่สะเรียง,องค์การบริหารส่วนตำบล,ป่าแป๋
4641,แม่ฮ่องสอน,แม่สะเรียง,องค์การบริหารส่วนตำบล,แม่คง
4642,แม่ฮ่องสอน,แม่สะเรียง,องค์การบริหารส่วนตำบล,แม่เหาะ
4643,แม่ฮ่องสอน,แม่สะเรียง,องค์การบริหารส่วนตำบล,เสาหิน
4644,แม่ฮ่องสอน,สบเมย,องค์การบริหารส่วนตำบล,กองก๋อย
4645,แม่ฮ่องสอน,สบเมย,องค์การบริหารส่วนตำบล,ป่าโปง
4646,แม่ฮ่องสอน,สบเมย,องค์การบริหารส่วนตำบล,แม่คะตวน
4647,แม่ฮ่องสอน,สบเมย,องค์การบริหารส่วนตำบล,แม่สวด
4648,แม่ฮ่องสอน,สบเมย,องค์การบริหารส่วนตำบล,แม่สามแลบ
4649,แม่ฮ่องสอน,สบเมย,องค์การบริหารส่วนตำบล,สบเมย
4650,ยโสธร,เมืองยโสธร,องค์การบริหารส่วนจังหวัด,ยโสธร
4651,ยโสธร,เมืองยโสธร,เทศบาลเมือง,ยโสธร
4652,ยโสธร,กุดชุม,เทศบาลตำบล,กุดชุมพัฒนา
4653,ยโสธร,กุดชุม,เทศบาลตำบล,โนนเปือย
4654,ยโสธร,กุดชุม,เทศบาลตำบล,ห้วยแก้ง
4655,ยโสธร,ค้อวัง,เทศบาลตำบล,ค้อวัง
4656,ยโสธร,คำเขื่อนแก้ว,เทศบาลตำบล,คำเขื่อนแก้ว
4657,ยโสธร,คำเขื่อนแก้ว,เทศบาลตำบล,ดงแคนใหญ่
4658,ยโสธร,ทรายมูล,เทศบาลตำบล,ทรายมูล
4659,ยโสธร,ทรายมูล,เทศบาลตำบล,นาเวียง
4660,ยโสธร,ไทยเจริญ,เทศบาลตำบล,คำเตย
4661,ยโสธร,ป่าติ้ว,เทศบาลตำบล,ป่าติ้ว
4662,ยโสธร,มหาชนะชัย,เทศบาลตำบล,ฟ้าหยาด
4663,ยโสธร,เมืองยโสธร,เทศบาลตำบล,เดิด
4664,ยโสธร,เมืองยโสธร,เทศบาลตำบล,ตาดทอง
4665,ยโสธร,เมืองยโสธร,เทศบาลตำบล,ทุ่งแต้
4666,ยโสธร,เมืองยโสธร,เทศบาลตำบล,นาสะไมย์
4667,ยโสธร,เมืองยโสธร,เทศบาลตำบล,น้ำคำใหญ่
4668,ยโสธร,เมืองยโสธร,เทศบาลตำบล,สำราญ
4669,ยโสธร,เลิงนกทา,เทศบาลตำบล,กุดเชียงหมี
4670,ยโสธร,เลิงนกทา,เทศบาลตำบล,กุดแห่
4671,ยโสธร,เลิงนกทา,เทศบาลตำบล,โคกสำราญ
4672,ยโสธร,เลิงนกทา,เทศบาลตำบล,บุ่งค้า
4673,ยโสธร,เลิงนกทา,เทศบาลตำบล,เลิงนกทา
4674,ยโสธร,เลิงนกทา,เทศบาลตำบล,ศรีแก้ว
4675,ยโสธร,เลิงนกทา,เทศบาลตำบล,สร้างมิ่ง
4676,ยโสธร,เลิงนกทา,เทศบาลตำบล,สวาท
4677,ยโสธร,เลิงนกทา,เทศบาลตำบล,สามแยก
4678,ยโสธร,เลิงนกทา,เทศบาลตำบล,สามัคคี
4679,ยโสธร,เลิงนกทา,เทศบาลตำบล,หนองสองห้อง
4680,ยโสธร,เลิงนกทา,เทศบาลตำบล,ห้องแซง
4681,ยโสธร,กุดชุม,องค์การบริหารส่วนตำบล,กำแมด
4682,ยโสธร,กุดชุม,องค์การบริหารส่วนตำบล,กุดชุม
4683,ยโสธร,กุดชุม,องค์การบริหารส่วนตำบล,คำน้ำสร้าง
4684,ยโสธร,กุดชุม,องค์การบริหารส่วนตำบล,นาโส่
4685,ยโสธร,กุดชุม,องค์การบริหารส่วนตำบล,โพนงาม
4686,ยโสธร,กุดชุม,องค์การบริหารส่วนตำบล,หนองหมี
4687,ยโสธร,กุดชุม,องค์การบริหารส่วนตำบล,หนองแหน
4688,ยโสธร,ค้อวัง,องค์การบริหารส่วนตำบล,กุดน้ำใส
4689,ยโสธร,ค้อวัง,องค์การบริหารส่วนตำบล,ค้อวัง
4690,ยโสธร,ค้อวัง,องค์การบริหารส่วนตำบล,น้ำอ้อม
4691,ยโสธร,ค้อวัง,องค์การบริหารส่วนตำบล,ฟ้าห่วน
4692,ยโสธร,คำเขื่อนแก้ว,องค์การบริหารส่วนตำบล,กุดกุง
4693,ยโสธร,คำเขื่อนแก้ว,องค์การบริหารส่วนตำบล,กู่จาน
4694,ยโสธร,คำเขื่อนแก้ว,องค์การบริหารส่วนตำบล,แคนน้อย
4695,ยโสธร,คำเขื่อนแก้ว,องค์การบริหารส่วนตำบล,ดงเจริญ
4696,ยโสธร,คำเขื่อนแก้ว,องค์การบริหารส่วนตำบล,ทุ่งมน
4697,ยโสธร,คำเขื่อนแก้ว,องค์การบริหารส่วนตำบล,นาแก
4698,ยโสธร,คำเขื่อนแก้ว,องค์การบริหารส่วนตำบล,นาคำ
4699,ยโสธร,คำเขื่อนแก้ว,องค์การบริหารส่วนตำบล,โพนทัน
4700,ยโสธร,คำเขื่อนแก้ว,องค์การบริหารส่วนตำบล,ย่อ
4701,ยโสธร,คำเขื่อนแก้ว,องค์การบริหารส่วนตำบล,ลุมพุก
4702,ยโสธร,คำเขื่อนแก้ว,องค์การบริหารส่วนตำบล,สงเปือย
4703,ยโสธร,คำเขื่อนแก้ว,องค์การบริหารส่วนตำบล,เหล่าไฮ
4704,ยโสธร,ทรายมูล,องค์การบริหารส่วนตำบล,ดงมะไฟ
4705,ยโสธร,ทรายมูล,องค์การบริหารส่วนตำบล,ดู่ลาด
4706,ยโสธร,ทรายมูล,องค์การบริหารส่วนตำบล,ทรายมูล
4707,ยโสธร,ทรายมูล,องค์การบริหารส่วนตำบล,ไผ่
4708,ยโสธร,ไทยเจริญ,องค์การบริหารส่วนตำบล,คำไผ่
4709,ยโสธร,ไทยเจริญ,องค์การบริหารส่วนตำบล,ไทยเจริญ
4710,ยโสธร,ไทยเจริญ,องค์การบริหารส่วนตำบล,น้ำคำ
4711,ยโสธร,ไทยเจริญ,องค์การบริหารส่วนตำบล,ส้มผ่อ
4712,ยโสธร,ป่าติ้ว,องค์การบริหารส่วนตำบล,กระจาย
4713,ยโสธร,ป่าติ้ว,องค์การบริหารส่วนตำบล,โคกนาโก
4714,ยโสธร,ป่าติ้ว,องค์การบริหารส่วนตำบล,เชียงเพ็ง
4715,ยโสธร,ป่าติ้ว,องค์การบริหารส่วนตำบล,โพธิ์ไทร
4716,ยโสธร,ป่าติ้ว,องค์การบริหารส่วนตำบล,ศรีฐาน
4717,ยโสธร,มหาชนะชัย,องค์การบริหารส่วนตำบล,คูเมือง
4718,ยโสธร,มหาชนะชัย,องค์การบริหารส่วนตำบล,โนนทราย
4719,ยโสธร,มหาชนะชัย,องค์การบริหารส่วนตำบล,บากเรือ
4720,ยโสธร,มหาชนะชัย,องค์การบริหารส่วนตำบล,บึงแก
4721,ยโสธร,มหาชนะชัย,องค์การบริหารส่วนตำบล,ผือฮี
4722,ยโสธร,มหาชนะชัย,องค์การบริหารส่วนตำบล,พระเสาร์
4723,ยโสธร,มหาชนะชัย,องค์การบริหารส่วนตำบล,ฟ้าหยาด
4724,ยโสธร,มหาชนะชัย,องค์การบริหารส่วนตำบล,ม่วง
4725,ยโสธร,มหาชนะชัย,องค์การบริหารส่วนตำบล,สงยาง
4726,ยโสธร,มหาชนะชัย,องค์การบริหารส่วนตำบล,หัวเมือง
4727,ยโสธร,เมืองยโสธร,องค์การบริหารส่วนตำบล,ขั้นไดใหญ่
4728,ยโสธร,เมืองยโสธร,องค์การบริหารส่วนตำบล,ขุมเงิน
4729,ยโสธร,เมืองยโสธร,องค์การบริหารส่วนตำบล,เขื่องคำ
4730,ยโสธร,เมืองยโสธร,องค์การบริหารส่วนตำบล,ค้อเหนือ
4731,ยโสธร,เมืองยโสธร,องค์การบริหารส่วนตำบล,ดู่ทุ่ง
4732,ยโสธร,เมืองยโสธร,องค์การบริหารส่วนตำบล,ทุ่งนางโอก
4733,ยโสธร,เมืองยโสธร,องค์การบริหารส่วนตำบล,สิงห์
4734,ยโสธร,เมืองยโสธร,องค์การบริหารส่วนตำบล,หนองคู
4735,ยโสธร,เมืองยโสธร,องค์การบริหารส่วนตำบล,หนองเป็ด
4736,ยโสธร,เมืองยโสธร,องค์การบริหารส่วนตำบล,หนองเรือ
4737,ยโสธร,เมืองยโสธร,องค์การบริหารส่วนตำบล,หนองหิน
4738,ยะลา,เมืองยะลา,องค์การบริหารส่วนจังหวัด,ยะลา
4739,ยะลา,เมืองยะลา,เทศบาลนคร,ยะลา
4740,ยะลา,เบตง,เทศบาลเมือง,เบตง
4741,ยะลา,เมืองยะลา,เทศบาลเมือง,สะเตงนอก
4742,ยะลา,ธารโต,เทศบาลตำบล,คอกช้าง
4743,ยะลา,บันนังสตา,เทศบาลตำบล,เขื่อนบางลาง
4744,ยะลา,บันนังสตา,เทศบาลตำบล,บันนังสตา
4745,ยะลา,เบตง,เทศบาลตำบล,ธารน้ำทิพย์
4746,ยะลา,เมืองยะลา,เทศบาลตำบล,ท่าสาป
4747,ยะลา,เมืองยะลา,เทศบาลตำบล,บุดี
4748,ยะลา,เมืองยะลา,เทศบาลตำบล,ยุโป
4749,ยะลา,เมืองยะลา,เทศบาลตำบล,ลำใหม่
4750,ยะลา,ยะหา,เทศบาลตำบล,ปะแต
4751,ยะลา,ยะหา,เทศบาลตำบล,ยะหา
4752,ยะลา,รามัน,เทศบาลตำบล,โกตาบารู
4753,ยะลา,รามัน,เทศบาลตำบล,บาลอ
4754,ยะลา,รามัน,เทศบาลตำบล,เมืองรามันห์
4755,ยะลา,กรงปินัง,องค์การบริหารส่วนตำบล,กรงปินัง
4756,ยะลา,กรงปินัง,องค์การบริหารส่วนตำบล,ปุโรง
4757,ยะลา,กรงปินัง,องค์การบริหารส่วนตำบล,สะเอะ
4758,ยะลา,กรงปินัง,องค์การบริหารส่วนตำบล,ห้วยกระทิง
4759,ยะลา,กาบัง,องค์การบริหารส่วนตำบล,กาบัง
4760,ยะลา,กาบัง,องค์การบริหารส่วนตำบล,บาละ
4761,ยะลา,ธารโต,องค์การบริหารส่วนตำบล,คีรีเขต
4762,ยะลา,ธารโต,องค์การบริหารส่วนตำบล,ธารโต
4763,ยะลา,ธารโต,องค์การบริหารส่วนตำบล,บ้านแหร
4764,ยะลา,ธารโต,องค์การบริหารส่วนตำบล,แม่หวาด
4765,ยะลา,บันนังสตา,องค์การบริหารส่วนตำบล,ตลิ่งชัน
4766,ยะลา,บันนังสตา,องค์การบริหารส่วนตำบล,ตาเนาะปูเต๊ะ
4767,ยะลา,บันนังสตา,องค์การบริหารส่วนตำบล,ถ้ำทะลุ
4768,ยะลา,บันนังสตา,องค์การบริหารส่วนตำบล,บันนังสตา
4769,ยะลา,บันนังสตา,องค์การบริหารส่วนตำบล,บาเจาะ
4770,ยะลา,เบตง,องค์การบริหารส่วนตำบล,ตาเนาะแมเราะ
4771,ยะลา,เบตง,องค์การบริหารส่วนตำบล,ยะรม
4772,ยะลา,เบตง,องค์การบริหารส่วนตำบล,อัยเยอร์เวง
4773,ยะลา,เมืองยะลา,องค์การบริหารส่วนตำบล,ตาเซะ
4774,ยะลา,เมืองยะลา,องค์การบริหารส่วนตำบล,บันนังสาเรง
4775,ยะลา,เมืองยะลา,องค์การบริหารส่วนตำบล,เปาะเส้ง
4776,ยะลา,เมืองยะลา,องค์การบริหารส่วนตำบล,พร่อน
4777,ยะลา,เมืองยะลา,องค์การบริหารส่วนตำบล,ยะลา
4778,ยะลา,เมืองยะลา,องค์การบริหารส่วนตำบล,ลำพะยา
4779,ยะลา,เมืองยะลา,องค์การบริหารส่วนตำบล,ลำใหม่
4780,ยะลา,เมืองยะลา,องค์การบริหารส่วนตำบล,ลิดล
4781,ยะลา,เมืองยะลา,องค์การบริหารส่วนตำบล,หน้าถ้ำ
4782,ยะลา,ยะหา,องค์การบริหารส่วนตำบล,กาตอง
4783,ยะลา,ยะหา,องค์การบริหารส่วนตำบล,ตาชี
4784,ยะลา,ยะหา,องค์การบริหารส่วนตำบล,บาโงยซิแน
4785,ยะลา,ยะหา,องค์การบริหารส่วนตำบล,บาโร๊ะ
4786,ยะลา,ยะหา,องค์การบริหารส่วนตำบล,ยะหา
4787,ยะลา,ยะหา,องค์การบริหารส่วนตำบล,ละแอ
4788,ยะลา,รามัน,องค์การบริหารส่วนตำบล,กอตอตือร๊ะ
4789,ยะลา,รามัน,องค์การบริหารส่วนตำบล,กายูบอเกาะ
4790,ยะลา,รามัน,องค์การบริหารส่วนตำบล,กาลอ
4791,ยะลา,รามัน,องค์การบริหารส่วนตำบล,กาลูปัง
4792,ยะลา,รามัน,องค์การบริหารส่วนตำบล,เกะรอ
4793,ยะลา,รามัน,องค์การบริหารส่วนตำบล,จะกว๊ะ
4794,ยะลา,รามัน,องค์การบริหารส่วนตำบล,ตะโละหะลอ
4795,ยะลา,รามัน,องค์การบริหารส่วนตำบล,ท่าธง
4796,ยะลา,รามัน,องค์การบริหารส่วนตำบล,เนินงาม
4797,ยะลา,รามัน,องค์การบริหารส่วนตำบล,บาโงย
4798,ยะลา,รามัน,องค์การบริหารส่วนตำบล,บือมัง
4799,ยะลา,รามัน,องค์การบริหารส่วนตำบล,ยะต๊ะ
4800,ยะลา,รามัน,องค์การบริหารส่วนตำบล,วังพญา
4801,ยะลา,รามัน,องค์การบริหารส่วนตำบล,อาซ่อง
4802,ร้อยเอ็ด,เมืองร้อยเอ็ด,องค์การบริหารส่วนจังหวัด,ร้อยเอ็ด
4803,ร้อยเอ็ด,เมืองร้อยเอ็ด,เทศบาลเมือง,ร้อยเอ็ด
4804,ร้อยเอ็ด,เกษตรวิสัย,เทศบาลตำบล,กู่กาสิงห์
4805,ร้อยเอ็ด,เกษตรวิสัย,เทศบาลตำบล,เกษตรวิสัย
4806,ร้อยเอ็ด,เกษตรวิสัย,เทศบาลตำบล,เมืองบัว
4807,ร้อยเอ็ด,จตุรพักตรพิมาน,เทศบาลตำบล,โคกล่าม
4808,ร้อยเอ็ด,จตุรพักตรพิมาน,เทศบาลตำบล,จตุรพักตรพิมาน
4809,ร้อยเอ็ด,จตุรพักตรพิมาน,เทศบาลตำบล,ดงกลาง
4810,ร้อยเอ็ด,จตุรพักตรพิมาน,เทศบาลตำบล,ดงแดง
4811,ร้อยเอ็ด,จตุรพักตรพิมาน,เทศบาลตำบล,ป่าสังข์
4812,ร้อยเอ็ด,จตุรพักตรพิมาน,เทศบาลตำบล,เมืองหงส์
4813,ร้อยเอ็ด,จตุรพักตรพิมาน,เทศบาลตำบล,ลิ้นฟ้า
4814,ร้อยเอ็ด,จตุรพักตรพิมาน,เทศบาลตำบล,ศรีโคตร
4815,ร้อยเอ็ด,จตุรพักตรพิมาน,เทศบาลตำบล,หนองผือ
4816,ร้อยเอ็ด,จตุรพักตรพิมาน,เทศบาลตำบล,หัวช้าง
4817,ร้อยเอ็ด,จตุรพักตรพิมาน,เทศบาลตำบล,อีง่อง
4818,ร้อยเอ็ด,จังหาร,เทศบาลตำบล,จังหาร
4819,ร้อยเอ็ด,จังหาร,เทศบาลตำบล,ดงสิงห์
4820,ร้อยเอ็ด,จังหาร,เทศบาลตำบล,ดินดำ
4821,ร้อยเอ็ด,จังหาร,เทศบาลตำบล,ปาฝา
4822,ร้อยเอ็ด,จังหาร,เทศบาลตำบล,ผักแว่น
4823,ร้อยเอ็ด,จังหาร,เทศบาลตำบล,ม่วงลาด
4824,ร้อยเอ็ด,จังหาร,เทศบาลตำบล,แสนชาติ
4825,ร้อยเอ็ด,เชียงขวัญ,เทศบาลตำบล,เชียงขวัญ
4826,ร้อยเอ็ด,ทุ่งเขาหลวง,เทศบาลตำบล,เหล่า
4827,ร้อยเอ็ด,ธวัชบุรี,เทศบาลตำบล,ธงธานี
4828,ร้อยเอ็ด,ธวัชบุรี,เทศบาลตำบล,นิเวศน์
4829,ร้อยเอ็ด,ธวัชบุรี,เทศบาลตำบล,บ้านนิเวศน์
4830,ร้อยเอ็ด,ธวัชบุรี,เทศบาลตำบล,มะอึ
4831,ร้อยเอ็ด,ธวัชบุรี,เทศบาลตำบล,อุ่มเม้า
4832,ร้อยเอ็ด,ปทุมรัตต์,เทศบาลตำบล,โนนสง่า
4833,ร้อยเอ็ด,ปทุมรัตต์,เทศบาลตำบล,โนนสวรรค์
4834,ร้อยเอ็ด,ปทุมรัตต์,เทศบาลตำบล,ปทุมรัตต์
4835,ร้อยเอ็ด,ปทุมรัตต์,เทศบาลตำบล,โพนสูง
4836,ร้อยเอ็ด,พนมไพร,เทศบาลตำบล,พนมไพร
4837,ร้อยเอ็ด,พนมไพร,เทศบาลตำบล,โพธิ์ชัย
4838,ร้อยเอ็ด,โพธิ์ชัย,เทศบาลตำบล,คำพอุง
4839,ร้อยเอ็ด,โพธิ์ชัย,เทศบาลตำบล,ชัยวารี
4840,ร้อยเอ็ด,โพธิ์ชัย,เทศบาลตำบล,เชียงใหม่
4841,ร้อยเอ็ด,โพธิ์ชัย,เทศบาลตำบล,หนองตาไก้
4842,ร้อยเอ็ด,โพธิ์ชัย,เทศบาลตำบล,อัคคะคำ
4843,ร้อยเอ็ด,โพนทราย,เทศบาลตำบล,โพนทราย
4844,ร้อยเอ็ด,โพนทราย,เทศบาลตำบล,ศรีสว่าง
4845,ร้อยเอ็ด,โพนทราย,เทศบาลตำบล,สามขา
4846,ร้อยเอ็ด,โพนทอง,เทศบาลตำบล,โคกกกม่วง
4847,ร้อยเอ็ด,โพนทอง,เทศบาลตำบล,โคกสูง
4848,ร้อยเอ็ด,โพนทอง,เทศบาลตำบล,โนนชัยศรี
4849,ร้อยเอ็ด,โพนทอง,เทศบาลตำบล,โพธิ์ทอง
4850,ร้อยเอ็ด,โพนทอง,เทศบาลตำบล,โพธิ์ศรีสว่าง
4851,ร้อยเอ็ด,โพนทอง,เทศบาลตำบล,โพนทอง
4852,ร้อยเอ็ด,โพนทอง,เทศบาลตำบล,แวง
4853,ร้อยเอ็ด,เมยวดี,เทศบาลตำบล,ชมสะอาด
4854,ร้อยเอ็ด,เมยวดี,เทศบาลตำบล,ชุมพร
4855,ร้อยเอ็ด,เมยวดี,เทศบาลตำบล,บุ่งเลิศ
4856,ร้อยเอ็ด,เมยวดี,เทศบาลตำบล,เมยวดี
4857,ร้อยเอ็ด,เมืองร้อยเอ็ด,เทศบาลตำบล,โนนตาล
4858,ร้อยเอ็ด,เมืองร้อยเอ็ด,เทศบาลตำบล,ปอภาร
4859,ร้อยเอ็ด,เมืองร้อยเอ็ด,เทศบาลตำบล,สีแก้ว
4860,ร้อยเอ็ด,เมืองสรวง,เทศบาลตำบล,กกกุง
4861,ร้อยเอ็ด,เมืองสรวง,เทศบาลตำบล,คูเมือง
4862,ร้อยเอ็ด,เมืองสรวง,เทศบาลตำบล,เมืองสรวง
4863,ร้อยเอ็ด,เมืองสรวง,เทศบาลตำบล,หนองหิน
4864,ร้อยเอ็ด,ศรีสมเด็จ,เทศบาลตำบล,บ้านบาก
4865,ร้อยเอ็ด,ศรีสมเด็จ,เทศบาลตำบล,โพธิ์ทอง
4866,ร้อยเอ็ด,ศรีสมเด็จ,เทศบาลตำบล,โพธิ์สัย
4867,ร้อยเอ็ด,ศรีสมเด็จ,เทศบาลตำบล,เมืองเปลือย
4868,ร้อยเอ็ด,ศรีสมเด็จ,เทศบาลตำบล,ศรีสมเด็จ
4869,ร้อยเอ็ด,ศรีสมเด็จ,เทศบาลตำบล,หนองใหญ่
4870,ร้อยเอ็ด,สุวรรณภูมิ,เทศบาลตำบล,จำปาขัน
4871,ร้อยเอ็ด,สุวรรณภูมิ,เทศบาลตำบล,ดอกไม้
4872,ร้อยเอ็ด,สุวรรณภูมิ,เทศบาลตำบล,ทุ่งกุลา
4873,ร้อยเอ็ด,สุวรรณภูมิ,เทศบาลตำบล,ทุ่งหลวง
4874,ร้อยเอ็ด,สุวรรณภูมิ,เทศบาลตำบล,สุวรรณภูมิ
4875,ร้อยเอ็ด,สุวรรณภูมิ,เทศบาลตำบล,หินกอง
4876,ร้อยเอ็ด,เสลภูมิ,เทศบาลตำบล,เกาะแก้ว
4877,ร้อยเอ็ด,เสลภูมิ,เทศบาลตำบล,ขวาว
4878,ร้อยเอ็ด,เสลภูมิ,เทศบาลตำบล,ท่าม่วง
4879,ร้อยเอ็ด,เสลภูมิ,เทศบาลตำบล,นาแซง
4880,ร้อยเอ็ด,เสลภูมิ,เทศบาลตำบล,นาเมือง
4881,ร้อยเอ็ด,เสลภูมิ,เทศบาลตำบล,พรสวรรค์
4882,ร้อยเอ็ด,เสลภูมิ,เทศบาลตำบล,เมืองไพร
4883,ร้อยเอ็ด,เสลภูมิ,เทศบาลตำบล,วังหลวง
4884,ร้อยเอ็ด,เสลภูมิ,เทศบาลตำบล,เสลภูมิ
4885,ร้อยเอ็ด,เสลภูมิ,เทศบาลตำบล,หนองหลวง
4886,ร้อยเอ็ด,หนองพอก,เทศบาลตำบล,ท่าสีดา
4887,ร้อยเอ็ด,หนองพอก,เทศบาลตำบล,ผาน้ำย้อย
4888,ร้อยเอ็ด,หนองพอก,เทศบาลตำบล,ภูเขาทอง
4889,ร้อยเอ็ด,หนองพอก,เทศบาลตำบล,หนองพอก
4890,ร้อยเอ็ด,หนองฮี,เทศบาลตำบล,สาวแห
4891,ร้อยเอ็ด,หนองฮี,เทศบาลตำบล,หนองฮี
4892,ร้อยเอ็ด,อาจสามารถ,เทศบาลตำบล,โพนเมือง
4893,ร้อยเอ็ด,อาจสามารถ,เทศบาลตำบล,หนองหมื่นถ่าน
4894,ร้อยเอ็ด,อาจสามารถ,เทศบาลตำบล,อาจสามารถ
4895,ร้อยเอ็ด,เกษตรวิสัย,องค์การบริหารส่วนตำบล,กำแพง
4896,ร้อยเอ็ด,เกษตรวิสัย,องค์การบริหารส่วนตำบล,กู่กาสิงห์
4897,ร้อยเอ็ด,เกษตรวิสัย,องค์การบริหารส่วนตำบล,เกษตรวิสัย
4898,ร้อยเอ็ด,เกษตรวิสัย,องค์การบริหารส่วนตำบล,ดงครั่งน้อย
4899,ร้อยเอ็ด,เกษตรวิสัย,องค์การบริหารส่วนตำบล,ดงครั่งใหญ่
4900,ร้อยเอ็ด,เกษตรวิสัย,องค์การบริหารส่วนตำบล,ทุ่งทอง
4901,ร้อยเอ็ด,เกษตรวิสัย,องค์การบริหารส่วนตำบล,น้ำอ้อม
4902,ร้อยเอ็ด,เกษตรวิสัย,องค์การบริหารส่วนตำบล,โนนสว่าง
4903,ร้อยเอ็ด,เกษตรวิสัย,องค์การบริหารส่วนตำบล,บ้านฝาง
4904,ร้อยเอ็ด,เกษตรวิสัย,องค์การบริหารส่วนตำบล,สิงห์โคก
4905,ร้อยเอ็ด,เกษตรวิสัย,องค์การบริหารส่วนตำบล,หนองแวง
4906,ร้อยเอ็ด,เกษตรวิสัย,องค์การบริหารส่วนตำบล,เหล่าหลวง
4907,ร้อยเอ็ด,จตุรพักตรพิมาน,องค์การบริหารส่วนตำบล,ดู่น้อย
4908,ร้อยเอ็ด,จตุรพักตรพิมาน,องค์การบริหารส่วนตำบล,น้ำใส
4909,ร้อยเอ็ด,จังหาร,องค์การบริหารส่วนตำบล,ยางใหญ่
4910,ร้อยเอ็ด,เชียงขวัญ,องค์การบริหารส่วนตำบล,บ้านเขือง
4911,ร้อยเอ็ด,เชียงขวัญ,องค์การบริหารส่วนตำบล,พระเจ้า
4912,ร้อยเอ็ด,เชียงขวัญ,องค์การบริหารส่วนตำบล,พระธาตุ
4913,ร้อยเอ็ด,เชียงขวัญ,องค์การบริหารส่วนตำบล,พลับพลา
4914,ร้อยเอ็ด,เชียงขวัญ,องค์การบริหารส่วนตำบล,หมูม้น
4915,ร้อยเอ็ด,ทุ่งเขาหลวง,องค์การบริหารส่วนตำบล,ทุ่งเขาหลวง
4916,ร้อยเอ็ด,ทุ่งเขาหลวง,องค์การบริหารส่วนตำบล,เทอดไทย
4917,ร้อยเอ็ด,ทุ่งเขาหลวง,องค์การบริหารส่วนตำบล,บึงงาม
4918,ร้อยเอ็ด,ทุ่งเขาหลวง,องค์การบริหารส่วนตำบล,มะบ้า
4919,ร้อยเอ็ด,ธวัชบุรี,องค์การบริหารส่วนตำบล,เขวาทุ่ง
4920,ร้อยเอ็ด,ธวัชบุรี,องค์การบริหารส่วนตำบล,ธวัชบุรี
4921,ร้อยเอ็ด,ธวัชบุรี,องค์การบริหารส่วนตำบล,บึงนคร
4922,ร้อยเอ็ด,ธวัชบุรี,องค์การบริหารส่วนตำบล,ไพศาล
4923,ร้อยเอ็ด,ธวัชบุรี,องค์การบริหารส่วนตำบล,เมืองน้อย
4924,ร้อยเอ็ด,ธวัชบุรี,องค์การบริหารส่วนตำบล,ราชธานี
4925,ร้อยเอ็ด,ธวัชบุรี,องค์การบริหารส่วนตำบล,หนองไผ่
4926,ร้อยเอ็ด,ธวัชบุรี,องค์การบริหารส่วนตำบล,หนองพอก
4927,ร้อยเอ็ด,ปทุมรัตต์,องค์การบริหารส่วนตำบล,ขี้เหล็ก
4928,ร้อยเอ็ด,ปทุมรัตต์,องค์การบริหารส่วนตำบล,ดอกล้ำ
4929,ร้อยเอ็ด,ปทุมรัตต์,องค์การบริหารส่วนตำบล,บัวแดง
4930,ร้อยเอ็ด,ปทุมรัตต์,องค์การบริหารส่วนตำบล,สระบัว
4931,ร้อยเอ็ด,ปทุมรัตต์,องค์การบริหารส่วนตำบล,หนองแคน
4932,ร้อยเอ็ด,พนมไพร,องค์การบริหารส่วนตำบล,กุดน้ำใส
4933,ร้อยเอ็ด,พนมไพร,องค์การบริหารส่วนตำบล,ค้อใหญ่
4934,ร้อยเอ็ด,พนมไพร,องค์การบริหารส่วนตำบล,คำไฮ
4935,ร้อยเอ็ด,พนมไพร,องค์การบริหารส่วนตำบล,โคกสว่าง
4936,ร้อยเอ็ด,พนมไพร,องค์การบริหารส่วนตำบล,ชานุวรรณ
4937,ร้อยเอ็ด,พนมไพร,องค์การบริหารส่วนตำบล,นานวล
4938,ร้อยเอ็ด,พนมไพร,องค์การบริหารส่วนตำบล,พนมไพร
4939,ร้อยเอ็ด,พนมไพร,องค์การบริหารส่วนตำบล,โพธิ์ใหญ่
4940,ร้อยเอ็ด,พนมไพร,องค์การบริหารส่วนตำบล,วารีสวัสดิ์
4941,ร้อยเอ็ด,พนมไพร,องค์การบริหารส่วนตำบล,สระแก้ว
4942,ร้อยเอ็ด,พนมไพร,องค์การบริหารส่วนตำบล,แสนสุข
4943,ร้อยเอ็ด,พนมไพร,องค์การบริหารส่วนตำบล,หนองทัพไทย
4944,ร้อยเอ็ด,โพธิ์ชัย,องค์การบริหารส่วนตำบล,ขามเปี้ย
4945,ร้อยเอ็ด,โพธิ์ชัย,องค์การบริหารส่วนตำบล,ดอนโอง
4946,ร้อยเอ็ด,โพธิ์ชัย,องค์การบริหารส่วนตำบล,บัวคำ
4947,ร้อยเอ็ด,โพธิ์ชัย,องค์การบริหารส่วนตำบล,โพธิ์ศรี
4948,ร้อยเอ็ด,โพธิ์ชัย,องค์การบริหารส่วนตำบล,สะอาด
4949,ร้อยเอ็ด,โพนทราย,องค์การบริหารส่วนตำบล,ท่าหาดยาว
4950,ร้อยเอ็ด,โพนทราย,องค์การบริหารส่วนตำบล,ยางคำ
4951,ร้อยเอ็ด,โพนทอง,องค์การบริหารส่วนตำบล,คำนาดี
4952,ร้อยเอ็ด,โพนทอง,องค์การบริหารส่วนตำบล,นาอุดม
4953,ร้อยเอ็ด,โพนทอง,องค์การบริหารส่วนตำบล,พรมสวรรค์
4954,ร้อยเอ็ด,โพนทอง,องค์การบริหารส่วนตำบล,วังสามัคคี
4955,ร้อยเอ็ด,โพนทอง,องค์การบริหารส่วนตำบล,สระนกแก้ว
4956,ร้อยเอ็ด,โพนทอง,องค์การบริหารส่วนตำบล,สว่าง
4957,ร้อยเอ็ด,โพนทอง,องค์การบริหารส่วนตำบล,หนองใหญ่
4958,ร้อยเอ็ด,โพนทอง,องค์การบริหารส่วนตำบล,อุ่มเม่า
4959,ร้อยเอ็ด,เมืองร้อยเอ็ด,องค์การบริหารส่วนตำบล,ขอนแก่น
4960,ร้อยเอ็ด,เมืองร้อยเอ็ด,องค์การบริหารส่วนตำบล,แคนใหญ่
4961,ร้อยเอ็ด,เมืองร้อยเอ็ด,องค์การบริหารส่วนตำบล,ดงลาน
4962,ร้อยเอ็ด,เมืองร้อยเอ็ด,องค์การบริหารส่วนตำบล,นาโพธิ์
4963,ร้อยเอ็ด,เมืองร้อยเอ็ด,องค์การบริหารส่วนตำบล,โนนรัง
4964,ร้อยเอ็ด,เมืองร้อยเอ็ด,องค์การบริหารส่วนตำบล,เมืองทอง
4965,ร้อยเอ็ด,เมืองร้อยเอ็ด,องค์การบริหารส่วนตำบล,รอบเมือง
4966,ร้อยเอ็ด,เมืองร้อยเอ็ด,องค์การบริหารส่วนตำบล,สะอาดสมบูรณ์
4967,ร้อยเอ็ด,เมืองร้อยเอ็ด,องค์การบริหารส่วนตำบล,หนองแก้ว
4968,ร้อยเอ็ด,เมืองร้อยเอ็ด,องค์การบริหารส่วนตำบล,หนองแวง
4969,ร้อยเอ็ด,เมืองร้อยเอ็ด,องค์การบริหารส่วนตำบล,เหนือเมือง
4970,ร้อยเอ็ด,ศรีสมเด็จ,องค์การบริหารส่วนตำบล,สวนจิก
4971,ร้อยเอ็ด,ศรีสมเด็จ,องค์การบริหารส่วนตำบล,หนองแวงควง
4972,ร้อยเอ็ด,สุวรรณภูมิ,องค์การบริหารส่วนตำบล,ช้างเผือก
4973,ร้อยเอ็ด,สุวรรณภูมิ,องค์การบริหารส่วนตำบล,ทุ่งศรีเมือง
4974,ร้อยเอ็ด,สุวรรณภูมิ,องค์การบริหารส่วนตำบล,นาใหญ่
4975,ร้อยเอ็ด,สุวรรณภูมิ,องค์การบริหารส่วนตำบล,น้ำคำ
4976,ร้อยเอ็ด,สุวรรณภูมิ,องค์การบริหารส่วนตำบล,บ่อพันขัน
4977,ร้อยเอ็ด,สุวรรณภูมิ,องค์การบริหารส่วนตำบล,เมืองทุ่ง
4978,ร้อยเอ็ด,สุวรรณภูมิ,องค์การบริหารส่วนตำบล,สระคู
4979,ร้อยเอ็ด,สุวรรณภูมิ,องค์การบริหารส่วนตำบล,ห้วยหินลาด
4980,ร้อยเอ็ด,สุวรรณภูมิ,องค์การบริหารส่วนตำบล,หัวช้าง
4981,ร้อยเอ็ด,สุวรรณภูมิ,องค์การบริหารส่วนตำบล,หัวโทน
4982,ร้อยเอ็ด,เสลภูมิ,องค์การบริหารส่วนตำบล,นางาม
4983,ร้อยเอ็ด,เสลภูมิ,องค์การบริหารส่วนตำบล,นาเลิง
4984,ร้อยเอ็ด,เสลภูมิ,องค์การบริหารส่วนตำบล,บึงเกลือ
4985,ร้อยเอ็ด,เสลภูมิ,องค์การบริหารส่วนตำบล,โพธิ์ทอง
4986,ร้อยเอ็ด,เสลภูมิ,องค์การบริหารส่วนตำบล,ภูเงิน
4987,ร้อยเอ็ด,เสลภูมิ,องค์การบริหารส่วนตำบล,ศรีวิลัย
4988,ร้อยเอ็ด,เสลภูมิ,องค์การบริหารส่วนตำบล,เหล่าน้อย
4989,ร้อยเอ็ด,หนองพอก,องค์การบริหารส่วนตำบล,กกโพธิ์
4990,ร้อยเอ็ด,หนองพอก,องค์การบริหารส่วนตำบล,โคกสว่าง
4991,ร้อยเอ็ด,หนองพอก,องค์การบริหารส่วนตำบล,บึงงาม
4992,ร้อยเอ็ด,หนองพอก,องค์การบริหารส่วนตำบล,รอบเมือง
4993,ร้อยเอ็ด,หนองพอก,องค์การบริหารส่วนตำบล,หนองขุ่นใหญ่
4994,ร้อยเอ็ด,หนองพอก,องค์การบริหารส่วนตำบล,หนองพอก
4995,ร้อยเอ็ด,หนองฮี,องค์การบริหารส่วนตำบล,ดูกอึ่ง
4996,ร้อยเอ็ด,หนองฮี,องค์การบริหารส่วนตำบล,เด่นราษฎร์
4997,ร้อยเอ็ด,อาจสามารถ,องค์การบริหารส่วนตำบล,ขี้เหล็ก
4998,ร้อยเอ็ด,อาจสามารถ,องค์การบริหารส่วนตำบล,บ้านแจ้ง
4999,ร้อยเอ็ด,อาจสามารถ,องค์การบริหารส่วนตำบล,บ้านดู่
5000,ร้อยเอ็ด,อาจสามารถ,องค์การบริหารส่วนตำบล,หนองขาม
5001,ร้อยเอ็ด,อาจสามารถ,องค์การบริหารส่วนตำบล,หนองบัว
5002,ร้อยเอ็ด,อาจสามารถ,องค์การบริหารส่วนตำบล,หน่อม
5003,ร้อยเอ็ด,อาจสามารถ,องค์การบริหารส่วนตำบล,โหรา
5004,ร้อยเอ็ด,อาจสามารถ,องค์การบริหารส่วนตำบล,อาจสามารถ
5005,ระนอง,เมืองระนอง,องค์การบริหารส่วนจังหวัด,ระนอง
5006,ระนอง,เมืองระนอง,เทศบาลเมือง,บางริ้น
5007,ระนอง,เมืองระนอง,เทศบาลเมือง,ระนอง
5008,ระนอง,กระบุรี,เทศบาลตำบล,จ.ป.ร.
5009,ระนอง,กระบุรี,เทศบาลตำบล,น้ำจืด
5010,ระนอง,กระบุรี,เทศบาลตำบล,ลำเลียง
5011,ระนอง,กะเปอร์,เทศบาลตำบล,กะเปอร์
5012,ระนอง,เมืองระนอง,เทศบาลตำบล,บางนอน
5013,ระนอง,เมืองระนอง,เทศบาลตำบล,ปากน้ำ
5014,ระนอง,เมืองระนอง,เทศบาลตำบล,ปากน้ำท่าเรือ
5015,ระนอง,เมืองระนอง,เทศบาลตำบล,ราชกรูด
5016,ระนอง,เมืองระนอง,เทศบาลตำบล,หงาว
5017,ระนอง,ละอุ่น,เทศบาลตำบล,บางแก้ว
5018,ระนอง,ละอุ่น,เทศบาลตำบล,ละอุ่น
5019,ระนอง,สุขสำราญ,เทศบาลตำบล,กำพวน
5020,ระนอง,กระบุรี,องค์การบริหารส่วนตำบล,น้ำจืด
5021,ระนอง,กระบุรี,องค์การบริหารส่วนตำบล,น้ำจืดน้อย
5022,ระนอง,กระบุรี,องค์การบริหารส่วนตำบล,บางใหญ่
5023,ระนอง,กระบุรี,องค์การบริหารส่วนตำบล,ปากจั่น
5024,ระนอง,กระบุรี,องค์การบริหารส่วนตำบล,มะมุ
5025,ระนอง,กะเปอร์,องค์การบริหารส่วนตำบล,กะเปอร์
5026,ระนอง,กะเปอร์,องค์การบริหารส่วนตำบล,บางหิน
5027,ระนอง,กะเปอร์,องค์การบริหารส่วนตำบล,บ้านนา
5028,ระนอง,กะเปอร์,องค์การบริหารส่วนตำบล,ม่วงกลวง
5029,ระนอง,เมืองระนอง,องค์การบริหารส่วนตำบล,เกาะพยาม
5030,ระนอง,เมืองระนอง,องค์การบริหารส่วนตำบล,ทรายแดง
5031,ระนอง,เมืองระนอง,องค์การบริหารส่วนตำบล,หงาว
5032,ระนอง,เมืองระนอง,องค์การบริหารส่วนตำบล,หาดส้มแป้น
5033,ระนอง,ละอุ่น,องค์การบริหารส่วนตำบล,บางพระเหนือ
5034,ระนอง,ละอุ่น,องค์การบริหารส่วนตำบล,ละอุ่นเหนือ
5035,ระนอง,สุขสำราญ,องค์การบริหารส่วนตำบล,นาคา
5036,ระยอง,เมืองระยอง,องค์การบริหารส่วนจังหวัด,ระยอง
5037,ระยอง,เมืองระยอง,เทศบาลนคร,มาบตาพุด
5038,ระยอง,เมืองระยอง,เทศบาลนคร,ระยอง
5039,ระยอง,นิคมพัฒนา,เทศบาลเมือง,นิคมพัฒนา
5040,ระยอง,นิคมพัฒนา,เทศบาลเมือง,มะขามคู่
5041,ระยอง,บ้านฉาง,เทศบาลเมือง,บ้านฉาง
5042,ระยอง,เมืองระยอง,เทศบาลเมือง,เนินพระ
5043,ระยอง,แกลง,เทศบาลตำบล,กองดิน
5044,ระยอง,แกลง,เทศบาลตำบล,ทุ่งควายกิน
5045,ระยอง,แกลง,เทศบาลตำบล,เนินฆ้อ
5046,ระยอง,แกลง,เทศบาลตำบล,บ้านนา
5047,ระยอง,แกลง,เทศบาลตำบล,ปากน้ำประแส
5048,ระยอง,แกลง,เทศบาลตำบล,เมืองแกลง
5049,ระยอง,แกลง,เทศบาลตำบล,สองสลึง
5050,ระยอง,แกลง,เทศบาลตำบล,สุนทรภู่
5051,ระยอง,เขาชะเมา,เทศบาลตำบล,ชำฆ้อ
5052,ระยอง,นิคมพัฒนา,เทศบาลตำบล,พนานิคม
5053,ระยอง,นิคมพัฒนา,เทศบาลตำบล,มาบข่าพัฒนา
5054,ระยอง,บ้านค่าย,เทศบาลตำบล,ชากบก
5055,ระยอง,บ้านค่าย,เทศบาลตำบล,บ้านค่าย
5056,ระยอง,บ้านค่าย,เทศบาลตำบล,บ้านค่ายพัฒนา
5057,ระยอง,บ้านค่าย,เทศบาลตำบล,หนองบัว
5058,ระยอง,บ้านฉาง,เทศบาลตำบล,ชากหมาก
5059,ระยอง,บ้านฉาง,เทศบาลตำบล,บ้านฉาง
5060,ระยอง,บ้านฉาง,เทศบาลตำบล,พลา
5061,ระยอง,บ้านฉาง,เทศบาลตำบล,สำนักท้อน
5062,ระยอง,ปลวกแดง,เทศบาลตำบล,จอมพลเจ้าพระยา
5063,ระยอง,ปลวกแดง,เทศบาลตำบล,บ้านปลวกแดง
5064,ระยอง,ปลวกแดง,เทศบาลตำบล,ปลวกแดง
5065,ระยอง,ปลวกแดง,เทศบาลตำบล,แม่น้ำคู้
5066,ระยอง,เมืองระยอง,เทศบาลตำบล,แกลงกะเฉด
5067,ระยอง,เมืองระยอง,เทศบาลตำบล,เชิงเนิน
5068,ระยอง,เมืองระยอง,เทศบาลตำบล,ทับมา
5069,ระยอง,เมืองระยอง,เทศบาลตำบล,นาตาขวัญ
5070,ระยอง,เมืองระยอง,เทศบาลตำบล,น้ำคอก
5071,ระยอง,เมืองระยอง,เทศบาลตำบล,บ้านเพ
5072,ระยอง,วังจันทร์,เทศบาลตำบล,ชุมแสง
5073,ระยอง,แกลง,องค์การบริหารส่วนตำบล,กระแสบน
5074,ระยอง,แกลง,องค์การบริหารส่วนตำบล,กองดิน
5075,ระยอง,แกลง,องค์การบริหารส่วนตำบล,คลองปูน
5076,ระยอง,แกลง,องค์การบริหารส่วนตำบล,ชากโดน
5077,ระยอง,แกลง,องค์การบริหารส่วนตำบล,ทางเกวียน
5078,ระยอง,แกลง,องค์การบริหารส่วนตำบล,ทุ่งควายกิน
5079,ระยอง,แกลง,องค์การบริหารส่วนตำบล,พังราด
5080,ระยอง,แกลง,องค์การบริหารส่วนตำบล,วังหว้า
5081,ระยอง,แกลง,องค์การบริหารส่วนตำบล,ห้วยยาง
5082,ระยอง,เขาชะเมา,องค์การบริหารส่วนตำบล,เขาชะเมา
5083,ระยอง,เขาชะเมา,องค์การบริหารส่วนตำบล,เขาน้อย
5084,ระยอง,เขาชะเมา,องค์การบริหารส่วนตำบล,น้ำเป็น
5085,ระยอง,นิคมพัฒนา,องค์การบริหารส่วนตำบล,นิคมพัฒนา
5086,ระยอง,บ้านค่าย,องค์การบริหารส่วนตำบล,ตาขัน
5087,ระยอง,บ้านค่าย,องค์การบริหารส่วนตำบล,บางบุตร
5088,ระยอง,บ้านค่าย,องค์การบริหารส่วนตำบล,หนองตะพาน
5089,ระยอง,บ้านค่าย,องค์การบริหารส่วนตำบล,หนองละลอก
5090,ระยอง,ปลวกแดง,องค์การบริหารส่วนตำบล,ตาสิทธิ์
5091,ระยอง,ปลวกแดง,องค์การบริหารส่วนตำบล,มาบยางพร
5092,ระยอง,ปลวกแดง,องค์การบริหารส่วนตำบล,ละหาร
5093,ระยอง,ปลวกแดง,องค์การบริหารส่วนตำบล,หนองไร่
5094,ระยอง,เมืองระยอง,องค์การบริหารส่วนตำบล,กะเฉด
5095,ระยอง,เมืองระยอง,องค์การบริหารส่วนตำบล,แกลง
5096,ระยอง,เมืองระยอง,องค์การบริหารส่วนตำบล,ตะพง
5097,ระยอง,เมืองระยอง,องค์การบริหารส่วนตำบล,บ้านแลง
5098,ระยอง,เมืองระยอง,องค์การบริหารส่วนตำบล,เพ
5099,ระยอง,เมืองระยอง,องค์การบริหารส่วนตำบล,สำนักทอง
5100,ระยอง,วังจันทร์,องค์การบริหารส่วนตำบล,ชุมแสง
5101,ระยอง,วังจันทร์,องค์การบริหารส่วนตำบล,ป่ายุบใน
5102,ระยอง,วังจันทร์,องค์การบริหารส่วนตำบล,พลงตาเอี่ยม
5103,ระยอง,วังจันทร์,องค์การบริหารส่วนตำบล,วังจันทร์
5104,ราชบุรี,เมืองราชบุรี,องค์การบริหารส่วนจังหวัด,ราชบุรี
5105,ราชบุรี,จอมบึง,เทศบาลเมือง,จอมพล
5106,ราชบุรี,บ้านโป่ง,เทศบาลเมือง,ท่าผา
5107,ราชบุรี,บ้านโป่ง,เทศบาลเมือง,บ้านโป่ง
5108,ราชบุรี,โพธาราม,เทศบาลเมือง,โพธาราม
5109,ราชบุรี,เมืองราชบุรี,เทศบาลเมือง,ราชบุรี
5110,ราชบุรี,จอมบึง,เทศบาลตำบล,จอมบึง
5111,ราชบุรี,จอมบึง,เทศบาลตำบล,ด่านทับตะโก
5112,ราชบุรี,ดำเนินสะดวก,เทศบาลตำบล,ดำเนินสะดวก
5113,ราชบุรี,ดำเนินสะดวก,เทศบาลตำบล,บัวงาม
5114,ราชบุรี,ดำเนินสะดวก,เทศบาลตำบล,บ้านไร่
5115,ราชบุรี,ดำเนินสะดวก,เทศบาลตำบล,ประสาทสิทธิ์
5116,ราชบุรี,ดำเนินสะดวก,เทศบาลตำบล,ศรีดอนไผ่
5117,ราชบุรี,บางแพ,เทศบาลตำบล,บางแพ
5118,ราชบุรี,บางแพ,เทศบาลตำบล,โพหัก
5119,ราชบุรี,บ้านโป่ง,เทศบาลตำบล,กระจับ
5120,ราชบุรี,บ้านโป่ง,เทศบาลตำบล,กรับใหญ่
5121,ราชบุรี,บ้านโป่ง,เทศบาลตำบล,เบิกไพร
5122,ราชบุรี,บ้านโป่ง,เทศบาลตำบล,ห้วยกระบอก
5123,ราชบุรี,ปากท่อ,เทศบาลตำบล,ทุ่งหลวง
5124,ราชบุรี,ปากท่อ,เทศบาลตำบล,ปากท่อ
5125,ราชบุรี,โพธาราม,เทศบาลตำบล,เขาขวาง
5126,ราชบุรี,โพธาราม,เทศบาลตำบล,คลองตาคต
5127,ราชบุรี,โพธาราม,เทศบาลตำบล,เจ็ดเสมียน
5128,ราชบุรี,โพธาราม,เทศบาลตำบล,ดอนทราย
5129,ราชบุรี,โพธาราม,เทศบาลตำบล,ท่าชุมพล
5130,ราชบุรี,โพธาราม,เทศบาลตำบล,บ้านฆ้อง
5131,ราชบุรี,โพธาราม,เทศบาลตำบล,บ้านเลือก
5132,ราชบุรี,โพธาราม,เทศบาลตำบล,บ้านสิงห์
5133,ราชบุรี,โพธาราม,เทศบาลตำบล,หนองโพ
5134,ราชบุรี,เมืองราชบุรี,เทศบาลตำบล,เขางู
5135,ราชบุรี,เมืองราชบุรี,เทศบาลตำบล,คุ้งกระถิน
5136,ราชบุรี,เมืองราชบุรี,เทศบาลตำบล,คุ้งน้ำวน
5137,ราชบุรี,เมืองราชบุรี,เทศบาลตำบล,หลักเมือง
5138,ราชบุรี,เมืองราชบุรี,เทศบาลตำบล,หลุมดิน
5139,ราชบุรี,เมืองราชบุรี,เทศบาลตำบล,ห้วยชินสีห์
5140,ราชบุรี,เมืองราชบุรี,เทศบาลตำบล,ห้วยไผ่
5141,ราชบุรี,เมืองราชบุรี,เทศบาลตำบล,หินกอง
5142,ราชบุรี,วัดเพลง,เทศบาลตำบล,วัดเพลง
5143,ราชบุรี,สวนผึ้ง,เทศบาลตำบล,บ้านชัฎป่าหวาย
5144,ราชบุรี,สวนผึ้ง,เทศบาลตำบล,สวนผึ้ง
5145,ราชบุรี,จอมบึง,องค์การบริหารส่วนตำบล,แก้มอ้น
5146,ราชบุรี,จอมบึง,องค์การบริหารส่วนตำบล,ด่านทับตะโก
5147,ราชบุรี,จอมบึง,องค์การบริหารส่วนตำบล,เบิกไพร
5148,ราชบุรี,จอมบึง,องค์การบริหารส่วนตำบล,ปากช่อง
5149,ราชบุรี,จอมบึง,องค์การบริหารส่วนตำบล,รางบัว
5150,ราชบุรี,ดำเนินสะดวก,องค์การบริหารส่วนตำบล,ขุนพิทักษ์
5151,ราชบุรี,ดำเนินสะดวก,องค์การบริหารส่วนตำบล,ดอนกรวย
5152,ราชบุรี,ดำเนินสะดวก,องค์การบริหารส่วนตำบล,ดอนคลัง
5153,ราชบุรี,ดำเนินสะดวก,องค์การบริหารส่วนตำบล,ดอนไผ่
5154,ราชบุรี,ดำเนินสะดวก,องค์การบริหารส่วนตำบล,ตาหลวง
5155,ราชบุรี,ดำเนินสะดวก,องค์การบริหารส่วนตำบล,ท่านัด
5156,ราชบุรี,ดำเนินสะดวก,องค์การบริหารส่วนตำบล,แพงพวย
5157,ราชบุรี,ดำเนินสะดวก,องค์การบริหารส่วนตำบล,สี่หมื่น
5158,ราชบุรี,บางแพ,องค์การบริหารส่วนตำบล,ดอนคา
5159,ราชบุรี,บางแพ,องค์การบริหารส่วนตำบล,ดอนใหญ่
5160,ราชบุรี,บางแพ,องค์การบริหารส่วนตำบล,วัดแก้ว
5161,ราชบุรี,บางแพ,องค์การบริหารส่วนตำบล,หัวโพ
5162,ราชบุรี,บ้านคา,องค์การบริหารส่วนตำบล,บ้านคา
5163,ราชบุรี,บ้านคา,องค์การบริหารส่วนตำบล,บ้านบึง
5164,ราชบุรี,บ้านคา,องค์การบริหารส่วนตำบล,หนองพันจันทร์
5165,ราชบุรี,บ้านโป่ง,องค์การบริหารส่วนตำบล,เขาขลุง
5166,ราชบุรี,บ้านโป่ง,องค์การบริหารส่วนตำบล,คุ้งพยอม
5167,ราชบุรี,บ้านโป่ง,องค์การบริหารส่วนตำบล,ดอนกระเบื้อง
5168,ราชบุรี,บ้านโป่ง,องค์การบริหารส่วนตำบล,นครชุมน์
5169,ราชบุรี,บ้านโป่ง,องค์การบริหารส่วนตำบล,บ้านม่วง
5170,ราชบุรี,บ้านโป่ง,องค์การบริหารส่วนตำบล,ปากแรต
5171,ราชบุรี,บ้านโป่ง,องค์การบริหารส่วนตำบล,ลาดบัวขาว
5172,ราชบุรี,บ้านโป่ง,องค์การบริหารส่วนตำบล,สวนกล้วย
5173,ราชบุรี,บ้านโป่ง,องค์การบริหารส่วนตำบล,หนองกบ
5174,ราชบุรี,บ้านโป่ง,องค์การบริหารส่วนตำบล,หนองปลาหมอ
5175,ราชบุรี,บ้านโป่ง,องค์การบริหารส่วนตำบล,หนองอ้อ
5176,ราชบุรี,ปากท่อ,องค์การบริหารส่วนตำบล,ดอนทราย
5177,ราชบุรี,ปากท่อ,องค์การบริหารส่วนตำบล,บ่อกระดาน
5178,ราชบุรี,ปากท่อ,องค์การบริหารส่วนตำบล,ปากท่อ
5179,ราชบุรี,ปากท่อ,องค์การบริหารส่วนตำบล,ป่าไก่
5180,ราชบุรี,ปากท่อ,องค์การบริหารส่วนตำบล,ยางหัก
5181,ราชบุรี,ปากท่อ,องค์การบริหารส่วนตำบล,วังมะนาว
5182,ราชบุรี,ปากท่อ,องค์การบริหารส่วนตำบล,วัดยางงาม
5183,ราชบุรี,ปากท่อ,องค์การบริหารส่วนตำบล,หนองกระทุ่ม
5184,ราชบุรี,ปากท่อ,องค์การบริหารส่วนตำบล,ห้วยยางโทน
5185,ราชบุรี,ปากท่อ,องค์การบริหารส่วนตำบล,อ่างหิน
5186,ราชบุรี,โพธาราม,องค์การบริหารส่วนตำบล,เขาชะงุ้ม
5187,ราชบุรี,โพธาราม,องค์การบริหารส่วนตำบล,คลองข่อย
5188,ราชบุรี,โพธาราม,องค์การบริหารส่วนตำบล,ชำแระ
5189,ราชบุรี,โพธาราม,องค์การบริหารส่วนตำบล,ดอนกระเบื้อง
5190,ราชบุรี,โพธาราม,องค์การบริหารส่วนตำบล,เตาปูน
5191,ราชบุรี,โพธาราม,องค์การบริหารส่วนตำบล,ธรรมเสน
5192,ราชบุรี,โพธาราม,องค์การบริหารส่วนตำบล,บางโตนด
5193,ราชบุรี,โพธาราม,องค์การบริหารส่วนตำบล,สร้อยฟ้า
5194,ราชบุรี,โพธาราม,องค์การบริหารส่วนตำบล,หนองกวาง
5195,ราชบุรี,โพธาราม,องค์การบริหารส่วนตำบล,หนองโพ
5196,ราชบุรี,เมืองราชบุรี,องค์การบริหารส่วนตำบล,เกาะพลับพลา
5197,ราชบุรี,เมืองราชบุรี,องค์การบริหารส่วนตำบล,เขาแร้ง
5198,ราชบุรี,เมืองราชบุรี,องค์การบริหารส่วนตำบล,คูบัว
5199,ราชบุรี,เมืองราชบุรี,องค์การบริหารส่วนตำบล,เจดีย์หัก
5200,ราชบุรี,เมืองราชบุรี,องค์การบริหารส่วนตำบล,ดอนตะโก
5201,ราชบุรี,เมืองราชบุรี,องค์การบริหารส่วนตำบล,ดอนแร่
5202,ราชบุรี,เมืองราชบุรี,องค์การบริหารส่วนตำบล,ท่าราบ
5203,ราชบุรี,เมืองราชบุรี,องค์การบริหารส่วนตำบล,น้ำพุ
5204,ราชบุรี,เมืองราชบุรี,องค์การบริหารส่วนตำบล,บางป่า
5205,ราชบุรี,เมืองราชบุรี,องค์การบริหารส่วนตำบล,บ้านไร่
5206,ราชบุรี,เมืองราชบุรี,องค์การบริหารส่วนตำบล,พิกุลทอง
5207,ราชบุรี,เมืองราชบุรี,องค์การบริหารส่วนตำบล,สามเรือน
5208,ราชบุรี,เมืองราชบุรี,องค์การบริหารส่วนตำบล,หนองกลางนา
5209,ราชบุรี,วัดเพลง,องค์การบริหารส่วนตำบล,เกาะศาลพระ
5210,ราชบุรี,วัดเพลง,องค์การบริหารส่วนตำบล,จอมประทัด
5211,ราชบุรี,วัดเพลง,องค์การบริหารส่วนตำบล,วัดเพลง
5212,ราชบุรี,สวนผึ้ง,องค์การบริหารส่วนตำบล,ตะนาวศรี
5213,ราชบุรี,สวนผึ้ง,องค์การบริหารส่วนตำบล,ท่าเคย
5214,ราชบุรี,สวนผึ้ง,องค์การบริหารส่วนตำบล,ป่าหวาย
5215,ราชบุรี,สวนผึ้ง,องค์การบริหารส่วนตำบล,สวนผึ้ง
5216,ลพบุรี,เมืองลพบุรี,องค์การบริหารส่วนจังหวัด,ลพบุรี
5217,ลพบุรี,บ้านหมี่,เทศบาลเมือง,บ้านหมี่
5218,ลพบุรี,เมืองลพบุรี,เทศบาลเมือง,เขาสามยอด
5219,ลพบุรี,เมืองลพบุรี,เทศบาลเมือง,ลพบุรี
5220,ลพบุรี,โคกสำโรง,เทศบาลตำบล,โคกสำโรง
5221,ลพบุรี,ชัยบาดาล,เทศบาลตำบล,ลำนารายณ์
5222,ลพบุรี,ท่าวุ้ง,เทศบาลตำบล,โคกสลุด
5223,ลพบุรี,ท่าวุ้ง,เทศบาลตำบล,ท่าโขลง
5224,ลพบุรี,ท่าวุ้ง,เทศบาลตำบล,ท่าวุ้ง
5225,ลพบุรี,ท่าวุ้ง,เทศบาลตำบล,บางงา
5226,ลพบุรี,ท่าวุ้ง,เทศบาลตำบล,โพตลาดแก้ว
5227,ลพบุรี,ท่าหลวง,เทศบาลตำบล,บ้านท่าหลวง
5228,ลพบุรี,พัฒนานิคม,เทศบาลตำบล,แก่งเสือเต้น
5229,ลพบุรี,พัฒนานิคม,เทศบาลตำบล,เขาพระยาเดินธง
5230,ลพบุรี,พัฒนานิคม,เทศบาลตำบล,ดีลัง
5231,ลพบุรี,พัฒนานิคม,เทศบาลตำบล,พัฒนานิคม
5232,ลพบุรี,เมืองลพบุรี,เทศบาลตำบล,กกโก
5233,ลพบุรี,เมืองลพบุรี,เทศบาลตำบล,เขาพระงาม
5234,ลพบุรี,เมืองลพบุรี,เทศบาลตำบล,โคกตูม
5235,ลพบุรี,เมืองลพบุรี,เทศบาลตำบล,ถนนใหญ่
5236,ลพบุรี,เมืองลพบุรี,เทศบาลตำบล,ท่าแค
5237,ลพบุรี,เมืองลพบุรี,เทศบาลตำบล,ท่าศาลา
5238,ลพบุรี,เมืองลพบุรี,เทศบาลตำบล,ป่าตาล
5239,ลพบุรี,เมืองลพบุรี,เทศบาลตำบล,พรหมมาสตร์
5240,ลพบุรี,สระโบสถ์,เทศบาลตำบล,สระโบสถ์
5241,ลพบุรี,หนองม่วง,เทศบาลตำบล,หนองม่วง
5242,ลพบุรี,โคกเจริญ,องค์การบริหารส่วนตำบล,โคกเจริญ
5243,ลพบุรี,โคกเจริญ,องค์การบริหารส่วนตำบล,โคกแสมสาร
5244,ลพบุรี,โคกเจริญ,องค์การบริหารส่วนตำบล,ยางราก
5245,ลพบุรี,โคกเจริญ,องค์การบริหารส่วนตำบล,วังทอง
5246,ลพบุรี,โคกเจริญ,องค์การบริหารส่วนตำบล,หนองมะค่า
5247,ลพบุรี,โคกสำโรง,องค์การบริหารส่วนตำบล,เกาะแก้ว
5248,ลพบุรี,โคกสำโรง,องค์การบริหารส่วนตำบล,คลองเกตุ
5249,ลพบุรี,โคกสำโรง,องค์การบริหารส่วนตำบล,โคกสำโรง
5250,ลพบุรี,โคกสำโรง,องค์การบริหารส่วนตำบล,ดงมะรุม
5251,ลพบุรี,โคกสำโรง,องค์การบริหารส่วนตำบล,ถลุงเหล็ก
5252,ลพบุรี,โคกสำโรง,องค์การบริหารส่วนตำบล,เพนียด
5253,ลพบุรี,โคกสำโรง,องค์การบริหารส่วนตำบล,วังขอนขว้าง
5254,ลพบุรี,โคกสำโรง,องค์การบริหารส่วนตำบล,วังจั่น
5255,ลพบุรี,โคกสำโรง,องค์การบริหารส่วนตำบล,วังเพลิง
5256,ลพบุรี,โคกสำโรง,องค์การบริหารส่วนตำบล,สะแกราบ
5257,ลพบุรี,โคกสำโรง,องค์การบริหารส่วนตำบล,หนองแขม
5258,ลพบุรี,โคกสำโรง,องค์การบริหารส่วนตำบล,หลุมข้าว
5259,ลพบุรี,โคกสำโรง,องค์การบริหารส่วนตำบล,ห้วยโป่ง
5260,ลพบุรี,ชัยบาดาล,องค์การบริหารส่วนตำบล,เกาะรัง
5261,ลพบุรี,ชัยบาดาล,องค์การบริหารส่วนตำบล,เขาแหลม
5262,ลพบุรี,ชัยบาดาล,องค์การบริหารส่วนตำบล,ชัยนารายณ์
5263,ลพบุรี,ชัยบาดาล,องค์การบริหารส่วนตำบล,ชัยบาดาล
5264,ลพบุรี,ชัยบาดาล,องค์การบริหารส่วนตำบล,ซับตะเคียน
5265,ลพบุรี,ชัยบาดาล,องค์การบริหารส่วนตำบล,ท่าดินดำ
5266,ลพบุรี,ชัยบาดาล,องค์การบริหารส่วนตำบล,ท่ามะนาว
5267,ลพบุรี,ชัยบาดาล,องค์การบริหารส่วนตำบล,นาโสม
5268,ลพบุรี,ชัยบาดาล,องค์การบริหารส่วนตำบล,นิคมลำนารายณ์
5269,ลพบุรี,ชัยบาดาล,องค์การบริหารส่วนตำบล,บัวชุม
5270,ลพบุรี,ชัยบาดาล,องค์การบริหารส่วนตำบล,บ้านใหม่สามัคคี
5271,ลพบุรี,ชัยบาดาล,องค์การบริหารส่วนตำบล,ม่วงค่อม
5272,ลพบุรี,ชัยบาดาล,องค์การบริหารส่วนตำบล,ลำนารายณ์
5273,ลพบุรี,ชัยบาดาล,องค์การบริหารส่วนตำบล,ศิลาทิพย์
5274,ลพบุรี,ชัยบาดาล,องค์การบริหารส่วนตำบล,หนองยายโต๊ะ
5275,ลพบุรี,ชัยบาดาล,องค์การบริหารส่วนตำบล,ห้วยหิน
5276,ลพบุรี,ท่าวุ้ง,องค์การบริหารส่วนตำบล,เขาสมอคอน
5277,ลพบุรี,ท่าวุ้ง,องค์การบริหารส่วนตำบล,ท่าวุ้ง
5278,ลพบุรี,ท่าวุ้ง,องค์การบริหารส่วนตำบล,บางคู้
5279,ลพบุรี,ท่าวุ้ง,องค์การบริหารส่วนตำบล,บางลี่
5280,ลพบุรี,ท่าวุ้ง,องค์การบริหารส่วนตำบล,บ้านเบิก
5281,ลพบุรี,ท่าวุ้ง,องค์การบริหารส่วนตำบล,มุจลินท์
5282,ลพบุรี,ท่าวุ้ง,องค์การบริหารส่วนตำบล,หัวสำโรง
5283,ลพบุรี,ท่าหลวง,องค์การบริหารส่วนตำบล,แก่งผักกูด
5284,ลพบุรี,ท่าหลวง,องค์การบริหารส่วนตำบล,ซับจำปา
5285,ลพบุรี,ท่าหลวง,องค์การบริหารส่วนตำบล,ท่าหลวง
5286,ลพบุรี,ท่าหลวง,องค์การบริหารส่วนตำบล,หนองผักแว่น
5287,ลพบุรี,ท่าหลวง,องค์การบริหารส่วนตำบล,หัวลำ
5288,ลพบุรี,บ้านหมี่,องค์การบริหารส่วนตำบล,ชอนม่วง
5289,ลพบุรี,บ้านหมี่,องค์การบริหารส่วนตำบล,เชียงงา
5290,ลพบุรี,บ้านหมี่,องค์การบริหารส่วนตำบล,ดอนดึง
5291,ลพบุรี,บ้านหมี่,องค์การบริหารส่วนตำบล,บางกะพี้ดงพลับ
5292,ลพบุรี,บ้านหมี่,องค์การบริหารส่วนตำบล,บางขาม
5293,ลพบุรี,บ้านหมี่,องค์การบริหารส่วนตำบล,บางพึ่ง
5294,ลพบุรี,บ้านหมี่,องค์การบริหารส่วนตำบล,บ้านกล้วย
5295,ลพบุรี,บ้านหมี่,องค์การบริหารส่วนตำบล,บ้านชี
5296,ลพบุรี,บ้านหมี่,องค์การบริหารส่วนตำบล,บ้านทราย
5297,ลพบุรี,บ้านหมี่,องค์การบริหารส่วนตำบล,ไผ่ใหญ่
5298,ลพบุรี,บ้านหมี่,องค์การบริหารส่วนตำบล,พุคา
5299,ลพบุรี,บ้านหมี่,องค์การบริหารส่วนตำบล,โพนทอง
5300,ลพบุรี,บ้านหมี่,องค์การบริหารส่วนตำบล,มหาสอน
5301,ลพบุรี,บ้านหมี่,องค์การบริหารส่วนตำบล,สนามแจง
5302,ลพบุรี,บ้านหมี่,องค์การบริหารส่วนตำบล,สายห้วยแก้ว
5303,ลพบุรี,บ้านหมี่,องค์การบริหารส่วนตำบล,หนองกระเบียน
5304,ลพบุรี,บ้านหมี่,องค์การบริหารส่วนตำบล,หนองเต่า
5305,ลพบุรี,บ้านหมี่,องค์การบริหารส่วนตำบล,หนองทรายขาว
5306,ลพบุรี,บ้านหมี่,องค์การบริหารส่วนตำบล,หนองเมือง
5307,ลพบุรี,บ้านหมี่,องค์การบริหารส่วนตำบล,หินปัก
5308,ลพบุรี,พัฒนานิคม,องค์การบริหารส่วนตำบล,โคกสลุง
5309,ลพบุรี,พัฒนานิคม,องค์การบริหารส่วนตำบล,ช่องสาริกา
5310,ลพบุรี,พัฒนานิคม,องค์การบริหารส่วนตำบล,ชอนน้อย
5311,ลพบุรี,พัฒนานิคม,องค์การบริหารส่วนตำบล,น้ำสุด
5312,ลพบุรี,พัฒนานิคม,องค์การบริหารส่วนตำบล,มะนาวหวาน
5313,ลพบุรี,พัฒนานิคม,องค์การบริหารส่วนตำบล,หนองบัว
5314,ลพบุรี,พัฒนานิคม,องค์การบริหารส่วนตำบล,ห้วยขุนราม
5315,ลพบุรี,เมืองลพบุรี,องค์การบริหารส่วนตำบล,โก่งธนู
5316,ลพบุรี,เมืองลพบุรี,องค์การบริหารส่วนตำบล,โคกกะเทียม
5317,ลพบุรี,เมืองลพบุรี,องค์การบริหารส่วนตำบล,โคกลำพาน
5318,ลพบุรี,เมืองลพบุรี,องค์การบริหารส่วนตำบล,งิ้วราย
5319,ลพบุรี,เมืองลพบุรี,องค์การบริหารส่วนตำบล,ดอนโพธิ์
5320,ลพบุรี,เมืองลพบุรี,องค์การบริหารส่วนตำบล,ตะลุง
5321,ลพบุรี,เมืองลพบุรี,องค์การบริหารส่วนตำบล,ทะเลชุบศร
5322,ลพบุรี,เมืองลพบุรี,องค์การบริหารส่วนตำบล,ท้ายตลาด
5323,ลพบุรี,เมืองลพบุรี,องค์การบริหารส่วนตำบล,บางขันหมาก
5324,ลพบุรี,เมืองลพบุรี,องค์การบริหารส่วนตำบล,บ้านข่อย
5325,ลพบุรี,เมืองลพบุรี,องค์การบริหารส่วนตำบล,โพธิ์เก้าต้น
5326,ลพบุรี,เมืองลพบุรี,องค์การบริหารส่วนตำบล,โพธิ์ตรุ
5327,ลพบุรี,ลำสนธิ,องค์การบริหารส่วนตำบล,กุดตาเพชร
5328,ลพบุรี,ลำสนธิ,องค์การบริหารส่วนตำบล,เขาน้อย
5329,ลพบุรี,ลำสนธิ,องค์การบริหารส่วนตำบล,เขารวก
5330,ลพบุรี,ลำสนธิ,องค์การบริหารส่วนตำบล,ซับสมบูรณ์
5331,ลพบุรี,ลำสนธิ,องค์การบริหารส่วนตำบล,ลำสนธิ
5332,ลพบุรี,ลำสนธิ,องค์การบริหารส่วนตำบล,หนองรี
5333,ลพบุรี,สระโบสถ์,องค์การบริหารส่วนตำบล,ทุ่งท่าช้าง
5334,ลพบุรี,สระโบสถ์,องค์การบริหารส่วนตำบล,นิยมชัย
5335,ลพบุรี,สระโบสถ์,องค์การบริหารส่วนตำบล,มหาโพธิ
5336,ลพบุรี,หนองม่วง,องค์การบริหารส่วนตำบล,ชอนสมบูรณ์
5337,ลพบุรี,หนองม่วง,องค์การบริหารส่วนตำบล,ชอนสารเดช
5338,ลพบุรี,หนองม่วง,องค์การบริหารส่วนตำบล,ดงดินแดง
5339,ลพบุรี,หนองม่วง,องค์การบริหารส่วนตำบล,บ่อทอง
5340,ลพบุรี,หนองม่วง,องค์การบริหารส่วนตำบล,ยางโทน
5341,ลพบุรี,หนองม่วง,องค์การบริหารส่วนตำบล,หนองม่วง
5342,ลำปาง,เกาะคา,องค์การบริหารส่วนจังหวัด,ลำปาง
5343,ลำปาง,เมืองลำปาง,เทศบาลนคร,ลำปาง
5344,ลำปาง,เถิน,เทศบาลเมือง,ล้อมแรด
5345,ลำปาง,เมืองลำปาง,เทศบาลเมือง,เขลางค์นคร
5346,ลำปาง,เมืองลำปาง,เทศบาลเมือง,พิชัย
5347,ลำปาง,เกาะคา,เทศบาลตำบล,เกาะคา
5348,ลำปาง,เกาะคา,เทศบาลตำบล,เกาะคาแม่ยาว
5349,ลำปาง,เกาะคา,เทศบาลตำบล,ท่าผา
5350,ลำปาง,เกาะคา,เทศบาลตำบล,นาแก้ว
5351,ลำปาง,เกาะคา,เทศบาลตำบล,ลำปางหลวง
5352,ลำปาง,เกาะคา,เทศบาลตำบล,วังพร้าว
5353,ลำปาง,เกาะคา,เทศบาลตำบล,ศาลา
5354,ลำปาง,เกาะคา,เทศบาลตำบล,ไหล่หิน
5355,ลำปาง,งาว,เทศบาลตำบล,หลวงใต้
5356,ลำปาง,งาว,เทศบาลตำบล,หลวงเหนือ
5357,ลำปาง,แจ้ห่ม,เทศบาลตำบล,แจ้ห่ม
5358,ลำปาง,แจ้ห่ม,เทศบาลตำบล,ทุ่งผึ้ง
5359,ลำปาง,แจ้ห่ม,เทศบาลตำบล,บ้านสา
5360,ลำปาง,เถิน,เทศบาลตำบล,เถินบุรี
5361,ลำปาง,เถิน,เทศบาลตำบล,แม่มอก
5362,ลำปาง,เถิน,เทศบาลตำบล,เวียงมอก
5363,ลำปาง,เมืองปาน,เทศบาลตำบล,บ้านขอ
5364,ลำปาง,เมืองปาน,เทศบาลตำบล,เมืองปาน
5365,ลำปาง,เมืองลำปาง,เทศบาลตำบล,ต้นธงชัย
5366,ลำปาง,เมืองลำปาง,เทศบาลตำบล,บ่อแฮ้ว
5367,ลำปาง,เมืองลำปาง,เทศบาลตำบล,บ่อแฮ้วหนองกระทิง
5368,ลำปาง,แม่ทะ,เทศบาลตำบล,นาครัว
5369,ลำปาง,แม่ทะ,เทศบาลตำบล,น้ำโจ้
5370,ลำปาง,แม่ทะ,เทศบาลตำบล,ป่าตันนาครัว
5371,ลำปาง,แม่ทะ,เทศบาลตำบล,แม่ทะ
5372,ลำปาง,แม่ทะ,เทศบาลตำบล,สิริราช
5373,ลำปาง,แม่พริก,เทศบาลตำบล,พระบาทวังตวง
5374,ลำปาง,แม่พริก,เทศบาลตำบล,แม่ปุ
5375,ลำปาง,แม่พริก,เทศบาลตำบล,แม่พริก
5376,ลำปาง,แม่เมาะ,เทศบาลตำบล,แม่เมาะ
5377,ลำปาง,วังเหนือ,เทศบาลตำบล,บ้านใหม่
5378,ลำปาง,วังเหนือ,เทศบาลตำบล,วังเหนือ
5379,ลำปาง,สบปราบ,เทศบาลตำบล,สบปราบ
5380,ลำปาง,เสริมงาม,เทศบาลตำบล,ทุ่งงาม
5381,ลำปาง,เสริมงาม,เทศบาลตำบล,เสริมงาม
5382,ลำปาง,เสริมงาม,เทศบาลตำบล,เสริมซ้าย
5383,ลำปาง,ห้างฉัตร,เทศบาลตำบล,ปงยางคก
5384,ลำปาง,ห้างฉัตร,เทศบาลตำบล,เมืองยาว
5385,ลำปาง,ห้างฉัตร,เทศบาลตำบล,เวียงตาล
5386,ลำปาง,ห้างฉัตร,เทศบาลตำบล,ห้างฉัตร
5387,ลำปาง,ห้างฉัตร,เทศบาลตำบล,ห้างฉัตรแม่ตาล
5388,ลำปาง,เกาะคา,องค์การบริหารส่วนตำบล,นาแส่ง
5389,ลำปาง,เกาะคา,องค์การบริหารส่วนตำบล,ใหม่พัฒนา
5390,ลำปาง,งาว,องค์การบริหารส่วนตำบล,นาแก
5391,ลำปาง,งาว,องค์การบริหารส่วนตำบล,บ้านโป่ง
5392,ลำปาง,งาว,องค์การบริหารส่วนตำบล,บ้านร้อง
5393,ลำปาง,งาว,องค์การบริหารส่วนตำบล,บ้านหวด
5394,ลำปาง,งาว,องค์การบริหารส่วนตำบล,บ้านแหง
5395,ลำปาง,งาว,องค์การบริหารส่วนตำบล,บ้านอ้อน
5396,ลำปาง,งาว,องค์การบริหารส่วนตำบล,ปงเตา
5397,ลำปาง,งาว,องค์การบริหารส่วนตำบล,แม่ตีบ
5398,ลำปาง,แจ้ห่ม,องค์การบริหารส่วนตำบล,แจ้ห่ม
5399,ลำปาง,แจ้ห่ม,องค์การบริหารส่วนตำบล,ปงดอน
5400,ลำปาง,แจ้ห่ม,องค์การบริหารส่วนตำบล,เมืองมาย
5401,ลำปาง,แจ้ห่ม,องค์การบริหารส่วนตำบล,แม่สุก
5402,ลำปาง,แจ้ห่ม,องค์การบริหารส่วนตำบล,วิเชตนคร
5403,ลำปาง,เถิน,องค์การบริหารส่วนตำบล,นาโป่ง
5404,ลำปาง,เถิน,องค์การบริหารส่วนตำบล,แม่ถอด
5405,ลำปาง,เถิน,องค์การบริหารส่วนตำบล,แม่ปะ
5406,ลำปาง,เถิน,องค์การบริหารส่วนตำบล,แม่วะ
5407,ลำปาง,เมืองปาน,องค์การบริหารส่วนตำบล,แจ้ซ้อน
5408,ลำปาง,เมืองปาน,องค์การบริหารส่วนตำบล,ทุ่งกว๋าว
5409,ลำปาง,เมืองปาน,องค์การบริหารส่วนตำบล,หัวเมือง
5410,ลำปาง,เมืองลำปาง,องค์การบริหารส่วนตำบล,ทุ่งฝาย
5411,ลำปาง,เมืองลำปาง,องค์การบริหารส่วนตำบล,นิคมพัฒนา
5412,ลำปาง,เมืองลำปาง,องค์การบริหารส่วนตำบล,บ้านค่า
5413,ลำปาง,เมืองลำปาง,องค์การบริหารส่วนตำบล,บ้านเป้า
5414,ลำปาง,เมืองลำปาง,องค์การบริหารส่วนตำบล,บ้านแลง
5415,ลำปาง,เมืองลำปาง,องค์การบริหารส่วนตำบล,บ้านเสด็จ
5416,ลำปาง,เมืองลำปาง,องค์การบริหารส่วนตำบล,บ้านเอื้อม
5417,ลำปาง,เมืองลำปาง,องค์การบริหารส่วนตำบล,บุญนาคพัฒนา
5418,ลำปาง,เมืองลำปาง,องค์การบริหารส่วนตำบล,พิชัย
5419,ลำปาง,แม่ทะ,องค์การบริหารส่วนตำบล,ดอนไฟ
5420,ลำปาง,แม่ทะ,องค์การบริหารส่วนตำบล,บ้านกิ่ว
5421,ลำปาง,แม่ทะ,องค์การบริหารส่วนตำบล,บ้านบอม
5422,ลำปาง,แม่ทะ,องค์การบริหารส่วนตำบล,วังเงิน
5423,ลำปาง,แม่ทะ,องค์การบริหารส่วนตำบล,หัวเสือ
5424,ลำปาง,แม่พริก,องค์การบริหารส่วนตำบล,แม่พริก
5425,ลำปาง,แม่เมาะ,องค์การบริหารส่วนตำบล,จางเหนือ
5426,ลำปาง,แม่เมาะ,องค์การบริหารส่วนตำบล,นาสัก
5427,ลำปาง,แม่เมาะ,องค์การบริหารส่วนตำบล,บ้านดง
5428,ลำปาง,แม่เมาะ,องค์การบริหารส่วนตำบล,สบป้าด
5429,ลำปาง,วังเหนือ,องค์การบริหารส่วนตำบล,ทุ่งฮั้ว
5430,ลำปาง,วังเหนือ,องค์การบริหารส่วนตำบล,ร่องเคาะ
5431,ลำปาง,วังเหนือ,องค์การบริหารส่วนตำบล,วังแก้ว
5432,ลำปาง,วังเหนือ,องค์การบริหารส่วนตำบล,วังซ้าย
5433,ลำปาง,วังเหนือ,องค์การบริหารส่วนตำบล,วังใต้
5434,ลำปาง,วังเหนือ,องค์การบริหารส่วนตำบล,วังทรายคำ
5435,ลำปาง,วังเหนือ,องค์การบริหารส่วนตำบล,วังทอง
5436,ลำปาง,สบปราบ,องค์การบริหารส่วนตำบล,นายาง
5437,ลำปาง,สบปราบ,องค์การบริหารส่วนตำบล,แม่กัวะ
5438,ลำปาง,สบปราบ,องค์การบริหารส่วนตำบล,สบปราบ
5439,ลำปาง,สบปราบ,องค์การบริหารส่วนตำบล,สมัย
5440,ลำปาง,เสริมงาม,องค์การบริหารส่วนตำบล,เสริมกลาง
5441,ลำปาง,เสริมงาม,องค์การบริหารส่วนตำบล,เสริมขวา
5442,ลำปาง,ห้างฉัตร,องค์การบริหารส่วนตำบล,แม่สัน
5443,ลำปาง,ห้างฉัตร,องค์การบริหารส่วนตำบล,วอแก้ว
5444,ลำปาง,ห้างฉัตร,องค์การบริหารส่วนตำบล,หนองหล่ม
5445,ลำพูน,เมืองลำพูน,องค์การบริหารส่วนจังหวัด,ลำพูน
5446,ลำพูน,เมืองลำพูน,เทศบาลเมือง,ลำพูน
5447,ลำพูน,ทุ่งหัวช้าง,เทศบาลตำบล,ทุ่งหัวช้าง
5448,ลำพูน,บ้านธิ,เทศบาลตำบล,บ้านธิ
5449,ลำพูน,บ้านโฮ่ง,เทศบาลตำบล,บ้านโฮ่ง
5450,ลำพูน,บ้านโฮ่ง,เทศบาลตำบล,ศรีเตี้ย
5451,ลำพูน,ป่าซาง,เทศบาลตำบล,บ้านเรือน
5452,ลำพูน,ป่าซาง,เทศบาลตำบล,ป่าซาง
5453,ลำพูน,ป่าซาง,เทศบาลตำบล,ม่วงน้อย
5454,ลำพูน,ป่าซาง,เทศบาลตำบล,มะกอก
5455,ลำพูน,ป่าซาง,เทศบาลตำบล,แม่แรง
5456,ลำพูน,เมืองลำพูน,เทศบาลตำบล,ต้นธง
5457,ลำพูน,เมืองลำพูน,เทศบาลตำบล,ท่าเชียงทอง
5458,ลำพูน,เมืองลำพูน,เทศบาลตำบล,บ้านกลาง
5459,ลำพูน,เมืองลำพูน,เทศบาลตำบล,บ้านแป้น
5460,ลำพูน,เมืองลำพูน,เทศบาลตำบล,ประตูป่า
5461,ลำพูน,เมืองลำพูน,เทศบาลตำบล,ป่าสัก
5462,ลำพูน,เมืองลำพูน,เทศบาลตำบล,มะเขือแจ้
5463,ลำพูน,เมืองลำพูน,เทศบาลตำบล,ริมปิง
5464,ลำพูน,เมืองลำพูน,เทศบาลตำบล,เวียงยอง
5465,ลำพูน,เมืองลำพูน,เทศบาลตำบล,ศรีบัวบาน
5466,ลำพูน,เมืองลำพูน,เทศบาลตำบล,หนองช้างคืน
5467,ลำพูน,เมืองลำพูน,เทศบาลตำบล,เหมืองง่า
5468,ลำพูน,เมืองลำพูน,เทศบาลตำบล,เหมืองจี้
5469,ลำพูน,เมืองลำพูน,เทศบาลตำบล,อุโมงค์
5470,ลำพูน,แม่ทา,เทศบาลตำบล,ทากาศ
5471,ลำพูน,แม่ทา,เทศบาลตำบล,ทากาศเหนือ
5472,ลำพูน,แม่ทา,เทศบาลตำบล,ทาขุมเงิน
5473,ลำพูน,แม่ทา,เทศบาลตำบล,ทาทุ่งหลวง
5474,ลำพูน,แม่ทา,เทศบาลตำบล,ทาปลาดุก
5475,ลำพูน,แม่ทา,เทศบาลตำบล,ทาสบชัย
5476,ลำพูน,แม่ทา,เทศบาลตำบล,ทาสบเส้า
5477,ลำพูน,ลี้,เทศบาลตำบล,ก้อ
5478,ลำพูน,ลี้,เทศบาลตำบล,ดงดำ
5479,ลำพูน,ลี้,เทศบาลตำบล,ป่าไผ่
5480,ลำพูน,ลี้,เทศบาลตำบล,แม่ตืน
5481,ลำพูน,ลี้,เทศบาลตำบล,ลี้
5482,ลำพูน,ลี้,เทศบาลตำบล,วังดิน
5483,ลำพูน,ลี้,เทศบาลตำบล,ศรีวิชัย
5484,ลำพูน,เวียงหนองล่อง,เทศบาลตำบล,วังผาง
5485,ลำพูน,เวียงหนองล่อง,เทศบาลตำบล,หนองยวง
5486,ลำพูน,เวียงหนองล่อง,เทศบาลตำบล,หนองล่อง
5487,ลำพูน,ทุ่งหัวช้าง,องค์การบริหารส่วนตำบล,ตะเคียนปม
5488,ลำพูน,ทุ่งหัวช้าง,องค์การบริหารส่วนตำบล,ทุ่งหัวช้าง
5489,ลำพูน,ทุ่งหัวช้าง,องค์การบริหารส่วนตำบล,บ้านปวง
5490,ลำพูน,บ้านธิ,องค์การบริหารส่วนตำบล,ห้วยยาบ
5491,ลำพูน,บ้านโฮ่ง,องค์การบริหารส่วนตำบล,ป่าพลู
5492,ลำพูน,บ้านโฮ่ง,องค์การบริหารส่วนตำบล,เวียงกานต์
5493,ลำพูน,บ้านโฮ่ง,องค์การบริหารส่วนตำบล,หนองปลาสะวาย
5494,ลำพูน,บ้านโฮ่ง,องค์การบริหารส่วนตำบล,เหล่ายาว
5495,ลำพูน,ป่าซาง,องค์การบริหารส่วนตำบล,ท่าตุ้ม
5496,ลำพูน,ป่าซาง,องค์การบริหารส่วนตำบล,นครเจดีย์
5497,ลำพูน,ป่าซาง,องค์การบริหารส่วนตำบล,น้ำดิบ
5498,ลำพูน,เมืองลำพูน,องค์การบริหารส่วนตำบล,หนองหนาม
5499,ลำพูน,แม่ทา,องค์การบริหารส่วนตำบล,ทาแม่ลอบ
5500,ลำพูน,ลี้,องค์การบริหารส่วนตำบล,นาทราย
5501,ลำพูน,ลี้,องค์การบริหารส่วนตำบล,แม่ลาน
5502,ลำพูน,ลี้,องค์การบริหารส่วนตำบล,เวียงแก้ว
5503,เลย,เมืองเลย,องค์การบริหารส่วนจังหวัด,เลย
5504,เลย,เมืองเลย,เทศบาลเมือง,เลย
5505,เลย,วังสะพุง,เทศบาลเมือง,วังสะพุง
5506,เลย,เชียงคาน,เทศบาลตำบล,เขาแก้ว
5507,เลย,เชียงคาน,เทศบาลตำบล,เชียงคาน
5508,เลย,เชียงคาน,เทศบาลตำบล,ธาตุ
5509,เลย,ด่านซ้าย,เทศบาลตำบล,ด่านซ้าย
5510,เลย,ด่านซ้าย,เทศบาลตำบล,ศรีสองรัก
5511,เลย,ท่าลี่,เทศบาลตำบล,ท่าลี่
5512,เลย,นาด้วง,เทศบาลตำบล,นาด้วง
5513,เลย,นาด้วง,เทศบาลตำบล,นาดอกคำ
5514,เลย,นาแห้ว,เทศบาลตำบล,นาแห้ว
5515,เลย,ปากชม,เทศบาลตำบล,คอนสา
5516,เลย,ปากชม,เทศบาลตำบล,เชียงกลม
5517,เลย,ปากชม,เทศบาลตำบล,ปากชม
5518,เลย,ผาขาว,เทศบาลตำบล,ท่าช้างคล้อง
5519,เลย,ผาขาว,เทศบาลตำบล,โนนปอแดง
5520,เลย,ภูกระดึง,เทศบาลตำบล,ภูกระดึง
5521,เลย,ภูเรือ,เทศบาลตำบล,ภูเรือ
5522,เลย,ภูเรือ,เทศบาลตำบล,ร่องจิก
5523,เลย,ภูหลวง,เทศบาลตำบล,ภูหอ
5524,เลย,เมืองเลย,เทศบาลตำบล,นาดินดำ
5525,เลย,เมืองเลย,เทศบาลตำบล,นาโป่ง
5526,เลย,เมืองเลย,เทศบาลตำบล,นาอ้อ
5527,เลย,เมืองเลย,เทศบาลตำบล,นาอาน
5528,เลย,เมืองเลย,เทศบาลตำบล,น้ำสวย
5529,เลย,วังสะพุง,เทศบาลตำบล,ปากปวน
5530,เลย,วังสะพุง,เทศบาลตำบล,ศรีสงคราม
5531,เลย,หนองหิน,เทศบาลตำบล,หนองหิน
5532,เลย,เอราวัณ,เทศบาลตำบล,ผาอินทร์แปลง
5533,เลย,เอราวัณ,เทศบาลตำบล,เอราวัณ
5534,เลย,เชียงคาน,องค์การบริหารส่วนตำบล,จอมศรี
5535,เลย,เชียงคาน,องค์การบริหารส่วนตำบล,เชียงคาน
5536,เลย,เชียงคาน,องค์การบริหารส่วนตำบล,นาซ่าว
5537,เลย,เชียงคาน,องค์การบริหารส่วนตำบล,บุฮม
5538,เลย,เชียงคาน,องค์การบริหารส่วนตำบล,ปากตม
5539,เลย,เชียงคาน,องค์การบริหารส่วนตำบล,หาดทรายขาว
5540,เลย,ด่านซ้าย,องค์การบริหารส่วนตำบล,กกสะทอน
5541,เลย,ด่านซ้าย,องค์การบริหารส่วนตำบล,โคกงาม
5542,เลย,ด่านซ้าย,องค์การบริหารส่วนตำบล,นาดี
5543,เลย,ด่านซ้าย,องค์การบริหารส่วนตำบล,นาหอ
5544,เลย,ด่านซ้าย,องค์การบริหารส่วนตำบล,ปากหมัน
5545,เลย,ด่านซ้าย,องค์การบริหารส่วนตำบล,โป่ง
5546,เลย,ด่านซ้าย,องค์การบริหารส่วนตำบล,โพนสูง
5547,เลย,ด่านซ้าย,องค์การบริหารส่วนตำบล,วังยาว
5548,เลย,ด่านซ้าย,องค์การบริหารส่วนตำบล,อิปุ่ม
5549,เลย,ท่าลี่,องค์การบริหารส่วนตำบล,โคกใหญ่
5550,เลย,ท่าลี่,องค์การบริหารส่วนตำบล,ท่าลี่
5551,เลย,ท่าลี่,องค์การบริหารส่วนตำบล,น้ำแคม
5552,เลย,ท่าลี่,องค์การบริหารส่วนตำบล,หนองผือ
5553,เลย,ท่าลี่,องค์การบริหารส่วนตำบล,อาฮี
5554,เลย,นาด้วง,องค์การบริหารส่วนตำบล,แก้วเมธี
5555,เลย,นาด้วง,องค์การบริหารส่วนตำบล,ท่าสวรรค์
5556,เลย,นาด้วง,องค์การบริหารส่วนตำบล,ท่าสะอาด
5557,เลย,นาแห้ว,องค์การบริหารส่วนตำบล,นาพึง
5558,เลย,นาแห้ว,องค์การบริหารส่วนตำบล,นามาลา
5559,เลย,นาแห้ว,องค์การบริหารส่วนตำบล,แสงภา
5560,เลย,นาแห้ว,องค์การบริหารส่วนตำบล,เหล่ากอหก
5561,เลย,ปากชม,องค์การบริหารส่วนตำบล,ชมเจริญ
5562,เลย,ปากชม,องค์การบริหารส่วนตำบล,นครหงษ์
5563,เลย,ปากชม,องค์การบริหารส่วนตำบล,ห้วยบ่อซืน
5564,เลย,ปากชม,องค์การบริหารส่วนตำบล,ห้วยพิชัย
5565,เลย,ปากชม,องค์การบริหารส่วนตำบล,หาดคัมภีร์
5566,เลย,ผาขาว,องค์การบริหารส่วนตำบล,โนนป่าซาง
5567,เลย,ผาขาว,องค์การบริหารส่วนตำบล,บ้านเพิ่ม
5568,เลย,ผาขาว,องค์การบริหารส่วนตำบล,ผาขาว
5569,เลย,ภูกระดึง,องค์การบริหารส่วนตำบล,ผานกเค้า
5570,เลย,ภูกระดึง,องค์การบริหารส่วนตำบล,ภูกระดึง
5571,เลย,ภูกระดึง,องค์การบริหารส่วนตำบล,ศรีฐาน
5572,เลย,ภูกระดึง,องค์การบริหารส่วนตำบล,ห้วยส้ม
5573,เลย,ภูเรือ,องค์การบริหารส่วนตำบล,ท่าศาลา
5574,เลย,ภูเรือ,องค์การบริหารส่วนตำบล,ปลาบ่า
5575,เลย,ภูเรือ,องค์การบริหารส่วนตำบล,ลาดค่าง
5576,เลย,ภูเรือ,องค์การบริหารส่วนตำบล,สานตม
5577,เลย,ภูเรือ,องค์การบริหารส่วนตำบล,หนองบัว
5578,เลย,ภูหลวง,องค์การบริหารส่วนตำบล,แก่งศรีภูมิ
5579,เลย,ภูหลวง,องค์การบริหารส่วนตำบล,เลยวังไสย์
5580,เลย,ภูหลวง,องค์การบริหารส่วนตำบล,หนองคัน
5581,เลย,ภูหลวง,องค์การบริหารส่วนตำบล,ห้วยสีเสียด
5582,เลย,เมืองเลย,องค์การบริหารส่วนตำบล,กกดู่
5583,เลย,เมืองเลย,องค์การบริหารส่วนตำบล,กกทอง
5584,เลย,เมืองเลย,องค์การบริหารส่วนตำบล,ชัยพฤกษ์
5585,เลย,เมืองเลย,องค์การบริหารส่วนตำบล,นาแขม
5586,เลย,เมืองเลย,องค์การบริหารส่วนตำบล,น้ำสวย
5587,เลย,เมืองเลย,องค์การบริหารส่วนตำบล,น้ำหมาน
5588,เลย,เมืองเลย,องค์การบริหารส่วนตำบล,เมือง
5589,เลย,เมืองเลย,องค์การบริหารส่วนตำบล,ศรีสองรัก
5590,เลย,เมืองเลย,องค์การบริหารส่วนตำบล,เสี้ยว
5591,เลย,วังสะพุง,องค์การบริหารส่วนตำบล,เขาหลวง
5592,เลย,วังสะพุง,องค์การบริหารส่วนตำบล,โคกขมิ้น
5593,เลย,วังสะพุง,องค์การบริหารส่วนตำบล,ทรายขาว
5594,เลย,วังสะพุง,องค์การบริหารส่วนตำบล,ผาน้อย
5595,เลย,วังสะพุง,องค์การบริหารส่วนตำบล,ผาบิ้ง
5596,เลย,วังสะพุง,องค์การบริหารส่วนตำบล,วังสะพุง
5597,เลย,วังสะพุง,องค์การบริหารส่วนตำบล,หนองงิ้ว
5598,เลย,วังสะพุง,องค์การบริหารส่วนตำบล,หนองหญ้าปล้อง
5599,เลย,หนองหิน,องค์การบริหารส่วนตำบล,ตาดข่า
5600,เลย,หนองหิน,องค์การบริหารส่วนตำบล,ปวนพุ
5601,เลย,หนองหิน,องค์การบริหารส่วนตำบล,หนองหิน
5602,เลย,เอราวัณ,องค์การบริหารส่วนตำบล,ทรัพย์ไพวัลย์
5603,เลย,เอราวัณ,องค์การบริหารส่วนตำบล,ผาสามยอด
5604,ศรีสะเกษ,เมืองศรีสะเกษ,องค์การบริหารส่วนจังหวัด,ศรีสะเกษ
5605,ศรีสะเกษ,กันทรลักษ์,เทศบาลเมือง,กันทรลักษ์
5606,ศรีสะเกษ,เมืองศรีสะเกษ,เทศบาลเมือง,ศรีสะเกษ
5607,ศรีสะเกษ,กันทรลักษ์,เทศบาลตำบล,สวนกล้วย
5608,ศรีสะเกษ,กันทรลักษ์,เทศบาลตำบล,หนองหญ้าลาด
5609,ศรีสะเกษ,กันทรารมย์,เทศบาลตำบล,กันทรารมย์
5610,ศรีสะเกษ,กันทรารมย์,เทศบาลตำบล,ทาม
5611,ศรีสะเกษ,ขุขันธ์,เทศบาลตำบล,เมืองขุขันธ์
5612,ศรีสะเกษ,ขุขันธ์,เทศบาลตำบล,ศรีสะอาด
5613,ศรีสะเกษ,ขุนหาญ,เทศบาลตำบล,กระหวัน
5614,ศรีสะเกษ,ขุนหาญ,เทศบาลตำบล,กันทรอม
5615,ศรีสะเกษ,ขุนหาญ,เทศบาลตำบล,ขุนหาญ
5616,ศรีสะเกษ,ขุนหาญ,เทศบาลตำบล,โนนสูง
5617,ศรีสะเกษ,ขุนหาญ,เทศบาลตำบล,โพธิ์กระสังข์
5618,ศรีสะเกษ,ขุนหาญ,เทศบาลตำบล,สิ
5619,ศรีสะเกษ,น้ำเกลี้ยง,เทศบาลตำบล,ละเอาะ
5620,ศรีสะเกษ,บึงบูรพ์,เทศบาลตำบล,บึงบูรพ์
5621,ศรีสะเกษ,ปรางค์กู่,เทศบาลตำบล,ปรางค์กู่
5622,ศรีสะเกษ,พยุห์,เทศบาลตำบล,พยุห์
5623,ศรีสะเกษ,โพธิ์ศรีสุวรรณ,เทศบาลตำบล,โดด
5624,ศรีสะเกษ,โพธิ์ศรีสุวรรณ,เทศบาลตำบล,ผือใหญ่
5625,ศรีสะเกษ,ไพรบึง,เทศบาลตำบล,ไพรบึง
5626,ศรีสะเกษ,ไพรบึง,เทศบาลตำบล,สำโรงพลัน
5627,ศรีสะเกษ,เมืองจันทร์,เทศบาลตำบล,เมืองจันทร์
5628,ศรีสะเกษ,เมืองจันทร์,เทศบาลตำบล,หนองใหญ่
5629,ศรีสะเกษ,เมืองศรีสะเกษ,เทศบาลตำบล,ตะดอบ
5630,ศรีสะเกษ,เมืองศรีสะเกษ,เทศบาลตำบล,น้ำคำ
5631,ศรีสะเกษ,เมืองศรีสะเกษ,เทศบาลตำบล,โพธิ์
5632,ศรีสะเกษ,เมืองศรีสะเกษ,เทศบาลตำบล,โพนเขวา
5633,ศรีสะเกษ,เมืองศรีสะเกษ,เทศบาลตำบล,หนองไฮ
5634,ศรีสะเกษ,ยางชุมน้อย,เทศบาลตำบล,ยางชุมน้อย
5635,ศรีสะเกษ,ราษีไศล,เทศบาลตำบล,บัวหุ่ง
5636,ศรีสะเกษ,ราษีไศล,เทศบาลตำบล,เมืองคง
5637,ศรีสะเกษ,ราษีไศล,เทศบาลตำบล,เมืองแคน
5638,ศรีสะเกษ,ราษีไศล,เทศบาลตำบล,ส้มป่อย
5639,ศรีสะเกษ,วังหิน,เทศบาลตำบล,บุสูง
5640,ศรีสะเกษ,วังหิน,เทศบาลตำบล,วังหิน
5641,ศรีสะเกษ,ศรีรัตนะ,เทศบาลตำบล,ศรีรัตนะ
5642,ศรีสะเกษ,ห้วยทับทัน,เทศบาลตำบล,จานแสนไชย
5643,ศรีสะเกษ,ห้วยทับทัน,เทศบาลตำบล,ห้วยทับทัน
5644,ศรีสะเกษ,อุทุมพรพิสัย,เทศบาลตำบล,กำแพง
5645,ศรีสะเกษ,อุทุมพรพิสัย,เทศบาลตำบล,โคกจาน
5646,ศรีสะเกษ,อุทุมพรพิสัย,เทศบาลตำบล,แต้
5647,ศรีสะเกษ,อุทุมพรพิสัย,เทศบาลตำบล,สระกำแพงใหญ่
5648,ศรีสะเกษ,อุทุมพรพิสัย,เทศบาลตำบล,หนองไฮ
5649,ศรีสะเกษ,อุทุมพรพิสัย,เทศบาลตำบล,อุทุมพรพิสัย
5650,ศรีสะเกษ,กันทรลักษ์,องค์การบริหารส่วนตำบล,กระแชง
5651,ศรีสะเกษ,กันทรลักษ์,องค์การบริหารส่วนตำบล,กุดเสลา
5652,ศรีสะเกษ,กันทรลักษ์,องค์การบริหารส่วนตำบล,ขนุน
5653,ศรีสะเกษ,กันทรลักษ์,องค์การบริหารส่วนตำบล,จานใหญ่
5654,ศรีสะเกษ,กันทรลักษ์,องค์การบริหารส่วนตำบล,ชำ
5655,ศรีสะเกษ,กันทรลักษ์,องค์การบริหารส่วนตำบล,ตระกาจ
5656,ศรีสะเกษ,กันทรลักษ์,องค์การบริหารส่วนตำบล,ทุ่งใหญ่
5657,ศรีสะเกษ,กันทรลักษ์,องค์การบริหารส่วนตำบล,น้ำอ้อม
5658,ศรีสะเกษ,กันทรลักษ์,องค์การบริหารส่วนตำบล,โนนสำราญ
5659,ศรีสะเกษ,กันทรลักษ์,องค์การบริหารส่วนตำบล,บึงมะลู
5660,ศรีสะเกษ,กันทรลักษ์,องค์การบริหารส่วนตำบล,ภูเงิน
5661,ศรีสะเกษ,กันทรลักษ์,องค์การบริหารส่วนตำบล,ภูผาหมอก
5662,ศรีสะเกษ,กันทรลักษ์,องค์การบริหารส่วนตำบล,เมือง
5663,ศรีสะเกษ,กันทรลักษ์,องค์การบริหารส่วนตำบล,รุง
5664,ศรีสะเกษ,กันทรลักษ์,องค์การบริหารส่วนตำบล,ละลาย
5665,ศรีสะเกษ,กันทรลักษ์,องค์การบริหารส่วนตำบล,เวียงเหนือ
5666,ศรีสะเกษ,กันทรลักษ์,องค์การบริหารส่วนตำบล,สังเม็ก
5667,ศรีสะเกษ,กันทรลักษ์,องค์การบริหารส่วนตำบล,เสาธงชัย
5668,ศรีสะเกษ,กันทรารมย์,องค์การบริหารส่วนตำบล,คำเนียม
5669,ศรีสะเกษ,กันทรารมย์,องค์การบริหารส่วนตำบล,จาน
5670,ศรีสะเกษ,กันทรารมย์,องค์การบริหารส่วนตำบล,ดู่
5671,ศรีสะเกษ,กันทรารมย์,องค์การบริหารส่วนตำบล,ดูน
5672,ศรีสะเกษ,กันทรารมย์,องค์การบริหารส่วนตำบล,โนนสัง
5673,ศรีสะเกษ,กันทรารมย์,องค์การบริหารส่วนตำบล,บัวน้อย
5674,ศรีสะเกษ,กันทรารมย์,องค์การบริหารส่วนตำบล,ผักแพว
5675,ศรีสะเกษ,กันทรารมย์,องค์การบริหารส่วนตำบล,เมืองน้อย
5676,ศรีสะเกษ,กันทรารมย์,องค์การบริหารส่วนตำบล,ยาง
5677,ศรีสะเกษ,กันทรารมย์,องค์การบริหารส่วนตำบล,ละทาย
5678,ศรีสะเกษ,กันทรารมย์,องค์การบริหารส่วนตำบล,หนองแก้ว
5679,ศรีสะเกษ,กันทรารมย์,องค์การบริหารส่วนตำบล,หนองบัว
5680,ศรีสะเกษ,กันทรารมย์,องค์การบริหารส่วนตำบล,หนองแวง
5681,ศรีสะเกษ,กันทรารมย์,องค์การบริหารส่วนตำบล,หนองหัวช้าง
5682,ศรีสะเกษ,กันทรารมย์,องค์การบริหารส่วนตำบล,อีปาด
5683,ศรีสะเกษ,ขุขันธ์,องค์การบริหารส่วนตำบล,กฤษณา
5684,ศรีสะเกษ,ขุขันธ์,องค์การบริหารส่วนตำบล,กันทรารมย์
5685,ศรีสะเกษ,ขุขันธ์,องค์การบริหารส่วนตำบล,โคกเพชร
5686,ศรีสะเกษ,ขุขันธ์,องค์การบริหารส่วนตำบล,จะกง
5687,ศรีสะเกษ,ขุขันธ์,องค์การบริหารส่วนตำบล,ใจดี
5688,ศรีสะเกษ,ขุขันธ์,องค์การบริหารส่วนตำบล,ดองกำเม็ด
5689,ศรีสะเกษ,ขุขันธ์,องค์การบริหารส่วนตำบล,ตะเคียน
5690,ศรีสะเกษ,ขุขันธ์,องค์การบริหารส่วนตำบล,ตาอุด
5691,ศรีสะเกษ,ขุขันธ์,องค์การบริหารส่วนตำบล,นิคมพัฒนา
5692,ศรีสะเกษ,ขุขันธ์,องค์การบริหารส่วนตำบล,ปราสาท
5693,ศรีสะเกษ,ขุขันธ์,องค์การบริหารส่วนตำบล,ปรือใหญ่
5694,ศรีสะเกษ,ขุขันธ์,องค์การบริหารส่วนตำบล,ลมศักดิ์
5695,ศรีสะเกษ,ขุขันธ์,องค์การบริหารส่วนตำบล,ศรีตระกูล
5696,ศรีสะเกษ,ขุขันธ์,องค์การบริหารส่วนตำบล,สะเดาใหญ่
5697,ศรีสะเกษ,ขุขันธ์,องค์การบริหารส่วนตำบล,สำโรงตาเจ็น
5698,ศรีสะเกษ,ขุขันธ์,องค์การบริหารส่วนตำบล,โสน
5699,ศรีสะเกษ,ขุขันธ์,องค์การบริหารส่วนตำบล,หนองฉลอง
5700,ศรีสะเกษ,ขุขันธ์,องค์การบริหารส่วนตำบล,ห้วยใต้
5701,ศรีสะเกษ,ขุขันธ์,องค์การบริหารส่วนตำบล,ห้วยสำราญ
5702,ศรีสะเกษ,ขุขันธ์,องค์การบริหารส่วนตำบล,ห้วยเหนือ
5703,ศรีสะเกษ,ขุขันธ์,องค์การบริหารส่วนตำบล,หัวเสือ
5704,ศรีสะเกษ,ขุนหาญ,องค์การบริหารส่วนตำบล,ขุนหาญ
5705,ศรีสะเกษ,ขุนหาญ,องค์การบริหารส่วนตำบล,บักดอง
5706,ศรีสะเกษ,ขุนหาญ,องค์การบริหารส่วนตำบล,พราน
5707,ศรีสะเกษ,ขุนหาญ,องค์การบริหารส่วนตำบล,โพธิ์วงศ์
5708,ศรีสะเกษ,ขุนหาญ,องค์การบริหารส่วนตำบล,ไพร
5709,ศรีสะเกษ,ขุนหาญ,องค์การบริหารส่วนตำบล,ภูฝ้าย
5710,ศรีสะเกษ,ขุนหาญ,องค์การบริหารส่วนตำบล,ห้วยจันทร์
5711,ศรีสะเกษ,น้ำเกลี้ยง,องค์การบริหารส่วนตำบล,เขิน
5712,ศรีสะเกษ,น้ำเกลี้ยง,องค์การบริหารส่วนตำบล,คูบ
5713,ศรีสะเกษ,น้ำเกลี้ยง,องค์การบริหารส่วนตำบล,ตองปิด
5714,ศรีสะเกษ,น้ำเกลี้ยง,องค์การบริหารส่วนตำบล,น้ำเกลี้ยง
5715,ศรีสะเกษ,น้ำเกลี้ยง,องค์การบริหารส่วนตำบล,รุ่งระวี
5716,ศรีสะเกษ,โนนคูณ,องค์การบริหารส่วนตำบล,โนนค้อ
5717,ศรีสะเกษ,โนนคูณ,องค์การบริหารส่วนตำบล,บก
5718,ศรีสะเกษ,โนนคูณ,องค์การบริหารส่วนตำบล,โพธิ์
5719,ศรีสะเกษ,โนนคูณ,องค์การบริหารส่วนตำบล,หนองกุง
5720,ศรีสะเกษ,โนนคูณ,องค์การบริหารส่วนตำบล,เหล่ากวาง
5721,ศรีสะเกษ,บึงบูรพ์,องค์การบริหารส่วนตำบล,เป๊าะ
5722,ศรีสะเกษ,เบญจลักษ์,องค์การบริหารส่วนตำบล,ท่าคล้อ
5723,ศรีสะเกษ,เบญจลักษ์,องค์การบริหารส่วนตำบล,เสียว
5724,ศรีสะเกษ,เบญจลักษ์,องค์การบริหารส่วนตำบล,หนองงูเหลือม
5725,ศรีสะเกษ,เบญจลักษ์,องค์การบริหารส่วนตำบล,หนองหว้า
5726,ศรีสะเกษ,เบญจลักษ์,องค์การบริหารส่วนตำบล,หนองฮาง
5727,ศรีสะเกษ,ปรางค์กู่,องค์การบริหารส่วนตำบล,กู่
5728,ศรีสะเกษ,ปรางค์กู่,องค์การบริหารส่วนตำบล,ดู่
5729,ศรีสะเกษ,ปรางค์กู่,องค์การบริหารส่วนตำบล,ตูม
5730,ศรีสะเกษ,ปรางค์กู่,องค์การบริหารส่วนตำบล,พิมาย
5731,ศรีสะเกษ,ปรางค์กู่,องค์การบริหารส่วนตำบล,พิมายเหนือ
5732,ศรีสะเกษ,ปรางค์กู่,องค์การบริหารส่วนตำบล,โพธิ์ศรี
5733,ศรีสะเกษ,ปรางค์กู่,องค์การบริหารส่วนตำบล,สมอ
5734,ศรีสะเกษ,ปรางค์กู่,องค์การบริหารส่วนตำบล,สวาย
5735,ศรีสะเกษ,ปรางค์กู่,องค์การบริหารส่วนตำบล,สำโรงปราสาท
5736,ศรีสะเกษ,ปรางค์กู่,องค์การบริหารส่วนตำบล,หนองเชียงทูน
5737,ศรีสะเกษ,พยุห์,องค์การบริหารส่วนตำบล,ตำแย
5738,ศรีสะเกษ,พยุห์,องค์การบริหารส่วนตำบล,โนนเพ็ก
5739,ศรีสะเกษ,พยุห์,องค์การบริหารส่วนตำบล,พยุห์
5740,ศรีสะเกษ,พยุห์,องค์การบริหารส่วนตำบล,พรหมสวัสดิ์
5741,ศรีสะเกษ,พยุห์,องค์การบริหารส่วนตำบล,หนองค้า
5742,ศรีสะเกษ,โพธิ์ศรีสุวรรณ,องค์การบริหารส่วนตำบล,เสียว
5743,ศรีสะเกษ,โพธิ์ศรีสุวรรณ,องค์การบริหารส่วนตำบล,หนองม้า
5744,ศรีสะเกษ,โพธิ์ศรีสุวรรณ,องค์การบริหารส่วนตำบล,อีเซ
5745,ศรีสะเกษ,ไพรบึง,องค์การบริหารส่วนตำบล,ดินแดง
5746,ศรีสะเกษ,ไพรบึง,องค์การบริหารส่วนตำบล,โนนปูน
5747,ศรีสะเกษ,ไพรบึง,องค์การบริหารส่วนตำบล,ปราสาทเยอ
5748,ศรีสะเกษ,ไพรบึง,องค์การบริหารส่วนตำบล,ไพรบึง
5749,ศรีสะเกษ,ไพรบึง,องค์การบริหารส่วนตำบล,สุขสวัสดิ์
5750,ศรีสะเกษ,ภูสิงห์,องค์การบริหารส่วนตำบล,โคกตาล
5751,ศรีสะเกษ,ภูสิงห์,องค์การบริหารส่วนตำบล,ดงรัก
5752,ศรีสะเกษ,ภูสิงห์,องค์การบริหารส่วนตำบล,ตะเคียนราม
5753,ศรีสะเกษ,ภูสิงห์,องค์การบริหารส่วนตำบล,ไพรพัฒนา
5754,ศรีสะเกษ,ภูสิงห์,องค์การบริหารส่วนตำบล,ละลม
5755,ศรีสะเกษ,ภูสิงห์,องค์การบริหารส่วนตำบล,ห้วยตามอญ
5756,ศรีสะเกษ,ภูสิงห์,องค์การบริหารส่วนตำบล,ห้วยตึ๊กชู
5757,ศรีสะเกษ,เมืองจันทร์,องค์การบริหารส่วนตำบล,ตาโกน
5758,ศรีสะเกษ,เมืองศรีสะเกษ,องค์การบริหารส่วนตำบล,คูซอด
5759,ศรีสะเกษ,เมืองศรีสะเกษ,องค์การบริหารส่วนตำบล,จาน
5760,ศรีสะเกษ,เมืองศรีสะเกษ,องค์การบริหารส่วนตำบล,ซำ
5761,ศรีสะเกษ,เมืองศรีสะเกษ,องค์การบริหารส่วนตำบล,ทุ่ม
5762,ศรีสะเกษ,เมืองศรีสะเกษ,องค์การบริหารส่วนตำบล,โพนข่า
5763,ศรีสะเกษ,เมืองศรีสะเกษ,องค์การบริหารส่วนตำบล,โพนค้อ
5764,ศรีสะเกษ,เมืองศรีสะเกษ,องค์การบริหารส่วนตำบล,หญ้าปล้อง
5765,ศรีสะเกษ,เมืองศรีสะเกษ,องค์การบริหารส่วนตำบล,หนองแก้ว
5766,ศรีสะเกษ,เมืองศรีสะเกษ,องค์การบริหารส่วนตำบล,หนองครก
5767,ศรีสะเกษ,เมืองศรีสะเกษ,องค์การบริหารส่วนตำบล,หนองไผ่
5768,ศรีสะเกษ,เมืองศรีสะเกษ,องค์การบริหารส่วนตำบล,หมากเขียบ
5769,ศรีสะเกษ,ยางชุมน้อย,องค์การบริหารส่วนตำบล,กุดเมืองฮาม
5770,ศรีสะเกษ,ยางชุมน้อย,องค์การบริหารส่วนตำบล,คอนกาม
5771,ศรีสะเกษ,ยางชุมน้อย,องค์การบริหารส่วนตำบล,โนนคูณ
5772,ศรีสะเกษ,ยางชุมน้อย,องค์การบริหารส่วนตำบล,บึงบอน
5773,ศรีสะเกษ,ยางชุมน้อย,องค์การบริหารส่วนตำบล,ยางชุมใหญ่
5774,ศรีสะเกษ,ยางชุมน้อย,องค์การบริหารส่วนตำบล,ลิ้นฟ้า
5775,ศรีสะเกษ,ราษีไศล,องค์การบริหารส่วนตำบล,จิกสังข์ทอง
5776,ศรีสะเกษ,ราษีไศล,องค์การบริหารส่วนตำบล,ด่าน
5777,ศรีสะเกษ,ราษีไศล,องค์การบริหารส่วนตำบล,ดู่
5778,ศรีสะเกษ,ราษีไศล,องค์การบริหารส่วนตำบล,ไผ่
5779,ศรีสะเกษ,ราษีไศล,องค์การบริหารส่วนตำบล,เมืองคง
5780,ศรีสะเกษ,ราษีไศล,องค์การบริหารส่วนตำบล,สร้างปี่
5781,ศรีสะเกษ,ราษีไศล,องค์การบริหารส่วนตำบล,หนองแค
5782,ศรีสะเกษ,ราษีไศล,องค์การบริหารส่วนตำบล,หนองหมี
5783,ศรีสะเกษ,ราษีไศล,องค์การบริหารส่วนตำบล,หนองอึ่ง
5784,ศรีสะเกษ,ราษีไศล,องค์การบริหารส่วนตำบล,หว้านคำ
5785,ศรีสะเกษ,วังหิน,องค์การบริหารส่วนตำบล,ดวนใหญ่
5786,ศรีสะเกษ,วังหิน,องค์การบริหารส่วนตำบล,ทุ่งสว่าง
5787,ศรีสะเกษ,วังหิน,องค์การบริหารส่วนตำบล,ธาตุ
5788,ศรีสะเกษ,วังหิน,องค์การบริหารส่วนตำบล,บ่อแก้ว
5789,ศรีสะเกษ,วังหิน,องค์การบริหารส่วนตำบล,โพนยาง
5790,ศรีสะเกษ,วังหิน,องค์การบริหารส่วนตำบล,ศรีสำราญ
5791,ศรีสะเกษ,ศรีรัตนะ,องค์การบริหารส่วนตำบล,ตูม
5792,ศรีสะเกษ,ศรีรัตนะ,องค์การบริหารส่วนตำบล,พิงพวย
5793,ศรีสะเกษ,ศรีรัตนะ,องค์การบริหารส่วนตำบล,ศรีแก้ว
5794,ศรีสะเกษ,ศรีรัตนะ,องค์การบริหารส่วนตำบล,ศรีโนนงาม
5795,ศรีสะเกษ,ศรีรัตนะ,องค์การบริหารส่วนตำบล,สระเยาว์
5796,ศรีสะเกษ,ศรีรัตนะ,องค์การบริหารส่วนตำบล,สะพุง
5797,ศรีสะเกษ,ศรีรัตนะ,องค์การบริหารส่วนตำบล,เสื่องข้าว
5798,ศรีสะเกษ,ศิลาลาด,องค์การบริหารส่วนตำบล,กุง
5799,ศรีสะเกษ,ศิลาลาด,องค์การบริหารส่วนตำบล,คลีกลิ้ง
5800,ศรีสะเกษ,ศิลาลาด,องค์การบริหารส่วนตำบล,โจดม่วง
5801,ศรีสะเกษ,ศิลาลาด,องค์การบริหารส่วนตำบล,หนองบัวดง
5802,ศรีสะเกษ,ห้วยทับทัน,องค์การบริหารส่วนตำบล,กล้วยกว้าง
5803,ศรีสะเกษ,ห้วยทับทัน,องค์การบริหารส่วนตำบล,ปราสาท
5804,ศรีสะเกษ,ห้วยทับทัน,องค์การบริหารส่วนตำบล,ผักไหม
5805,ศรีสะเกษ,ห้วยทับทัน,องค์การบริหารส่วนตำบล,เมืองหลวง
5806,ศรีสะเกษ,ห้วยทับทัน,องค์การบริหารส่วนตำบล,ห้วยทับทัน
5807,ศรีสะเกษ,อุทุมพรพิสัย,องค์การบริหารส่วนตำบล,ก้านเหลือง
5808,ศรีสะเกษ,อุทุมพรพิสัย,องค์การบริหารส่วนตำบล,ขะยูง
5809,ศรีสะเกษ,อุทุมพรพิสัย,องค์การบริหารส่วนตำบล,แข้
5810,ศรีสะเกษ,อุทุมพรพิสัย,องค์การบริหารส่วนตำบล,แขม
5811,ศรีสะเกษ,อุทุมพรพิสัย,องค์การบริหารส่วนตำบล,โคกหล่าม
5812,ศรีสะเกษ,อุทุมพรพิสัย,องค์การบริหารส่วนตำบล,ตาเกษ
5813,ศรีสะเกษ,อุทุมพรพิสัย,องค์การบริหารส่วนตำบล,ทุ่งไชย
5814,ศรีสะเกษ,อุทุมพรพิสัย,องค์การบริหารส่วนตำบล,ปะอาว
5815,ศรีสะเกษ,อุทุมพรพิสัย,องค์การบริหารส่วนตำบล,โพธิ์ชัย
5816,ศรีสะเกษ,อุทุมพรพิสัย,องค์การบริหารส่วนตำบล,รังแร้ง
5817,ศรีสะเกษ,อุทุมพรพิสัย,องค์การบริหารส่วนตำบล,สำโรง
5818,ศรีสะเกษ,อุทุมพรพิสัย,องค์การบริหารส่วนตำบล,หนองห้าง
5819,ศรีสะเกษ,อุทุมพรพิสัย,องค์การบริหารส่วนตำบล,หัวช้าง
5820,ศรีสะเกษ,อุทุมพรพิสัย,องค์การบริหารส่วนตำบล,อี่หล่ำ
5821,สกลนคร,เมืองสกลนคร,องค์การบริหารส่วนจังหวัด,สกลนคร
5822,สกลนคร,เมืองสกลนคร,เทศบาลนคร,สกลนคร
5823,สกลนคร,สว่างแดนดิน,เทศบาลเมือง,สว่างแดนดิน
5824,สกลนคร,กุดบาก,เทศบาลตำบล,กุดบาก
5825,สกลนคร,กุดบาก,เทศบาลตำบล,กุดไห
5826,สกลนคร,กุดบาก,เทศบาลตำบล,กุดแฮด
5827,สกลนคร,กุดบาก,เทศบาลตำบล,นาม่อง
5828,สกลนคร,กุสุมาลย์,เทศบาลตำบล,กุสุมาลย์
5829,สกลนคร,คำตากล้า,เทศบาลตำบล,คำตากล้า
5830,สกลนคร,คำตากล้า,เทศบาลตำบล,แพด
5831,สกลนคร,คำตากล้า,เทศบาลตำบล,หนองบัวสิม
5832,สกลนคร,โคกศรีสุพรรณ,เทศบาลตำบล,ตองโขบ
5833,สกลนคร,เจริญศิลป์,เทศบาลตำบล,เจริญศิลป์
5834,สกลนคร,บ้านม่วง,เทศบาลตำบล,บ้านม่วง
5835,สกลนคร,บ้านม่วง,เทศบาลตำบล,ห้วยหลัว
5836,สกลนคร,พรรณานิคม,เทศบาลตำบล,นาใน
5837,สกลนคร,พรรณานิคม,เทศบาลตำบล,นาหัวบ่อ
5838,สกลนคร,พรรณานิคม,เทศบาลตำบล,บัวสว่าง
5839,สกลนคร,พรรณานิคม,เทศบาลตำบล,พรรณานคร
5840,สกลนคร,พรรณานิคม,เทศบาลตำบล,พรรณานิคม
5841,สกลนคร,พรรณานิคม,เทศบาลตำบล,พอกน้อย
5842,สกลนคร,พรรณานิคม,เทศบาลตำบล,ไร่
5843,สกลนคร,พรรณานิคม,เทศบาลตำบล,วังยาง
5844,สกลนคร,พังโคน,เทศบาลตำบล,พังโคน
5845,สกลนคร,พังโคน,เทศบาลตำบล,พังโคนศรีจำปา
5846,สกลนคร,พังโคน,เทศบาลตำบล,แร่
5847,สกลนคร,พังโคน,เทศบาลตำบล,ไฮหย่อง
5848,สกลนคร,โพนนาแก้ว,เทศบาลตำบล,เชียงสือ
5849,สกลนคร,โพนนาแก้ว,เทศบาลตำบล,นาแก้ว
5850,สกลนคร,โพนนาแก้ว,เทศบาลตำบล,บ้านโพน
5851,สกลนคร,ภูพาน,เทศบาลตำบล,โคกภู
5852,สกลนคร,ภูพาน,เทศบาลตำบล,สร้างค้อ
5853,สกลนคร,เมืองสกลนคร,เทศบาลตำบล,งิ้วด่อน
5854,สกลนคร,เมืองสกลนคร,เทศบาลตำบล,เชียงเครือ
5855,สกลนคร,เมืองสกลนคร,เทศบาลตำบล,ดงมะไฟ
5856,สกลนคร,เมืองสกลนคร,เทศบาลตำบล,ท่าแร่
5857,สกลนคร,เมืองสกลนคร,เทศบาลตำบล,ธาตุนาเวง
5858,สกลนคร,เมืองสกลนคร,เทศบาลตำบล,เมืองทองท่าแร่
5859,สกลนคร,เมืองสกลนคร,เทศบาลตำบล,หนองลาด
5860,สกลนคร,เมืองสกลนคร,เทศบาลตำบล,เหล่าปอแดง
5861,สกลนคร,เมืองสกลนคร,เทศบาลตำบล,ฮางโฮง
5862,สกลนคร,วานรนิวาส,เทศบาลตำบล,กุดเรือคำ
5863,สกลนคร,วานรนิวาส,เทศบาลตำบล,คูสะคาม
5864,สกลนคร,วานรนิวาส,เทศบาลตำบล,นาซอ
5865,สกลนคร,วานรนิวาส,เทศบาลตำบล,วานรนิวาส
5866,สกลนคร,วานรนิวาส,เทศบาลตำบล,หนองแวง
5867,สกลนคร,วานรนิวาส,เทศบาลตำบล,หนองแวงใต้
5868,สกลนคร,วานรนิวาส,เทศบาลตำบล,หนองสนม
5869,สกลนคร,วาริชภูมิ,เทศบาลตำบล,คำบ่อ
5870,สกลนคร,วาริชภูมิ,เทศบาลตำบล,ปลาโหล
5871,สกลนคร,วาริชภูมิ,เทศบาลตำบล,วาริชภูมิ
5872,สกลนคร,วาริชภูมิ,เทศบาลตำบล,หนองลาด
5873,สกลนคร,สว่างแดนดิน,เทศบาลตำบล,โคกสี
5874,สกลนคร,สว่างแดนดิน,เทศบาลตำบล,ดอนเขือง
5875,สกลนคร,สว่างแดนดิน,เทศบาลตำบล,บงใต้
5876,สกลนคร,สว่างแดนดิน,เทศบาลตำบล,บ้านต้าย
5877,สกลนคร,สว่างแดนดิน,เทศบาลตำบล,พันนา
5878,สกลนคร,สว่างแดนดิน,เทศบาลตำบล,สว่างแดนดิน
5879,สกลนคร,สว่างแดนดิน,เทศบาลตำบล,หนองหลวง
5880,สกลนคร,ส่องดาว,เทศบาลตำบล,ท่าศิลา
5881,สกลนคร,ส่องดาว,เทศบาลตำบล,ปทุมวาปี
5882,สกลนคร,ส่องดาว,เทศบาลตำบล,วัฒนา
5883,สกลนคร,ส่องดาว,เทศบาลตำบล,ส่องดาว
5884,สกลนคร,ส่องดาว,เทศบาลตำบล,ส่องดาวหนองแดง
5885,สกลนคร,อากาศอำนวย,เทศบาลตำบล,ท่าก้อน
5886,สกลนคร,อากาศอำนวย,เทศบาลตำบล,บะหว้า
5887,สกลนคร,อากาศอำนวย,เทศบาลตำบล,โพนแพง
5888,สกลนคร,อากาศอำนวย,เทศบาลตำบล,วาใหญ่
5889,สกลนคร,อากาศอำนวย,เทศบาลตำบล,สามัคคีพัฒนา
5890,สกลนคร,อากาศอำนวย,เทศบาลตำบล,อากาศอำนวย
5891,สกลนคร,กุสุมาลย์,องค์การบริหารส่วนตำบล,กุสุมาลย์
5892,สกลนคร,กุสุมาลย์,องค์การบริหารส่วนตำบล,นาเพียง
5893,สกลนคร,กุสุมาลย์,องค์การบริหารส่วนตำบล,นาโพธิ์
5894,สกลนคร,กุสุมาลย์,องค์การบริหารส่วนตำบล,โพธิไพศาล
5895,สกลนคร,กุสุมาลย์,องค์การบริหารส่วนตำบล,อุ่มจาน
5896,สกลนคร,คำตากล้า,องค์การบริหารส่วนตำบล,คำตากล้า
5897,สกลนคร,คำตากล้า,องค์การบริหารส่วนตำบล,นาแต้
5898,สกลนคร,โคกศรีสุพรรณ,องค์การบริหารส่วนตำบล,ด่านม่วงคำ
5899,สกลนคร,โคกศรีสุพรรณ,องค์การบริหารส่วนตำบล,แมดนาท่ม
5900,สกลนคร,โคกศรีสุพรรณ,องค์การบริหารส่วนตำบล,เหล่าโพนค้อ
5901,สกลนคร,เจริญศิลป์,องค์การบริหารส่วนตำบล,โคกศิลา
5902,สกลนคร,เจริญศิลป์,องค์การบริหารส่วนตำบล,เจริญศิลป์
5903,สกลนคร,เจริญศิลป์,องค์การบริหารส่วนตำบล,ทุ่งแก
5904,สกลนคร,เจริญศิลป์,องค์การบริหารส่วนตำบล,บ้านเหล่า
5905,สกลนคร,เจริญศิลป์,องค์การบริหารส่วนตำบล,หนองแปน
5906,สกลนคร,เต่างอย,องค์การบริหารส่วนตำบล,จันทร์เพ็ญ
5907,สกลนคร,เต่างอย,องค์การบริหารส่วนตำบล,เต่างอย
5908,สกลนคร,เต่างอย,องค์การบริหารส่วนตำบล,นาตาล
5909,สกลนคร,เต่างอย,องค์การบริหารส่วนตำบล,บึงทวาย
5910,สกลนคร,นิคมน้ำอูน,องค์การบริหารส่วนตำบล,นิคมน้ำอูน
5911,สกลนคร,นิคมน้ำอูน,องค์การบริหารส่วนตำบล,สุวรรณคาม
5912,สกลนคร,นิคมน้ำอูน,องค์การบริหารส่วนตำบล,หนองบัว
5913,สกลนคร,นิคมน้ำอูน,องค์การบริหารส่วนตำบล,หนองปลิง
5914,สกลนคร,บ้านม่วง,องค์การบริหารส่วนตำบล,ดงหม้อทอง
5915,สกลนคร,บ้านม่วง,องค์การบริหารส่วนตำบล,ดงหม้อทองใต้
5916,สกลนคร,บ้านม่วง,องค์การบริหารส่วนตำบล,ดงเหนือ
5917,สกลนคร,บ้านม่วง,องค์การบริหารส่วนตำบล,โนนสะอาด
5918,สกลนคร,บ้านม่วง,องค์การบริหารส่วนตำบล,บ่อแก้ว
5919,สกลนคร,บ้านม่วง,องค์การบริหารส่วนตำบล,ม่วง
5920,สกลนคร,บ้านม่วง,องค์การบริหารส่วนตำบล,มาย
5921,สกลนคร,บ้านม่วง,องค์การบริหารส่วนตำบล,หนองกวั่ง
5922,สกลนคร,พรรณานิคม,องค์การบริหารส่วนตำบล,ช้างมิ่ง
5923,สกลนคร,พรรณานิคม,องค์การบริหารส่วนตำบล,เชิงชุม
5924,สกลนคร,พรรณานิคม,องค์การบริหารส่วนตำบล,บะฮี
5925,สกลนคร,พังโคน,องค์การบริหารส่วนตำบล,ต้นผึ้ง
5926,สกลนคร,พังโคน,องค์การบริหารส่วนตำบล,ม่วงไข่
5927,สกลนคร,โพนนาแก้ว,องค์การบริหารส่วนตำบล,นาตงวัฒนา
5928,สกลนคร,โพนนาแก้ว,องค์การบริหารส่วนตำบล,บ้านแป้น
5929,สกลนคร,ภูพาน,องค์การบริหารส่วนตำบล,กกปลาซิว
5930,สกลนคร,ภูพาน,องค์การบริหารส่วนตำบล,หลุบเลา
5931,สกลนคร,เมืองสกลนคร,องค์การบริหารส่วนตำบล,ขมิ้น
5932,สกลนคร,เมืองสกลนคร,องค์การบริหารส่วนตำบล,โคกก่อง
5933,สกลนคร,เมืองสกลนคร,องค์การบริหารส่วนตำบล,ดงชน
5934,สกลนคร,เมืองสกลนคร,องค์การบริหารส่วนตำบล,ดงมะไฟ
5935,สกลนคร,เมืองสกลนคร,องค์การบริหารส่วนตำบล,โนนหอม
5936,สกลนคร,เมืองสกลนคร,องค์การบริหารส่วนตำบล,พังขว้าง
5937,สกลนคร,เมืองสกลนคร,องค์การบริหารส่วนตำบล,ม่วงลาย
5938,สกลนคร,เมืองสกลนคร,องค์การบริหารส่วนตำบล,ห้วยยาง
5939,สกลนคร,วานรนิวาส,องค์การบริหารส่วนตำบล,ขัวก่าย
5940,สกลนคร,วานรนิวาส,องค์การบริหารส่วนตำบล,คอนสวรรค์
5941,สกลนคร,วานรนิวาส,องค์การบริหารส่วนตำบล,เดื่อศรีคันไชย
5942,สกลนคร,วานรนิวาส,องค์การบริหารส่วนตำบล,ธาตุ
5943,สกลนคร,วานรนิวาส,องค์การบริหารส่วนตำบล,นาคำ
5944,สกลนคร,วานรนิวาส,องค์การบริหารส่วนตำบล,วานรนิวาส
5945,สกลนคร,วานรนิวาส,องค์การบริหารส่วนตำบล,ศรีวิชัย
5946,สกลนคร,วานรนิวาส,องค์การบริหารส่วนตำบล,อินทร์แปลง
5947,สกลนคร,วาริชภูมิ,องค์การบริหารส่วนตำบล,ค้อเขียว
5948,สกลนคร,วาริชภูมิ,องค์การบริหารส่วนตำบล,วาริชภูมิ
5949,สกลนคร,สว่างแดนดิน,องค์การบริหารส่วนตำบล,ค้อใต้
5950,สกลนคร,สว่างแดนดิน,องค์การบริหารส่วนตำบล,คำสะอาด
5951,สกลนคร,สว่างแดนดิน,องค์การบริหารส่วนตำบล,ตาลโกน
5952,สกลนคร,สว่างแดนดิน,องค์การบริหารส่วนตำบล,ตาลเนิ้ง
5953,สกลนคร,สว่างแดนดิน,องค์การบริหารส่วนตำบล,ทรายมูล
5954,สกลนคร,สว่างแดนดิน,องค์การบริหารส่วนตำบล,ธาตุทอง
5955,สกลนคร,สว่างแดนดิน,องค์การบริหารส่วนตำบล,บงเหนือ
5956,สกลนคร,สว่างแดนดิน,องค์การบริหารส่วนตำบล,บ้านถ่อน
5957,สกลนคร,สว่างแดนดิน,องค์การบริหารส่วนตำบล,โพนสูง
5958,สกลนคร,สว่างแดนดิน,องค์การบริหารส่วนตำบล,แวง
5959,สกลนคร,อากาศอำนวย,องค์การบริหารส่วนตำบล,นาฮี
5960,สกลนคร,อากาศอำนวย,องค์การบริหารส่วนตำบล,โพนงาม
5961,สกลนคร,อากาศอำนวย,องค์การบริหารส่วนตำบล,อากาศ
5962,สงขลา,เมืองสงขลา,องค์การบริหารส่วนจังหวัด,สงขลา
5963,สงขลา,เมืองสงขลา,เทศบาลนคร,สงขลา
5964,สงขลา,หาดใหญ่,เทศบาลนคร,หาดใหญ่
5965,สงขลา,เมืองสงขลา,เทศบาลเมือง,เขารูปช้าง
5966,สงขลา,รัตภูมิ,เทศบาลเมือง,กำแพงเพชร
5967,สงขลา,สะเดา,เทศบาลเมือง,ปาดังเบซาร์
5968,สงขลา,สะเดา,เทศบาลเมือง,สะเดา
5969,สงขลา,สิงหนคร,เทศบาลเมือง,ม่วงงาม
5970,สงขลา,สิงหนคร,เทศบาลเมือง,สิงหนคร
5971,สงขลา,หาดใหญ่,เทศบาลเมือง,คลองแห
5972,สงขลา,หาดใหญ่,เทศบาลเมือง,ควนลัง
5973,สงขลา,หาดใหญ่,เทศบาลเมือง,คอหงส์
5974,สงขลา,หาดใหญ่,เทศบาลเมือง,ทุ่งตำเสา
5975,สงขลา,หาดใหญ่,เทศบาลเมือง,บ้านพรุ
5976,สงขลา,กระแสสินธุ์,เทศบาลตำบล,กระแสสินธุ์
5977,สงขลา,กระแสสินธุ์,เทศบาลตำบล,เชิงแส
5978,สงขลา,คลองหอยโข่ง,เทศบาลตำบล,โคกม่วง
5979,สงขลา,คลองหอยโข่ง,เทศบาลตำบล,ทุ่งลาน
5980,สงขลา,ควนเนียง,เทศบาลตำบล,ควนเนียง
5981,สงขลา,ควนเนียง,เทศบาลตำบล,บางเหรียง
5982,สงขลา,จะนะ,เทศบาลตำบล,จะนะ
5983,สงขลา,จะนะ,เทศบาลตำบล,นาทับ
5984,สงขลา,จะนะ,เทศบาลตำบล,บ้านนา
5985,สงขลา,เทพา,เทศบาลตำบล,เทพา
5986,สงขลา,เทพา,เทศบาลตำบล,ลำไพล
5987,สงขลา,นาทวี,เทศบาลตำบล,นาทวี
5988,สงขลา,นาทวี,เทศบาลตำบล,นาทวีนอก
5989,สงขลา,บางกล่ำ,เทศบาลตำบล,ท่าช้าง
5990,สงขลา,บางกล่ำ,เทศบาลตำบล,บ้านหาร
5991,สงขลา,เมืองสงขลา,เทศบาลตำบล,เกาะแต้ว
5992,สงขลา,เมืองสงขลา,เทศบาลตำบล,พะวง
5993,สงขลา,ระโนด,เทศบาลตำบล,บ่อตรุ
5994,สงขลา,ระโนด,เทศบาลตำบล,ปากแตระ
5995,สงขลา,ระโนด,เทศบาลตำบล,ระโนด
5996,สงขลา,รัตภูมิ,เทศบาลตำบล,กำแพงเพชร
5997,สงขลา,รัตภูมิ,เทศบาลตำบล,คูหาใต้
5998,สงขลา,รัตภูมิ,เทศบาลตำบล,นาสีทอง
5999,สงขลา,สทิงพระ,เทศบาลตำบล,สทิงพระ
6000,สงขลา,สะเดา,เทศบาลตำบล,คลองแงะ
6001,สงขลา,สะเดา,เทศบาลตำบล,ปริก
6002,สงขลา,สะเดา,เทศบาลตำบล,ปาดัง
6003,สงขลา,สะเดา,เทศบาลตำบล,สำนักขาม
6004,สงขลา,สะบ้าย้อย,เทศบาลตำบล,ท่าพระยา
6005,สงขลา,สะบ้าย้อย,เทศบาลตำบล,สะบ้าย้อย
6006,สงขลา,สิงหนคร,เทศบาลตำบล,ชะแล้
6007,สงขลา,หาดใหญ่,เทศบาลตำบล,คูเต่า
6008,สงขลา,หาดใหญ่,เทศบาลตำบล,ฉลุง
6009,สงขลา,หาดใหญ่,เทศบาลตำบล,น้ำน้อย
6010,สงขลา,หาดใหญ่,เทศบาลตำบล,บ้านไร่
6011,สงขลา,หาดใหญ่,เทศบาลตำบล,พะตง
6012,สงขลา,กระแสสินธุ์,องค์การบริหารส่วนตำบล,เกาะใหญ่
6013,สงขลา,กระแสสินธุ์,องค์การบริหารส่วนตำบล,โรง
6014,สงขลา,คลองหอยโข่ง,องค์การบริหารส่วนตำบล,คลองหลา
6015,สงขลา,คลองหอยโข่ง,องค์การบริหารส่วนตำบล,คลองหอยโข่ง
6016,สงขลา,ควนเนียง,องค์การบริหารส่วนตำบล,ควนโส
6017,สงขลา,ควนเนียง,องค์การบริหารส่วนตำบล,รัตภูมิ
6018,สงขลา,ควนเนียง,องค์การบริหารส่วนตำบล,ห้วยลึก
6019,สงขลา,จะนะ,องค์การบริหารส่วนตำบล,ขุนตัดหวาย
6020,สงขลา,จะนะ,องค์การบริหารส่วนตำบล,คลองเปียะ
6021,สงขลา,จะนะ,องค์การบริหารส่วนตำบล,คู
6022,สงขลา,จะนะ,องค์การบริหารส่วนตำบล,แค
6023,สงขลา,จะนะ,องค์การบริหารส่วนตำบล,จะโหนง
6024,สงขลา,จะนะ,องค์การบริหารส่วนตำบล,ตลิ่งชัน
6025,สงขลา,จะนะ,องค์การบริหารส่วนตำบล,ท่าหมอไทร
6026,สงขลา,จะนะ,องค์การบริหารส่วนตำบล,นาหว้า
6027,สงขลา,จะนะ,องค์การบริหารส่วนตำบล,น้ำขาว
6028,สงขลา,จะนะ,องค์การบริหารส่วนตำบล,ป่าชิง
6029,สงขลา,จะนะ,องค์การบริหารส่วนตำบล,สะกอม
6030,สงขลา,จะนะ,องค์การบริหารส่วนตำบล,สะพานไม้แก่น
6031,สงขลา,เทพา,องค์การบริหารส่วนตำบล,เกาะสะบ้า
6032,สงขลา,เทพา,องค์การบริหารส่วนตำบล,ท่าม่วง
6033,สงขลา,เทพา,องค์การบริหารส่วนตำบล,เทพา
6034,สงขลา,เทพา,องค์การบริหารส่วนตำบล,ปากบาง
6035,สงขลา,เทพา,องค์การบริหารส่วนตำบล,วังใหญ่
6036,สงขลา,เทพา,องค์การบริหารส่วนตำบล,สะกอม
6037,สงขลา,นาทวี,องค์การบริหารส่วนตำบล,คลองกวาง
6038,สงขลา,นาทวี,องค์การบริหารส่วนตำบล,คลองทราย
6039,สงขลา,นาทวี,องค์การบริหารส่วนตำบล,ฉาง
6040,สงขลา,นาทวี,องค์การบริหารส่วนตำบล,ทับช้าง
6041,สงขลา,นาทวี,องค์การบริหารส่วนตำบล,ท่าประดู่
6042,สงขลา,นาทวี,องค์การบริหารส่วนตำบล,นาหมอศรี
6043,สงขลา,นาทวี,องค์การบริหารส่วนตำบล,ประกอบ
6044,สงขลา,นาทวี,องค์การบริหารส่วนตำบล,ปลักหนู
6045,สงขลา,นาทวี,องค์การบริหารส่วนตำบล,สะท้อน
6046,สงขลา,นาหม่อม,องค์การบริหารส่วนตำบล,คลองหรัง
6047,สงขลา,นาหม่อม,องค์การบริหารส่วนตำบล,ทุ่งขมิ้น
6048,สงขลา,นาหม่อม,องค์การบริหารส่วนตำบล,นาหม่อม
6049,สงขลา,นาหม่อม,องค์การบริหารส่วนตำบล,พิจิตร
6050,สงขลา,บางกล่ำ,องค์การบริหารส่วนตำบล,บางกล่ำ
6051,สงขลา,บางกล่ำ,องค์การบริหารส่วนตำบล,แม่ทอม
6052,สงขลา,เมืองสงขลา,องค์การบริหารส่วนตำบล,เกาะยอ
6053,สงขลา,เมืองสงขลา,องค์การบริหารส่วนตำบล,ทุ่งหวัง
6054,สงขลา,ระโนด,องค์การบริหารส่วนตำบล,คลองแดน
6055,สงขลา,ระโนด,องค์การบริหารส่วนตำบล,แดนสงวน
6056,สงขลา,ระโนด,องค์การบริหารส่วนตำบล,ตะเครียะ
6057,สงขลา,ระโนด,องค์การบริหารส่วนตำบล,ท่าบอน
6058,สงขลา,ระโนด,องค์การบริหารส่วนตำบล,บ้านขาว
6059,สงขลา,ระโนด,องค์การบริหารส่วนตำบล,บ้านใหม่
6060,สงขลา,ระโนด,องค์การบริหารส่วนตำบล,พังยาง
6061,สงขลา,ระโนด,องค์การบริหารส่วนตำบล,ระโนด
6062,สงขลา,ระโนด,องค์การบริหารส่วนตำบล,ระวะ
6063,สงขลา,ระโนด,องค์การบริหารส่วนตำบล,วัดสน
6064,สงขลา,รัตภูมิ,องค์การบริหารส่วนตำบล,เขาพระ
6065,สงขลา,รัตภูมิ,องค์การบริหารส่วนตำบล,ควนรู
6066,สงขลา,รัตภูมิ,องค์การบริหารส่วนตำบล,ท่าชะมวง
6067,สงขลา,สทิงพระ,องค์การบริหารส่วนตำบล,กระดังงา
6068,สงขลา,สทิงพระ,องค์การบริหารส่วนตำบล,คลองรี
6069,สงขลา,สทิงพระ,องค์การบริหารส่วนตำบล,คูขุด
6070,สงขลา,สทิงพระ,องค์การบริหารส่วนตำบล,จะทิ้งพระ
6071,สงขลา,สทิงพระ,องค์การบริหารส่วนตำบล,ชุมพล
6072,สงขลา,สทิงพระ,องค์การบริหารส่วนตำบล,ดีหลวง
6073,สงขลา,สทิงพระ,องค์การบริหารส่วนตำบล,ท่าหิน
6074,สงขลา,สทิงพระ,องค์การบริหารส่วนตำบล,บ่อดาน
6075,สงขลา,สทิงพระ,องค์การบริหารส่วนตำบล,บ่อแดง
6076,สงขลา,สทิงพระ,องค์การบริหารส่วนตำบล,วัดจันทร์
6077,สงขลา,สทิงพระ,องค์การบริหารส่วนตำบล,สนามชัย
6078,สงขลา,สะเดา,องค์การบริหารส่วนตำบล,เขามีเกียรติ
6079,สงขลา,สะเดา,องค์การบริหารส่วนตำบล,ท่าโพธิ์
6080,สงขลา,สะเดา,องค์การบริหารส่วนตำบล,ทุ่งหมอ
6081,สงขลา,สะเดา,องค์การบริหารส่วนตำบล,ปริก
6082,สงขลา,สะเดา,องค์การบริหารส่วนตำบล,พังลา
6083,สงขลา,สะเดา,องค์การบริหารส่วนตำบล,สำนักแต้ว
6084,สงขลา,สะบ้าย้อย,องค์การบริหารส่วนตำบล,เขาแดง
6085,สงขลา,สะบ้าย้อย,องค์การบริหารส่วนตำบล,คูหา
6086,สงขลา,สะบ้าย้อย,องค์การบริหารส่วนตำบล,จะแหน
6087,สงขลา,สะบ้าย้อย,องค์การบริหารส่วนตำบล,ทุ่งพอ
6088,สงขลา,สะบ้าย้อย,องค์การบริหารส่วนตำบล,ธารคีรี
6089,สงขลา,สะบ้าย้อย,องค์การบริหารส่วนตำบล,บ้านโหนด
6090,สงขลา,สะบ้าย้อย,องค์การบริหารส่วนตำบล,บาโหย
6091,สงขลา,สะบ้าย้อย,องค์การบริหารส่วนตำบล,เปียน
6092,สงขลา,สิงหนคร,องค์การบริหารส่วนตำบล,ชิงโค
6093,สงขลา,สิงหนคร,องค์การบริหารส่วนตำบล,ทำนบ
6094,สงขลา,สิงหนคร,องค์การบริหารส่วนตำบล,บางเขียด
6095,สงขลา,สิงหนคร,องค์การบริหารส่วนตำบล,ปากรอ
6096,สงขลา,สิงหนคร,องค์การบริหารส่วนตำบล,ป่าขาด
6097,สงขลา,สิงหนคร,องค์การบริหารส่วนตำบล,รำแดง
6098,สงขลา,สิงหนคร,องค์การบริหารส่วนตำบล,วัดขนุน
6099,สงขลา,หาดใหญ่,องค์การบริหารส่วนตำบล,คลองอู่ตะเภา
6100,สงขลา,หาดใหญ่,องค์การบริหารส่วนตำบล,ท่าข้าม
6101,สงขลา,หาดใหญ่,องค์การบริหารส่วนตำบล,ทุ่งใหญ่
6102,สงขลา,หาดใหญ่,องค์การบริหารส่วนตำบล,พะตง
6103,สตูล,เมืองสตูล,องค์การบริหารส่วนจังหวัด,สตูล
6104,สตูล,เมืองสตูล,เทศบาลเมือง,สตูล
6105,สตูล,ควนกาหลง,เทศบาลตำบล,ควนกาหลง
6106,สตูล,ควนกาหลง,เทศบาลตำบล,ทุ่งนุ้ย
6107,สตูล,ควนโดน,เทศบาลตำบล,ควนโดน
6108,สตูล,ทุ่งหว้า,เทศบาลตำบล,ทุ่งหว้า
6109,สตูล,เมืองสตูล,เทศบาลตำบล,คลองขุด
6110,สตูล,เมืองสตูล,เทศบาลตำบล,เจ๊ะบิลัง
6111,สตูล,เมืองสตูล,เทศบาลตำบล,ฉลุง
6112,สตูล,เมืองสตูล,เทศบาลตำบล,บ้านควน
6113,สตูล,ละงู,เทศบาลตำบล,กำแพง
6114,สตูล,ละงู,เทศบาลตำบล,กำแพงเมืองใหม่
6115,สตูล,ควนกาหลง,องค์การบริหารส่วนตำบล,อุใดเจริญ
6116,สตูล,ควนโดน,องค์การบริหารส่วนตำบล,ควนโดน
6117,สตูล,ควนโดน,องค์การบริหารส่วนตำบล,ควนสตอ
6118,สตูล,ควนโดน,องค์การบริหารส่วนตำบล,ย่านซื่อ
6119,สตูล,ควนโดน,องค์การบริหารส่วนตำบล,วังประจัน
6120,สตูล,ท่าแพ,องค์การบริหารส่วนตำบล,ท่าแพ
6121,สตูล,ท่าแพ,องค์การบริหารส่วนตำบล,ท่าเรือ
6122,สตูล,ท่าแพ,องค์การบริหารส่วนตำบล,แป-ระ
6123,สตูล,ท่าแพ,องค์การบริหารส่วนตำบล,สาคร
6124,สตูล,ทุ่งหว้า,องค์การบริหารส่วนตำบล,ขอนคลาน
6125,สตูล,ทุ่งหว้า,องค์การบริหารส่วนตำบล,ทุ่งบุหลัง
6126,สตูล,ทุ่งหว้า,องค์การบริหารส่วนตำบล,ทุ่งหว้า
6127,สตูล,ทุ่งหว้า,องค์การบริหารส่วนตำบล,นาทอน
6128,สตูล,ทุ่งหว้า,องค์การบริหารส่วนตำบล,ป่าแก่บ่อหิน
6129,สตูล,มะนัง,องค์การบริหารส่วนตำบล,นิคมพัฒนา
6130,สตูล,มะนัง,องค์การบริหารส่วนตำบล,ปาล์มพัฒนา
6131,สตูล,เมืองสตูล,องค์การบริหารส่วนตำบล,เกตรี
6132,สตูล,เมืองสตูล,องค์การบริหารส่วนตำบล,เกาะสาหร่าย
6133,สตูล,เมืองสตูล,องค์การบริหารส่วนตำบล,ควนขัน
6134,สตูล,เมืองสตูล,องค์การบริหารส่วนตำบล,ควนโพธิ์
6135,สตูล,เมืองสตูล,องค์การบริหารส่วนตำบล,เจ๊ะบิลัง
6136,สตูล,เมืองสตูล,องค์การบริหารส่วนตำบล,ฉลุง
6137,สตูล,เมืองสตูล,องค์การบริหารส่วนตำบล,ตันหยงโป
6138,สตูล,เมืองสตูล,องค์การบริหารส่วนตำบล,ตำมะลัง
6139,สตูล,เมืองสตูล,องค์การบริหารส่วนตำบล,ปูยู
6140,สตูล,ละงู,องค์การบริหารส่วนตำบล,เขาขาว
6141,สตูล,ละงู,องค์การบริหารส่วนตำบล,น้ำผุด
6142,สตูล,ละงู,องค์การบริหารส่วนตำบล,ปากน้ำ
6143,สตูล,ละงู,องค์การบริหารส่วนตำบล,ละงู
6144,สตูล,ละงู,องค์การบริหารส่วนตำบล,แหลมสน
6145,สมุทรปราการ,เมืองสมุทรปราการ,องค์การบริหารส่วนจังหวัด,สมุทรปราการ
6146,สมุทรปราการ,เมืองสมุทรปราการ,เทศบาลนคร,สมุทรปราการ
6147,สมุทรปราการ,บางพลี,เทศบาลเมือง,บางแก้ว
6148,สมุทรปราการ,พระประแดง,เทศบาลเมือง,ปู่เจ้าสมิงพราย
6149,สมุทรปราการ,พระประแดง,เทศบาลเมือง,พระประแดง
6150,สมุทรปราการ,พระประแดง,เทศบาลเมือง,ลัดหลวง
6151,สมุทรปราการ,เมืองสมุทรปราการ,เทศบาลเมือง,ปากน้ำสมุทรปราการ
6152,สมุทรปราการ,เมืองสมุทรปราการ,เทศบาลเมือง,แพรกษา
6153,สมุทรปราการ,เมืองสมุทรปราการ,เทศบาลเมือง,แพรกษาใหม่
6154,สมุทรปราการ,บางบ่อ,เทศบาลตำบล,คลองด่าน
6155,สมุทรปราการ,บางบ่อ,เทศบาลตำบล,คลองสวน
6156,สมุทรปราการ,บางบ่อ,เทศบาลตำบล,บางบ่อ
6157,สมุทรปราการ,บางบ่อ,เทศบาลตำบล,บางพลีน้อย
6158,สมุทรปราการ,บางพลี,เทศบาลตำบล,บางพลี
6159,สมุทรปราการ,บางเสาธง,เทศบาลตำบล,บางเสาธง
6160,สมุทรปราการ,พระสมุทรเจดีย์,เทศบาลตำบล,พระสมุทรเจดีย์
6161,สมุทรปราการ,พระสมุทรเจดีย์,เทศบาลตำบล,แหลมฟ้าผ่า
6162,สมุทรปราการ,เมืองสมุทรปราการ,เทศบาลตำบล,ด่านสำโรง
6163,สมุทรปราการ,เมืองสมุทรปราการ,เทศบาลตำบล,เทพารักษ์
6164,สมุทรปราการ,เมืองสมุทรปราการ,เทศบาลตำบล,บางปู
6165,สมุทรปราการ,เมืองสมุทรปราการ,เทศบาลตำบล,บางเมือง
6166,สมุทรปราการ,เมืองสมุทรปราการ,เทศบาลตำบล,แพรกษา
6167,สมุทรปราการ,เมืองสมุทรปราการ,เทศบาลตำบล,สำโรงเหนือ
6168,สมุทรปราการ,บางบ่อ,องค์การบริหารส่วนตำบล,คลองด่าน
6169,สมุทรปราการ,บางบ่อ,องค์การบริหารส่วนตำบล,คลองนิยมยาตรา
6170,สมุทรปราการ,บางบ่อ,องค์การบริหารส่วนตำบล,บางบ่อ
6171,สมุทรปราการ,บางบ่อ,องค์การบริหารส่วนตำบล,บางเพรียง
6172,สมุทรปราการ,บางบ่อ,องค์การบริหารส่วนตำบล,บ้านระกาศ
6173,สมุทรปราการ,บางบ่อ,องค์การบริหารส่วนตำบล,เปร็ง
6174,สมุทรปราการ,บางพลี,องค์การบริหารส่วนตำบล,บางโฉลง
6175,สมุทรปราการ,บางพลี,องค์การบริหารส่วนตำบล,บางปลา
6176,สมุทรปราการ,บางพลี,องค์การบริหารส่วนตำบล,บางพลีใหญ่
6177,สมุทรปราการ,บางพลี,องค์การบริหารส่วนตำบล,ราชาเทวะ
6178,สมุทรปราการ,บางพลี,องค์การบริหารส่วนตำบล,หนองปรือ
6179,สมุทรปราการ,บางเสาธง,องค์การบริหารส่วนตำบล,บางเสาธง
6180,สมุทรปราการ,บางเสาธง,องค์การบริหารส่วนตำบล,ศีรษะจรเข้น้อย
6181,สมุทรปราการ,บางเสาธง,องค์การบริหารส่วนตำบล,ศีรษะจรเข้ใหญ่
6182,สมุทรปราการ,พระประแดง,องค์การบริหารส่วนตำบล,ทรงคนอง
6183,สมุทรปราการ,พระประแดง,องค์การบริหารส่วนตำบล,บางกระสอบ
6184,สมุทรปราการ,พระประแดง,องค์การบริหารส่วนตำบล,บางกอบัว
6185,สมุทรปราการ,พระประแดง,องค์การบริหารส่วนตำบล,บางกะเจ้า
6186,สมุทรปราการ,พระประแดง,องค์การบริหารส่วนตำบล,บางน้ำผึ้ง
6187,สมุทรปราการ,พระประแดง,องค์การบริหารส่วนตำบล,บางยอ
6188,สมุทรปราการ,พระสมุทรเจดีย์,องค์การบริหารส่วนตำบล,นาเกลือ
6189,สมุทรปราการ,พระสมุทรเจดีย์,องค์การบริหารส่วนตำบล,ในคลองบางปลากด
6190,สมุทรปราการ,พระสมุทรเจดีย์,องค์การบริหารส่วนตำบล,บ้านคลองสวน
6191,สมุทรปราการ,พระสมุทรเจดีย์,องค์การบริหารส่วนตำบล,แหลมฟ้าผ่า
6192,สมุทรปราการ,เมืองสมุทรปราการ,องค์การบริหารส่วนตำบล,บางด้วน
6193,สมุทรปราการ,เมืองสมุทรปราการ,องค์การบริหารส่วนตำบล,บางโปรง
6194,สมุทรสงคราม,เมืองสมุทรสงคราม,องค์การบริหารส่วนจังหวัด,สมุทรสงคราม
6195,สมุทรสงคราม,เมืองสมุทรสงคราม,เทศบาลเมือง,สมุทรสงคราม
6196,สมุทรสงคราม,บางคนที,เทศบาลตำบล,กระดังงา
6197,สมุทรสงคราม,บางคนที,เทศบาลตำบล,จอมปลวก
6198,สมุทรสงคราม,บางคนที,เทศบาลตำบล,บางกระบือ
6199,สมุทรสงคราม,บางคนที,เทศบาลตำบล,บางนกแขวก
6200,สมุทรสงคราม,บางคนที,เทศบาลตำบล,บางยี่รงค์
6201,สมุทรสงคราม,เมืองสมุทรสงคราม,เทศบาลตำบล,คลองโคน
6202,สมุทรสงคราม,เมืองสมุทรสงคราม,เทศบาลตำบล,บางจะเกร็ง
6203,สมุทรสงคราม,เมืองสมุทรสงคราม,เทศบาลตำบล,บ้านปรก
6204,สมุทรสงคราม,เมืองสมุทรสงคราม,เทศบาลตำบล,แหลมใหญ่
6205,สมุทรสงคราม,อัมพวา,เทศบาลตำบล,สวนหลวง
6206,สมุทรสงคราม,อัมพวา,เทศบาลตำบล,เหมืองใหม่
6207,สมุทรสงคราม,อัมพวา,เทศบาลตำบล,อัมพวา
6208,สมุทรสงคราม,บางคนที,องค์การบริหารส่วนตำบล,กระดังงา
6209,สมุทรสงคราม,บางคนที,องค์การบริหารส่วนตำบล,ดอนมะโนรา
6210,สมุทรสงคราม,บางคนที,องค์การบริหารส่วนตำบล,บางคนที
6211,สมุทรสงคราม,บางคนที,องค์การบริหารส่วนตำบล,บางพรม
6212,สมุทรสงคราม,บางคนที,องค์การบริหารส่วนตำบล,บางสะแก
6213,สมุทรสงคราม,บางคนที,องค์การบริหารส่วนตำบล,โรงหีบ
6214,สมุทรสงคราม,เมืองสมุทรสงคราม,องค์การบริหารส่วนตำบล,คลองเขิน
6215,สมุทรสงคราม,เมืองสมุทรสงคราม,องค์การบริหารส่วนตำบล,ท้ายหาด
6216,สมุทรสงคราม,เมืองสมุทรสงคราม,องค์การบริหารส่วนตำบล,นางตะเคียน
6217,สมุทรสงคราม,เมืองสมุทรสงคราม,องค์การบริหารส่วนตำบล,บางแก้ว
6218,สมุทรสงคราม,เมืองสมุทรสงคราม,องค์การบริหารส่วนตำบล,บางขันแตก
6219,สมุทรสงคราม,เมืองสมุทรสงคราม,องค์การบริหารส่วนตำบล,ลาดใหญ่
6220,สมุทรสงคราม,อัมพวา,องค์การบริหารส่วนตำบล,แควอ้อม
6221,สมุทรสงคราม,อัมพวา,องค์การบริหารส่วนตำบล,ท่าคา
6222,สมุทรสงคราม,อัมพวา,องค์การบริหารส่วนตำบล,บางแค
6223,สมุทรสงคราม,อัมพวา,องค์การบริหารส่วนตำบล,บางช้าง
6224,สมุทรสงคราม,อัมพวา,องค์การบริหารส่วนตำบล,บางนางลี่
6225,สมุทรสงคราม,อัมพวา,องค์การบริหารส่วนตำบล,ปลายโพงพาง
6226,สมุทรสงคราม,อัมพวา,องค์การบริหารส่วนตำบล,แพรกหนามแดง
6227,สมุทรสงคราม,อัมพวา,องค์การบริหารส่วนตำบล,ยี่สาร
6228,สมุทรสงคราม,อัมพวา,องค์การบริหารส่วนตำบล,วัดประดู่
6229,สมุทรสงคราม,อัมพวา,องค์การบริหารส่วนตำบล,เหมืองใหม่
6230,สมุทรสาคร,เมืองสมุทรสาคร,องค์การบริหารส่วนจังหวัด,สมุทรสาคร
6231,สมุทรสาคร,กระทุ่มแบน,เทศบาลนคร,อ้อมน้อย
6232,สมุทรสาคร,เมืองสมุทรสาคร,เทศบาลนคร,สมุทรสาคร
6233,สมุทรสาคร,กระทุ่มแบน,เทศบาลเมือง,กระทุ่มแบน
6234,สมุทรสาคร,กระทุ่มแบน,เทศบาลเมือง,คลองมะเดื่อ
6235,สมุทรสาคร,เมืองสมุทรสาคร,เทศบาลเมือง,โคกขาม
6236,สมุทรสาคร,เมืองสมุทรสาคร,เทศบาลเมือง,พันท้ายนรสิงห์
6237,สมุทรสาคร,กระทุ่มแบน,เทศบาลตำบล,แคราย
6238,สมุทรสาคร,กระทุ่มแบน,เทศบาลตำบล,ดอนไก่ดี
6239,สมุทรสาคร,กระทุ่มแบน,เทศบาลตำบล,สวนหลวง
6240,สมุทรสาคร,บ้านแพ้ว,เทศบาลตำบล,เกษตรพัฒนา
6241,สมุทรสาคร,บ้านแพ้ว,เทศบาลตำบล,บ้านแพ้ว
6242,สมุทรสาคร,บ้านแพ้ว,เทศบาลตำบล,หลักห้า
6243,สมุทรสาคร,เมืองสมุทรสาคร,เทศบาลตำบล,คอกกระบือ
6244,สมุทรสาคร,เมืองสมุทรสาคร,เทศบาลตำบล,ชัยมงคล
6245,สมุทรสาคร,เมืองสมุทรสาคร,เทศบาลตำบล,ท่าจีน
6246,สมุทรสาคร,เมืองสมุทรสาคร,เทศบาลตำบล,นาดี
6247,สมุทรสาคร,เมืองสมุทรสาคร,เทศบาลตำบล,บางปลา
6248,สมุทรสาคร,เมืองสมุทรสาคร,เทศบาลตำบล,บางหญ้าแพรก
6249,สมุทรสาคร,กระทุ่มแบน,องค์การบริหารส่วนตำบล,ท่าไม้
6250,สมุทรสาคร,กระทุ่มแบน,องค์การบริหารส่วนตำบล,ท่าเสา
6251,สมุทรสาคร,กระทุ่มแบน,องค์การบริหารส่วนตำบล,บางยาง
6252,สมุทรสาคร,กระทุ่มแบน,องค์การบริหารส่วนตำบล,หนองนกไข่
6253,สมุทรสาคร,บ้านแพ้ว,องค์การบริหารส่วนตำบล,คลองตัน
6254,สมุทรสาคร,บ้านแพ้ว,องค์การบริหารส่วนตำบล,เจ็ดริ้ว
6255,สมุทรสาคร,บ้านแพ้ว,องค์การบริหารส่วนตำบล,บ้านแพ้ว
6256,สมุทรสาคร,บ้านแพ้ว,องค์การบริหารส่วนตำบล,สวนส้ม
6257,สมุทรสาคร,บ้านแพ้ว,องค์การบริหารส่วนตำบล,หลักสอง
6258,สมุทรสาคร,บ้านแพ้ว,องค์การบริหารส่วนตำบล,หลักสาม
6259,สมุทรสาคร,บ้านแพ้ว,องค์การบริหารส่วนตำบล,อำแพง
6260,สมุทรสาคร,เมืองสมุทรสาคร,องค์การบริหารส่วนตำบล,กาหลง
6261,สมุทรสาคร,เมืองสมุทรสาคร,องค์การบริหารส่วนตำบล,ท่าทราย
6262,สมุทรสาคร,เมืองสมุทรสาคร,องค์การบริหารส่วนตำบล,นาโคก
6263,สมุทรสาคร,เมืองสมุทรสาคร,องค์การบริหารส่วนตำบล,บางกระเจ้า
6264,สมุทรสาคร,เมืองสมุทรสาคร,องค์การบริหารส่วนตำบล,บางโทรัด
6265,สมุทรสาคร,เมืองสมุทรสาคร,องค์การบริหารส่วนตำบล,บางน้ำจืด
6266,สมุทรสาคร,เมืองสมุทรสาคร,องค์การบริหารส่วนตำบล,บ้านเกาะ
6267,สมุทรสาคร,เมืองสมุทรสาคร,องค์การบริหารส่วนตำบล,บ้านบ่อ
6268,สระแก้ว,เมืองสระแก้ว,องค์การบริหารส่วนจังหวัด,สระแก้ว
6269,สระแก้ว,เมืองสระแก้ว,เทศบาลเมือง,สระแก้ว
6270,สระแก้ว,วังน้ำเย็น,เทศบาลเมือง,วังน้ำเย็น
6271,สระแก้ว,อรัญประเทศ,เทศบาลเมือง,อรัญญประเทศ
6272,สระแก้ว,เขาฉกรรจ์,เทศบาลตำบล,เขาฉกรรจ์
6273,สระแก้ว,คลองหาด,เทศบาลตำบล,คลองหาด
6274,สระแก้ว,โคกสูง,เทศบาลตำบล,โคกสูง
6275,สระแก้ว,ตาพระยา,เทศบาลตำบล,ตาพระยา
6276,สระแก้ว,เมืองสระแก้ว,เทศบาลตำบล,ท่าเกษม
6277,สระแก้ว,เมืองสระแก้ว,เทศบาลตำบล,ศาลาลำดวน
6278,สระแก้ว,วังสมบูรณ์,เทศบาลตำบล,วังทอง
6279,สระแก้ว,วังสมบูรณ์,เทศบาลตำบล,วังสมบูรณ์
6280,สระแก้ว,วัฒนานคร,เทศบาลตำบล,แซร์ออ
6281,สระแก้ว,วัฒนานคร,เทศบาลตำบล,วัฒนานคร
6282,สระแก้ว,อรัญประเทศ,เทศบาลตำบล,ท่าข้าม
6283,สระแก้ว,อรัญประเทศ,เทศบาลตำบล,บ้านด่าน
6284,สระแก้ว,อรัญประเทศ,เทศบาลตำบล,บ้านใหม่หนองไทร
6285,สระแก้ว,อรัญประเทศ,เทศบาลตำบล,ป่าไร่
6286,สระแก้ว,อรัญประเทศ,เทศบาลตำบล,ฟากห้วย
6287,สระแก้ว,เขาฉกรรจ์,องค์การบริหารส่วนตำบล,เขาฉกรรจ์
6288,สระแก้ว,เขาฉกรรจ์,องค์การบริหารส่วนตำบล,เขาสามสิบ
6289,สระแก้ว,เขาฉกรรจ์,องค์การบริหารส่วนตำบล,พระเพลิง
6290,สระแก้ว,เขาฉกรรจ์,องค์การบริหารส่วนตำบล,หนองหว้า
6291,สระแก้ว,คลองหาด,องค์การบริหารส่วนตำบล,คลองไก่เถื่อน
6292,สระแก้ว,คลองหาด,องค์การบริหารส่วนตำบล,ซับมะกรูด
6293,สระแก้ว,คลองหาด,องค์การบริหารส่วนตำบล,ไทยอุดม
6294,สระแก้ว,คลองหาด,องค์การบริหารส่วนตำบล,ไทรเดี่ยว
6295,สระแก้ว,คลองหาด,องค์การบริหารส่วนตำบล,ไทรทอง
6296,สระแก้ว,คลองหาด,องค์การบริหารส่วนตำบล,เบญจขร
6297,สระแก้ว,โคกสูง,องค์การบริหารส่วนตำบล,โนนหมากมุ่น
6298,สระแก้ว,โคกสูง,องค์การบริหารส่วนตำบล,หนองม่วง
6299,สระแก้ว,โคกสูง,องค์การบริหารส่วนตำบล,หนองแวง
6300,สระแก้ว,ตาพระยา,องค์การบริหารส่วนตำบล,โคคลาน
6301,สระแก้ว,ตาพระยา,องค์การบริหารส่วนตำบล,ตาพระยา
6302,สระแก้ว,ตาพระยา,องค์การบริหารส่วนตำบล,ทัพไทย
6303,สระแก้ว,ตาพระยา,องค์การบริหารส่วนตำบล,ทัพราช
6304,สระแก้ว,ตาพระยา,องค์การบริหารส่วนตำบล,ทัพเสด็จ
6305,สระแก้ว,เมืองสระแก้ว,องค์การบริหารส่วนตำบล,โคกปี่ฆ้อง
6306,สระแก้ว,เมืองสระแก้ว,องค์การบริหารส่วนตำบล,ท่าเกษม
6307,สระแก้ว,เมืองสระแก้ว,องค์การบริหารส่วนตำบล,ท่าแยก
6308,สระแก้ว,เมืองสระแก้ว,องค์การบริหารส่วนตำบล,บ้านแก้ง
6309,สระแก้ว,เมืองสระแก้ว,องค์การบริหารส่วนตำบล,ศาลาลำดวน
6310,สระแก้ว,เมืองสระแก้ว,องค์การบริหารส่วนตำบล,สระแก้ว
6311,สระแก้ว,เมืองสระแก้ว,องค์การบริหารส่วนตำบล,สระขวัญ
6312,สระแก้ว,เมืองสระแก้ว,องค์การบริหารส่วนตำบล,หนองบอน
6313,สระแก้ว,วังน้ำเย็น,องค์การบริหารส่วนตำบล,คลองหินปูน
6314,สระแก้ว,วังน้ำเย็น,องค์การบริหารส่วนตำบล,ตาหลังใน
6315,สระแก้ว,วังน้ำเย็น,องค์การบริหารส่วนตำบล,ทุ่งมหาเจริญ
6316,สระแก้ว,วังสมบูรณ์,องค์การบริหารส่วนตำบล,วังใหม่
6317,สระแก้ว,วัฒนานคร,องค์การบริหารส่วนตำบล,ช่องกุ่ม
6318,สระแก้ว,วัฒนานคร,องค์การบริหารส่วนตำบล,ท่าเกวียน
6319,สระแก้ว,วัฒนานคร,องค์การบริหารส่วนตำบล,โนนหมากเค็ง
6320,สระแก้ว,วัฒนานคร,องค์การบริหารส่วนตำบล,ผักขะ
6321,สระแก้ว,วัฒนานคร,องค์การบริหารส่วนตำบล,วัฒนานคร
6322,สระแก้ว,วัฒนานคร,องค์การบริหารส่วนตำบล,หนองตะเคียนบอน
6323,สระแก้ว,วัฒนานคร,องค์การบริหารส่วนตำบล,หนองน้ำใส
6324,สระแก้ว,วัฒนานคร,องค์การบริหารส่วนตำบล,หนองแวง
6325,สระแก้ว,วัฒนานคร,องค์การบริหารส่วนตำบล,หนองหมากฝ้าย
6326,สระแก้ว,วัฒนานคร,องค์การบริหารส่วนตำบล,ห้วยโจด
6327,สระแก้ว,อรัญประเทศ,องค์การบริหารส่วนตำบล,คลองทับจันทร์
6328,สระแก้ว,อรัญประเทศ,องค์การบริหารส่วนตำบล,คลองน้ำใส
6329,สระแก้ว,อรัญประเทศ,องค์การบริหารส่วนตำบล,ทับพริก
6330,สระแก้ว,อรัญประเทศ,องค์การบริหารส่วนตำบล,ผ่านศึก
6331,สระแก้ว,อรัญประเทศ,องค์การบริหารส่วนตำบล,เมืองไผ่
6332,สระแก้ว,อรัญประเทศ,องค์การบริหารส่วนตำบล,หนองสังข์
6333,สระแก้ว,อรัญประเทศ,องค์การบริหารส่วนตำบล,หันทราย
6334,สระบุรี,เมืองสระบุรี,องค์การบริหารส่วนจังหวัด,สระบุรี
6335,สระบุรี,แก่งคอย,เทศบาลเมือง,แก่งคอย
6336,สระบุรี,แก่งคอย,เทศบาลเมือง,ทับกวาง
6337,สระบุรี,พระพุทธบาท,เทศบาลเมือง,พระพุทธบาท
6338,สระบุรี,เมืองสระบุรี,เทศบาลเมือง,สระบุรี
6339,สระบุรี,เฉลิมพระเกียรติ,เทศบาลตำบล,หน้าพระลาน
6340,สระบุรี,ดอนพุด,เทศบาลตำบล,ดอนพุด
6341,สระบุรี,บ้านหมอ,เทศบาลตำบล,ตลาดน้อย
6342,สระบุรี,บ้านหมอ,เทศบาลตำบล,ท่าลาน
6343,สระบุรี,บ้านหมอ,เทศบาลตำบล,บางโขมด
6344,สระบุรี,บ้านหมอ,เทศบาลตำบล,บ้านหมอ
6345,สระบุรี,บ้านหมอ,เทศบาลตำบล,สร่างโศก
6346,สระบุรี,บ้านหมอ,เทศบาลตำบล,หนองบัว
6347,สระบุรี,พระพุทธบาท,เทศบาลตำบล,ธารเกษม
6348,สระบุรี,พระพุทธบาท,เทศบาลตำบล,นายาว
6349,สระบุรี,พระพุทธบาท,เทศบาลตำบล,พุกร่าง
6350,สระบุรี,พระพุทธบาท,เทศบาลตำบล,หนองแก
6351,สระบุรี,พระพุทธบาท,เทศบาลตำบล,ห้วยป่าหวาย
6352,สระบุรี,มวกเหล็ก,เทศบาลตำบล,มวกเหล็ก
6353,สระบุรี,เมืองสระบุรี,เทศบาลตำบล,กุดนกเปล้า
6354,สระบุรี,เมืองสระบุรี,เทศบาลตำบล,ตะกุด
6355,สระบุรี,เมืองสระบุรี,เทศบาลตำบล,ป๊อกแป๊ก
6356,สระบุรี,วังม่วง,เทศบาลตำบล,คำพราน
6357,สระบุรี,วังม่วง,เทศบาลตำบล,วังม่วง
6358,สระบุรี,วังม่วง,เทศบาลตำบล,แสลงพัน
6359,สระบุรี,วิหารแดง,เทศบาลตำบล,บ้านลำ
6360,สระบุรี,วิหารแดง,เทศบาลตำบล,วิหารแดง
6361,สระบุรี,วิหารแดง,เทศบาลตำบล,หนองหมู
6362,สระบุรี,เสาไห้,เทศบาลตำบล,ต้นตาล-พระยาทด
6363,สระบุรี,เสาไห้,เทศบาลตำบล,บ้านยาง
6364,สระบุรี,เสาไห้,เทศบาลตำบล,เมืองเก่า
6365,สระบุรี,เสาไห้,เทศบาลตำบล,สวนดอกไม้
6366,สระบุรี,เสาไห้,เทศบาลตำบล,เสาไห้
6367,สระบุรี,เสาไห้,เทศบาลตำบล,หัวปลวก
6368,สระบุรี,หนองแค,เทศบาลตำบล,คชสิทธิ์
6369,สระบุรี,หนองแค,เทศบาลตำบล,ไผ่ต่ำ
6370,สระบุรี,หนองแค,เทศบาลตำบล,หนองแค
6371,สระบุรี,หนองแค,เทศบาลตำบล,หินกอง
6372,สระบุรี,หนองแซง,เทศบาลตำบล,หนองแซง
6373,สระบุรี,หนองโดน,เทศบาลตำบล,หนองโดน
6374,สระบุรี,แก่งคอย,องค์การบริหารส่วนตำบล,ชะอม
6375,สระบุรี,แก่งคอย,องค์การบริหารส่วนตำบล,ชำผักแพว
6376,สระบุรี,แก่งคอย,องค์การบริหารส่วนตำบล,ตาลเดี่ยว
6377,สระบุรี,แก่งคอย,องค์การบริหารส่วนตำบล,เตาปูน
6378,สระบุรี,แก่งคอย,องค์การบริหารส่วนตำบล,ท่าคล้อ
6379,สระบุรี,แก่งคอย,องค์การบริหารส่วนตำบล,ท่าตูม
6380,สระบุรี,แก่งคอย,องค์การบริหารส่วนตำบล,ท่ามะปราง
6381,สระบุรี,แก่งคอย,องค์การบริหารส่วนตำบล,บ้านป่า
6382,สระบุรี,แก่งคอย,องค์การบริหารส่วนตำบล,สองคอน
6383,สระบุรี,แก่งคอย,องค์การบริหารส่วนตำบล,ห้วยแห้ง
6384,สระบุรี,แก่งคอย,องค์การบริหารส่วนตำบล,หินซ้อน
6385,สระบุรี,เฉลิมพระเกียรติ,องค์การบริหารส่วนตำบล,เขาดินพัฒนา
6386,สระบุรี,เฉลิมพระเกียรติ,องค์การบริหารส่วนตำบล,บ้านแก้ง
6387,สระบุรี,เฉลิมพระเกียรติ,องค์การบริหารส่วนตำบล,ผึ้งรวง
6388,สระบุรี,เฉลิมพระเกียรติ,องค์การบริหารส่วนตำบล,พุแค
6389,สระบุรี,เฉลิมพระเกียรติ,องค์การบริหารส่วนตำบล,หน้าพระลาน
6390,สระบุรี,เฉลิมพระเกียรติ,องค์การบริหารส่วนตำบล,ห้วยบง
6391,สระบุรี,ดอนพุด,องค์การบริหารส่วนตำบล,ดงตะงาว
6392,สระบุรี,บ้านหมอ,องค์การบริหารส่วนตำบล,โคกใหญ่หรเทพ
6393,สระบุรี,บ้านหมอ,องค์การบริหารส่วนตำบล,ไผ่ขวาง
6394,สระบุรี,บ้านหมอ,องค์การบริหารส่วนตำบล,เมืองขีดขิน
6395,สระบุรี,พระพุทธบาท,องค์การบริหารส่วนตำบล,เขาวง
6396,สระบุรี,พระพุทธบาท,องค์การบริหารส่วนตำบล,พุคำจาน
6397,สระบุรี,มวกเหล็ก,องค์การบริหารส่วนตำบล,ซับสนุ่น
6398,สระบุรี,มวกเหล็ก,องค์การบริหารส่วนตำบล,มวกเหล็ก
6399,สระบุรี,มวกเหล็ก,องค์การบริหารส่วนตำบล,มิตรภาพ
6400,สระบุรี,มวกเหล็ก,องค์การบริหารส่วนตำบล,ลำพญากลาง
6401,สระบุรี,มวกเหล็ก,องค์การบริหารส่วนตำบล,ลำสมพุง
6402,สระบุรี,มวกเหล็ก,องค์การบริหารส่วนตำบล,หนองย่างเสือ
6403,สระบุรี,เมืองสระบุรี,องค์การบริหารส่วนตำบล,โคกสว่าง
6404,สระบุรี,เมืองสระบุรี,องค์การบริหารส่วนตำบล,ดาวเรือง
6405,สระบุรี,เมืองสระบุรี,องค์การบริหารส่วนตำบล,ตลิ่งชัน
6406,สระบุรี,เมืองสระบุรี,องค์การบริหารส่วนตำบล,ปากข้าวสาร
6407,สระบุรี,เมืองสระบุรี,องค์การบริหารส่วนตำบล,หนองโน
6408,สระบุรี,เมืองสระบุรี,องค์การบริหารส่วนตำบล,หนองปลาไหล
6409,สระบุรี,เมืองสระบุรี,องค์การบริหารส่วนตำบล,หนองยาว
6410,สระบุรี,วังม่วง,องค์การบริหารส่วนตำบล,วังม่วง
6411,สระบุรี,วิหารแดง,องค์การบริหารส่วนตำบล,คลองเรือ
6412,สระบุรี,วิหารแดง,องค์การบริหารส่วนตำบล,เจริญธรรม
6413,สระบุรี,วิหารแดง,องค์การบริหารส่วนตำบล,วิหารแดง
6414,สระบุรี,วิหารแดง,องค์การบริหารส่วนตำบล,หนองสรวง
6415,สระบุรี,วิหารแดง,องค์การบริหารส่วนตำบล,หนองหมู
6416,สระบุรี,เสาไห้,องค์การบริหารส่วนตำบล,ช้างไทยงาม
6417,สระบุรี,เสาไห้,องค์การบริหารส่วนตำบล,บ้านยาง
6418,สระบุรี,เสาไห้,องค์การบริหารส่วนตำบล,ม่วงงาม
6419,สระบุรี,เสาไห้,องค์การบริหารส่วนตำบล,เริงราง
6420,สระบุรี,หนองแค,องค์การบริหารส่วนตำบล,กุ่มหัก
6421,สระบุรี,หนองแค,องค์การบริหารส่วนตำบล,คชสิทธิ์
6422,สระบุรี,หนองแค,องค์การบริหารส่วนตำบล,โคกตูม-โพนทอง
6423,สระบุรี,หนองแค,องค์การบริหารส่วนตำบล,โคกแย้
6424,สระบุรี,หนองแค,องค์การบริหารส่วนตำบล,บัวลอย
6425,สระบุรี,หนองแค,องค์การบริหารส่วนตำบล,หนองแขม
6426,สระบุรี,หนองแค,องค์การบริหารส่วนตำบล,หนองไข่น้ำ
6427,สระบุรี,หนองแค,องค์การบริหารส่วนตำบล,หนองจรเข้
6428,สระบุรี,หนองแค,องค์การบริหารส่วนตำบล,หนองจิก
6429,สระบุรี,หนองแค,องค์การบริหารส่วนตำบล,หนองนาก
6430,สระบุรี,หนองแค,องค์การบริหารส่วนตำบล,หนองปลาหมอ
6431,สระบุรี,หนองแค,องค์การบริหารส่วนตำบล,หนองปลิง
6432,สระบุรี,หนองแค,องค์การบริหารส่วนตำบล,หนองโรง
6433,สระบุรี,หนองแค,องค์การบริหารส่วนตำบล,ห้วยขมิ้น
6434,สระบุรี,หนองแค,องค์การบริหารส่วนตำบล,ห้วยทราย
6435,สระบุรี,หนองแซง,องค์การบริหารส่วนตำบล,ไก่เส่า
6436,สระบุรี,หนองแซง,องค์การบริหารส่วนตำบล,โคกสะอาด
6437,สระบุรี,หนองแซง,องค์การบริหารส่วนตำบล,ม่วงหวาน
6438,สระบุรี,หนองแซง,องค์การบริหารส่วนตำบล,หนองกบ
6439,สระบุรี,หนองแซง,องค์การบริหารส่วนตำบล,หนองหัวโพ
6440,สระบุรี,หนองโดน,องค์การบริหารส่วนตำบล,ดอนทอง
6441,สระบุรี,หนองโดน,องค์การบริหารส่วนตำบล,บ้านกลับ
6442,สระบุรี,หนองโดน,องค์การบริหารส่วนตำบล,หนองโดน
6443,สิงห์บุรี,เมืองสิงห์บุรี,องค์การบริหารส่วนจังหวัด,สิงห์บุรี
6444,สิงห์บุรี,บางระจัน,เทศบาลเมือง,บางระจัน
6445,สิงห์บุรี,เมืองสิงห์บุรี,เทศบาลเมือง,สิงห์บุรี
6446,สิงห์บุรี,ค่ายบางระจัน,เทศบาลตำบล,โพสังโฆ
6447,สิงห์บุรี,ท่าช้าง,เทศบาลตำบล,ถอนสมอ
6448,สิงห์บุรี,พรหมบุรี,เทศบาลตำบล,บางน้ำเชี่ยว
6449,สิงห์บุรี,พรหมบุรี,เทศบาลตำบล,พรหมบุรี
6450,สิงห์บุรี,อินทร์บุรี,เทศบาลตำบล,ทับยา
6451,สิงห์บุรี,อินทร์บุรี,เทศบาลตำบล,อินทร์บุรี
6452,สิงห์บุรี,ค่ายบางระจัน,องค์การบริหารส่วนตำบล,คอทราย
6453,สิงห์บุรี,ค่ายบางระจัน,องค์การบริหารส่วนตำบล,ค่ายบางระจัน
6454,สิงห์บุรี,ค่ายบางระจัน,องค์การบริหารส่วนตำบล,ท่าข้าม
6455,สิงห์บุรี,ค่ายบางระจัน,องค์การบริหารส่วนตำบล,โพทะเล
6456,สิงห์บุรี,ค่ายบางระจัน,องค์การบริหารส่วนตำบล,โพสังโฆ
6457,สิงห์บุรี,ค่ายบางระจัน,องค์การบริหารส่วนตำบล,หนองกระทุ่ม
6458,สิงห์บุรี,ท่าช้าง,องค์การบริหารส่วนตำบล,โพประจักษ์
6459,สิงห์บุรี,ท่าช้าง,องค์การบริหารส่วนตำบล,วิหารขาว
6460,สิงห์บุรี,บางระจัน,องค์การบริหารส่วนตำบล,บ้านจ่า
6461,สิงห์บุรี,บางระจัน,องค์การบริหารส่วนตำบล,พักทัน
6462,สิงห์บุรี,บางระจัน,องค์การบริหารส่วนตำบล,แม่ลา
6463,สิงห์บุรี,บางระจัน,องค์การบริหารส่วนตำบล,ไม้ดัด
6464,สิงห์บุรี,บางระจัน,องค์การบริหารส่วนตำบล,สระแจง
6465,สิงห์บุรี,พรหมบุรี,องค์การบริหารส่วนตำบล,บ้านแป้ง
6466,สิงห์บุรี,พรหมบุรี,องค์การบริหารส่วนตำบล,บ้านหม้อ
6467,สิงห์บุรี,พรหมบุรี,องค์การบริหารส่วนตำบล,พระงาม
6468,สิงห์บุรี,พรหมบุรี,องค์การบริหารส่วนตำบล,โรงช้าง
6469,สิงห์บุรี,เมืองสิงห์บุรี,องค์การบริหารส่วนตำบล,จักรสีห์
6470,สิงห์บุรี,เมืองสิงห์บุรี,องค์การบริหารส่วนตำบล,ต้นโพธิ์
6471,สิงห์บุรี,เมืองสิงห์บุรี,องค์การบริหารส่วนตำบล,บางกระบือ
6472,สิงห์บุรี,เมืองสิงห์บุรี,องค์การบริหารส่วนตำบล,บางมัญ
6473,สิงห์บุรี,เมืองสิงห์บุรี,องค์การบริหารส่วนตำบล,โพกรวม
6474,สิงห์บุรี,เมืองสิงห์บุรี,องค์การบริหารส่วนตำบล,ม่วงหมู่
6475,สิงห์บุรี,เมืองสิงห์บุรี,องค์การบริหารส่วนตำบล,หัวไผ่
6476,สิงห์บุรี,อินทร์บุรี,องค์การบริหารส่วนตำบล,งิ้วราย
6477,สิงห์บุรี,อินทร์บุรี,องค์การบริหารส่วนตำบล,ชีน้ำร้าย
6478,สิงห์บุรี,อินทร์บุรี,องค์การบริหารส่วนตำบล,ทองเอน
6479,สิงห์บุรี,อินทร์บุรี,องค์การบริหารส่วนตำบล,ท่างาม
6480,สิงห์บุรี,อินทร์บุรี,องค์การบริหารส่วนตำบล,น้ำตาล
6481,สิงห์บุรี,อินทร์บุรี,องค์การบริหารส่วนตำบล,ประศุก
6482,สิงห์บุรี,อินทร์บุรี,องค์การบริหารส่วนตำบล,โพธิ์ชัย
6483,สิงห์บุรี,อินทร์บุรี,องค์การบริหารส่วนตำบล,ห้วยชัน
6484,สิงห์บุรี,อินทร์บุรี,องค์การบริหารส่วนตำบล,อินทร์บุรี
6485,สุโขทัย,เมืองสุโขทัย,องค์การบริหารส่วนจังหวัด,สุโขทัย
6486,สุโขทัย,ทุ่งเสลี่ยม,เทศบาลเมือง,กลางดง
6487,สุโขทัย,เมืองสุโขทัย,เทศบาลเมือง,สุโขทัยธานี
6488,สุโขทัย,ศรีสัชนาลัย,เทศบาลเมือง,ศรีสัชนาลัย
6489,สุโขทัย,สวรรคโลก,เทศบาลเมือง,สวรรคโลก
6490,สุโขทัย,กงไกรลาศ,เทศบาลตำบล,กงไกรลาศ
6491,สุโขทัย,คีรีมาศ,เทศบาลตำบล,ทุ่งหลวง
6492,สุโขทัย,คีรีมาศ,เทศบาลตำบล,บ้านโตนด
6493,สุโขทัย,ทุ่งเสลี่ยม,เทศบาลตำบล,เขาแก้วศรีสมบูรณ์
6494,สุโขทัย,ทุ่งเสลี่ยม,เทศบาลตำบล,ทุ่งเสลี่ยม
6495,สุโขทัย,บ้านด่านลานหอย,เทศบาลตำบล,ตลิ่งชัน
6496,สุโขทัย,บ้านด่านลานหอย,เทศบาลตำบล,ลานหอย
6497,สุโขทัย,เมืองสุโขทัย,เทศบาลตำบล,บ้านกล้วย
6498,สุโขทัย,เมืองสุโขทัย,เทศบาลตำบล,บ้านสวน
6499,สุโขทัย,เมืองสุโขทัย,เทศบาลตำบล,เมืองเก่า
6500,สุโขทัย,ศรีนคร,เทศบาลตำบล,ศรีนคร
6501,สุโขทัย,ศรีสัชนาลัย,เทศบาลตำบล,หาดเสี้ยว
6502,สุโขทัย,ศรีสำโรง,เทศบาลตำบล,ศรีสำโรง
6503,สุโขทัย,สวรรคโลก,เทศบาลตำบล,คลองยาง
6504,สุโขทัย,สวรรคโลก,เทศบาลตำบล,ในเมือง
6505,สุโขทัย,สวรรคโลก,เทศบาลตำบล,ป่ากุมเกาะ
6506,สุโขทัย,สวรรคโลก,เทศบาลตำบล,เมืองบางขลัง
6507,สุโขทัย,กงไกรลาศ,องค์การบริหารส่วนตำบล,กกแรต
6508,สุโขทัย,กงไกรลาศ,องค์การบริหารส่วนตำบล,กง
6509,สุโขทัย,กงไกรลาศ,องค์การบริหารส่วนตำบล,ไกรกลาง
6510,สุโขทัย,กงไกรลาศ,องค์การบริหารส่วนตำบล,ไกรนอก
6511,สุโขทัย,กงไกรลาศ,องค์การบริหารส่วนตำบล,ไกรใน
6512,สุโขทัย,กงไกรลาศ,องค์การบริหารส่วนตำบล,ดงเดือย
6513,สุโขทัย,กงไกรลาศ,องค์การบริหารส่วนตำบล,ท่าฉนวน
6514,สุโขทัย,กงไกรลาศ,องค์การบริหารส่วนตำบล,บ้านใหม่สุขเกษม
6515,สุโขทัย,กงไกรลาศ,องค์การบริหารส่วนตำบล,ป่าแฝก
6516,สุโขทัย,กงไกรลาศ,องค์การบริหารส่วนตำบล,หนองตูม
6517,สุโขทัย,คีรีมาศ,องค์การบริหารส่วนตำบล,โตนด
6518,สุโขทัย,คีรีมาศ,องค์การบริหารส่วนตำบล,ทุ่งยางเมือง
6519,สุโขทัย,คีรีมาศ,องค์การบริหารส่วนตำบล,นาเชิงคีรี
6520,สุโขทัย,คีรีมาศ,องค์การบริหารส่วนตำบล,บ้านน้ำพุ
6521,สุโขทัย,คีรีมาศ,องค์การบริหารส่วนตำบล,บ้านป้อม
6522,สุโขทัย,คีรีมาศ,องค์การบริหารส่วนตำบล,ศรีคีรีมาศ
6523,สุโขทัย,คีรีมาศ,องค์การบริหารส่วนตำบล,สามพวง
6524,สุโขทัย,คีรีมาศ,องค์การบริหารส่วนตำบล,หนองกระดิ่ง
6525,สุโขทัย,คีรีมาศ,องค์การบริหารส่วนตำบล,หนองจิก
6526,สุโขทัย,ทุ่งเสลี่ยม,องค์การบริหารส่วนตำบล,ทุ่งเสลี่ยม
6527,สุโขทัย,ทุ่งเสลี่ยม,องค์การบริหารส่วนตำบล,ไทยชนะศึก
6528,สุโขทัย,ทุ่งเสลี่ยม,องค์การบริหารส่วนตำบล,บ้านใหม่ไชยมงคล
6529,สุโขทัย,บ้านด่านลานหอย,องค์การบริหารส่วนตำบล,บ้านด่าน
6530,สุโขทัย,บ้านด่านลานหอย,องค์การบริหารส่วนตำบล,ลานหอย
6531,สุโขทัย,บ้านด่านลานหอย,องค์การบริหารส่วนตำบล,วังตะคร้อ
6532,สุโขทัย,บ้านด่านลานหอย,องค์การบริหารส่วนตำบล,วังน้ำขาว
6533,สุโขทัย,บ้านด่านลานหอย,องค์การบริหารส่วนตำบล,วังลึก
6534,สุโขทัย,บ้านด่านลานหอย,องค์การบริหารส่วนตำบล,หนองหญ้าปล้อง
6535,สุโขทัย,เมืองสุโขทัย,องค์การบริหารส่วนตำบล,ตาลเตี้ย
6536,สุโขทัย,เมืองสุโขทัย,องค์การบริหารส่วนตำบล,บ้านสวน
6537,สุโขทัย,เมืองสุโขทัย,องค์การบริหารส่วนตำบล,บ้านหลุม
6538,สุโขทัย,เมืองสุโขทัย,องค์การบริหารส่วนตำบล,ปากแคว
6539,สุโขทัย,เมืองสุโขทัย,องค์การบริหารส่วนตำบล,ปากพระ
6540,สุโขทัย,เมืองสุโขทัย,องค์การบริหารส่วนตำบล,เมืองเก่า
6541,สุโขทัย,เมืองสุโขทัย,องค์การบริหารส่วนตำบล,ยางซ้าย
6542,สุโขทัย,เมืองสุโขทัย,องค์การบริหารส่วนตำบล,วังทองแดง
6543,สุโขทัย,ศรีนคร,องค์การบริหารส่วนตำบล,คลองมะพลับ
6544,สุโขทัย,ศรีนคร,องค์การบริหารส่วนตำบล,นครเดิฐ
6545,สุโขทัย,ศรีนคร,องค์การบริหารส่วนตำบล,น้ำขุม
6546,สุโขทัย,ศรีนคร,องค์การบริหารส่วนตำบล,ศรีนคร
6547,สุโขทัย,ศรีนคร,องค์การบริหารส่วนตำบล,หนองบัว
6548,สุโขทัย,ศรีสัชนาลัย,องค์การบริหารส่วนตำบล,ดงคู่
6549,สุโขทัย,ศรีสัชนาลัย,องค์การบริหารส่วนตำบล,บ้านแก่ง
6550,สุโขทัย,ศรีสัชนาลัย,องค์การบริหารส่วนตำบล,บ้านตึก
6551,สุโขทัย,ศรีสัชนาลัย,องค์การบริหารส่วนตำบล,ป่างิ้ว
6552,สุโขทัย,ศรีสัชนาลัย,องค์การบริหารส่วนตำบล,แม่สำ
6553,สุโขทัย,ศรีสัชนาลัย,องค์การบริหารส่วนตำบล,แม่สิน
6554,สุโขทัย,ศรีสัชนาลัย,องค์การบริหารส่วนตำบล,สารจิตร
6555,สุโขทัย,ศรีสัชนาลัย,องค์การบริหารส่วนตำบล,หนองอ้อ
6556,สุโขทัย,ศรีสำโรง,องค์การบริหารส่วนตำบล,เกาะตาเลี้ยง
6557,สุโขทัย,ศรีสำโรง,องค์การบริหารส่วนตำบล,ทับผึ้ง
6558,สุโขทัย,ศรีสำโรง,องค์การบริหารส่วนตำบล,นาขุนไกร
6559,สุโขทัย,ศรีสำโรง,องค์การบริหารส่วนตำบล,บ้านซ่าน
6560,สุโขทัย,ศรีสำโรง,องค์การบริหารส่วนตำบล,บ้านนา
6561,สุโขทัย,ศรีสำโรง,องค์การบริหารส่วนตำบล,บ้านไร่
6562,สุโขทัย,ศรีสำโรง,องค์การบริหารส่วนตำบล,ราวต้นจันทร์
6563,สุโขทัย,ศรีสำโรง,องค์การบริหารส่วนตำบล,วังทอง
6564,สุโขทัย,ศรีสำโรง,องค์การบริหารส่วนตำบล,วังลึก
6565,สุโขทัย,ศรีสำโรง,องค์การบริหารส่วนตำบล,วังใหญ่
6566,สุโขทัย,ศรีสำโรง,องค์การบริหารส่วนตำบล,วัดเกาะ
6567,สุโขทัย,ศรีสำโรง,องค์การบริหารส่วนตำบล,สามเรือน
6568,สุโขทัย,สวรรคโลก,องค์การบริหารส่วนตำบล,คลองกระจง
6569,สุโขทัย,สวรรคโลก,องค์การบริหารส่วนตำบล,ท่าทอง
6570,สุโขทัย,สวรรคโลก,องค์การบริหารส่วนตำบล,นาทุ่ง
6571,สุโขทัย,สวรรคโลก,องค์การบริหารส่วนตำบล,ปากน้ำ
6572,สุโขทัย,สวรรคโลก,องค์การบริหารส่วนตำบล,เมืองบางยม
6573,สุโขทัย,สวรรคโลก,องค์การบริหารส่วนตำบล,ย่านยาว
6574,สุโขทัย,สวรรคโลก,องค์การบริหารส่วนตำบล,วังไม้ขอน
6575,สุโขทัย,สวรรคโลก,องค์การบริหารส่วนตำบล,หนองกลับ
6576,สุพรรณบุรี,เมืองสุพรรณบุรี,องค์การบริหารส่วนจังหวัด,สุพรรณบุรี
6577,สุพรรณบุรี,เมืองสุพรรณบุรี,เทศบาลเมือง,สุพรรณบุรี
6578,สุพรรณบุรี,สองพี่น้อง,เทศบาลเมือง,สองพี่น้อง
6579,สุพรรณบุรี,ดอนเจดีย์,เทศบาลตำบล,ดอนเจดีย์
6580,สุพรรณบุรี,ดอนเจดีย์,เทศบาลตำบล,สระกระโจม
6581,สุพรรณบุรี,ด่านช้าง,เทศบาลตำบล,ด่านช้าง
6582,สุพรรณบุรี,เดิมบางนางบวช,เทศบาลตำบล,เขาดิน
6583,สุพรรณบุรี,เดิมบางนางบวช,เทศบาลตำบล,เขาพระ
6584,สุพรรณบุรี,เดิมบางนางบวช,เทศบาลตำบล,เดิมบาง
6585,สุพรรณบุรี,เดิมบางนางบวช,เทศบาลตำบล,ทุ่งคลี
6586,สุพรรณบุรี,เดิมบางนางบวช,เทศบาลตำบล,นางบวช
6587,สุพรรณบุรี,เดิมบางนางบวช,เทศบาลตำบล,บ่อกรุ
6588,สุพรรณบุรี,เดิมบางนางบวช,เทศบาลตำบล,ปากน้ำ
6589,สุพรรณบุรี,เดิมบางนางบวช,เทศบาลตำบล,หนองกระทุ่ม
6590,สุพรรณบุรี,บางปลาม้า,เทศบาลตำบล,โคกคราม
6591,สุพรรณบุรี,บางปลาม้า,เทศบาลตำบล,ต้นคราม
6592,สุพรรณบุรี,บางปลาม้า,เทศบาลตำบล,ตะค่า
6593,สุพรรณบุรี,บางปลาม้า,เทศบาลตำบล,บางปลาม้า
6594,สุพรรณบุรี,บางปลาม้า,เทศบาลตำบล,บ้านแหลม
6595,สุพรรณบุรี,บางปลาม้า,เทศบาลตำบล,บ้านแหลมพัฒนา
6596,สุพรรณบุรี,บางปลาม้า,เทศบาลตำบล,ไผ่กองดิน
6597,สุพรรณบุรี,บางปลาม้า,เทศบาลตำบล,องครักษ์
6598,สุพรรณบุรี,เมืองสุพรรณบุรี,เทศบาลตำบล,ท่าระหัด
6599,สุพรรณบุรี,เมืองสุพรรณบุรี,เทศบาลตำบล,ท่าเสด็จ
6600,สุพรรณบุรี,เมืองสุพรรณบุรี,เทศบาลตำบล,บางกุ้ง
6601,สุพรรณบุรี,เมืองสุพรรณบุรี,เทศบาลตำบล,บ้านโพธิ์
6602,สุพรรณบุรี,เมืองสุพรรณบุรี,เทศบาลตำบล,พิหารแดง
6603,สุพรรณบุรี,เมืองสุพรรณบุรี,เทศบาลตำบล,โพธิ์พระยา
6604,สุพรรณบุรี,เมืองสุพรรณบุรี,เทศบาลตำบล,รั้วใหญ่
6605,สุพรรณบุรี,เมืองสุพรรณบุรี,เทศบาลตำบล,สวนแตง
6606,สุพรรณบุรี,เมืองสุพรรณบุรี,เทศบาลตำบล,ห้วยวังทอง
6607,สุพรรณบุรี,ศรีประจันต์,เทศบาลตำบล,บ้านกร่าง
6608,สุพรรณบุรี,ศรีประจันต์,เทศบาลตำบล,ปลายนา
6609,สุพรรณบุรี,ศรีประจันต์,เทศบาลตำบล,วังน้ำซับ
6610,สุพรรณบุรี,ศรีประจันต์,เทศบาลตำบล,วังยาง
6611,สุพรรณบุรี,ศรีประจันต์,เทศบาลตำบล,วังหว้า
6612,สุพรรณบุรี,ศรีประจันต์,เทศบาลตำบล,ศรีประจันต์
6613,สุพรรณบุรี,สองพี่น้อง,เทศบาลตำบล,ทุ่งคอก
6614,สุพรรณบุรี,สามชุก,เทศบาลตำบล,สามชุก
6615,สุพรรณบุรี,หนองหญ้าไซ,เทศบาลตำบล,หนองหญ้าไซ
6616,สุพรรณบุรี,หนองหญ้าไซ,เทศบาลตำบล,หนองหญ้าไซพัฒนา
6617,สุพรรณบุรี,อู่ทอง,เทศบาลตำบล,กระจัน
6618,สุพรรณบุรี,อู่ทอง,เทศบาลตำบล,ขุนพัดเพ็ง
6619,สุพรรณบุรี,อู่ทอง,เทศบาลตำบล,จรเข้สามพัน
6620,สุพรรณบุรี,อู่ทอง,เทศบาลตำบล,เจดีย์
6621,สุพรรณบุรี,อู่ทอง,เทศบาลตำบล,ท้าวอู่ทอง
6622,สุพรรณบุรี,อู่ทอง,เทศบาลตำบล,บ้านโข้ง
6623,สุพรรณบุรี,อู่ทอง,เทศบาลตำบล,บ้านดอน
6624,สุพรรณบุรี,อู่ทอง,เทศบาลตำบล,สระยายโสม
6625,สุพรรณบุรี,อู่ทอง,เทศบาลตำบล,อู่ทอง
6626,สุพรรณบุรี,ดอนเจดีย์,องค์การบริหารส่วนตำบล,ดอนเจดีย์
6627,สุพรรณบุรี,ดอนเจดีย์,องค์การบริหารส่วนตำบล,ทะเลบก
6628,สุพรรณบุรี,ดอนเจดีย์,องค์การบริหารส่วนตำบล,ไร่รถ
6629,สุพรรณบุรี,ดอนเจดีย์,องค์การบริหารส่วนตำบล,สระกระโจม
6630,สุพรรณบุรี,ดอนเจดีย์,องค์การบริหารส่วนตำบล,หนองสาหร่าย
6631,สุพรรณบุรี,ด่านช้าง,องค์การบริหารส่วนตำบล,ด่านช้าง
6632,สุพรรณบุรี,ด่านช้าง,องค์การบริหารส่วนตำบล,นิคมกระเสียว
6633,สุพรรณบุรี,ด่านช้าง,องค์การบริหารส่วนตำบล,วังคัน
6634,สุพรรณบุรี,ด่านช้าง,องค์การบริหารส่วนตำบล,วังยาว
6635,สุพรรณบุรี,ด่านช้าง,องค์การบริหารส่วนตำบล,หนองมะค่าโมง
6636,สุพรรณบุรี,ด่านช้าง,องค์การบริหารส่วนตำบล,ห้วยขมิ้น
6637,สุพรรณบุรี,ด่านช้าง,องค์การบริหารส่วนตำบล,องค์พระ
6638,สุพรรณบุรี,เดิมบางนางบวช,องค์การบริหารส่วนตำบล,เขาพระ
6639,สุพรรณบุรี,เดิมบางนางบวช,องค์การบริหารส่วนตำบล,โคกช้าง
6640,สุพรรณบุรี,เดิมบางนางบวช,องค์การบริหารส่วนตำบล,นางบวช
6641,สุพรรณบุรี,เดิมบางนางบวช,องค์การบริหารส่วนตำบล,บ่อกรุ
6642,สุพรรณบุรี,เดิมบางนางบวช,องค์การบริหารส่วนตำบล,ป่าสะแก
6643,สุพรรณบุรี,เดิมบางนางบวช,องค์การบริหารส่วนตำบล,ยางนอน
6644,สุพรรณบุรี,เดิมบางนางบวช,องค์การบริหารส่วนตำบล,หัวเขา
6645,สุพรรณบุรี,เดิมบางนางบวช,องค์การบริหารส่วนตำบล,หัวนา
6646,สุพรรณบุรี,บางปลาม้า,องค์การบริหารส่วนตำบล,กฤษณา
6647,สุพรรณบุรี,บางปลาม้า,องค์การบริหารส่วนตำบล,จรเข้ใหญ่
6648,สุพรรณบุรี,บางปลาม้า,องค์การบริหารส่วนตำบล,บางปลาม้า
6649,สุพรรณบุรี,บางปลาม้า,องค์การบริหารส่วนตำบล,บางใหญ่
6650,สุพรรณบุรี,บางปลาม้า,องค์การบริหารส่วนตำบล,ไผ่กองดิน
6651,สุพรรณบุรี,บางปลาม้า,องค์การบริหารส่วนตำบล,มะขามล้ม
6652,สุพรรณบุรี,บางปลาม้า,องค์การบริหารส่วนตำบล,วังน้ำเย็น
6653,สุพรรณบุรี,บางปลาม้า,องค์การบริหารส่วนตำบล,วัดดาว
6654,สุพรรณบุรี,บางปลาม้า,องค์การบริหารส่วนตำบล,วัดโบสถ์
6655,สุพรรณบุรี,บางปลาม้า,องค์การบริหารส่วนตำบล,สาลี
6656,สุพรรณบุรี,เมืองสุพรรณบุรี,องค์การบริหารส่วนตำบล,โคกโคเฒ่า
6657,สุพรรณบุรี,เมืองสุพรรณบุรี,องค์การบริหารส่วนตำบล,ดอนกำยาน
6658,สุพรรณบุรี,เมืองสุพรรณบุรี,องค์การบริหารส่วนตำบล,ดอนตาล
6659,สุพรรณบุรี,เมืองสุพรรณบุรี,องค์การบริหารส่วนตำบล,ดอนโพธิ์ทอง
6660,สุพรรณบุรี,เมืองสุพรรณบุรี,องค์การบริหารส่วนตำบล,ดอนมะสังข์
6661,สุพรรณบุรี,เมืองสุพรรณบุรี,องค์การบริหารส่วนตำบล,ตลิ่งชัน
6662,สุพรรณบุรี,เมืองสุพรรณบุรี,องค์การบริหารส่วนตำบล,ทับตีเหล็ก
6663,สุพรรณบุรี,เมืองสุพรรณบุรี,องค์การบริหารส่วนตำบล,ไผ่ขวาง
6664,สุพรรณบุรี,เมืองสุพรรณบุรี,องค์การบริหารส่วนตำบล,ศาลาขาว
6665,สุพรรณบุรี,เมืองสุพรรณบุรี,องค์การบริหารส่วนตำบล,สนามคลี
6666,สุพรรณบุรี,เมืองสุพรรณบุรี,องค์การบริหารส่วนตำบล,สนามชัย
6667,สุพรรณบุรี,เมืองสุพรรณบุรี,องค์การบริหารส่วนตำบล,สวนแตง
6668,สุพรรณบุรี,ศรีประจันต์,องค์การบริหารส่วนตำบล,ดอนปรู
6669,สุพรรณบุรี,ศรีประจันต์,องค์การบริหารส่วนตำบล,บางงาม
6670,สุพรรณบุรี,ศรีประจันต์,องค์การบริหารส่วนตำบล,มดแดง
6671,สุพรรณบุรี,ศรีประจันต์,องค์การบริหารส่วนตำบล,ศรีประจันต์
6672,สุพรรณบุรี,สองพี่น้อง,องค์การบริหารส่วนตำบล,ดอนมะนาว
6673,สุพรรณบุรี,สองพี่น้อง,องค์การบริหารส่วนตำบล,ต้นตาล
6674,สุพรรณบุรี,สองพี่น้อง,องค์การบริหารส่วนตำบล,ทุ่งคอก
6675,สุพรรณบุรี,สองพี่น้อง,องค์การบริหารส่วนตำบล,เนินพระปรางค์
6676,สุพรรณบุรี,สองพี่น้อง,องค์การบริหารส่วนตำบล,บ่อสุพรรณ
6677,สุพรรณบุรี,สองพี่น้อง,องค์การบริหารส่วนตำบล,บางตะเคียน
6678,สุพรรณบุรี,สองพี่น้อง,องค์การบริหารส่วนตำบล,บางตาเถร
6679,สุพรรณบุรี,สองพี่น้อง,องค์การบริหารส่วนตำบล,บางพลับ
6680,สุพรรณบุรี,สองพี่น้อง,องค์การบริหารส่วนตำบล,บางเลน
6681,สุพรรณบุรี,สองพี่น้อง,องค์การบริหารส่วนตำบล,บ้านกุ่ม
6682,สุพรรณบุรี,สองพี่น้อง,องค์การบริหารส่วนตำบล,บ้านช้าง
6683,สุพรรณบุรี,สองพี่น้อง,องค์การบริหารส่วนตำบล,ศรีสำราญ
6684,สุพรรณบุรี,สองพี่น้อง,องค์การบริหารส่วนตำบล,หนองบ่อ
6685,สุพรรณบุรี,สองพี่น้อง,องค์การบริหารส่วนตำบล,หัวโพธิ์
6686,สุพรรณบุรี,สามชุก,องค์การบริหารส่วนตำบล,กระเสียว
6687,สุพรรณบุรี,สามชุก,องค์การบริหารส่วนตำบล,บ้านสระ
6688,สุพรรณบุรี,สามชุก,องค์การบริหารส่วนตำบล,ย่านยาว
6689,สุพรรณบุรี,สามชุก,องค์การบริหารส่วนตำบล,วังลึก
6690,สุพรรณบุรี,สามชุก,องค์การบริหารส่วนตำบล,หนองผักนาก
6691,สุพรรณบุรี,สามชุก,องค์การบริหารส่วนตำบล,หนองสะเดา
6692,สุพรรณบุรี,หนองหญ้าไซ,องค์การบริหารส่วนตำบล,แจงงาม
6693,สุพรรณบุรี,หนองหญ้าไซ,องค์การบริหารส่วนตำบล,ทัพหลวง
6694,สุพรรณบุรี,หนองหญ้าไซ,องค์การบริหารส่วนตำบล,หนองขาม
6695,สุพรรณบุรี,หนองหญ้าไซ,องค์การบริหารส่วนตำบล,หนองโพธิ์
6696,สุพรรณบุรี,หนองหญ้าไซ,องค์การบริหารส่วนตำบล,หนองราชวัตร
6697,สุพรรณบุรี,อู่ทอง,องค์การบริหารส่วนตำบล,ดอนคา
6698,สุพรรณบุรี,อู่ทอง,องค์การบริหารส่วนตำบล,ดอนมะเกลือ
6699,สุพรรณบุรี,อู่ทอง,องค์การบริหารส่วนตำบล,พลับพลาไชย
6700,สุพรรณบุรี,อู่ทอง,องค์การบริหารส่วนตำบล,ยุ้งทะลาย
6701,สุพรรณบุรี,อู่ทอง,องค์การบริหารส่วนตำบล,สระพังลาน
6702,สุพรรณบุรี,อู่ทอง,องค์การบริหารส่วนตำบล,หนองโอ่ง
6703,สุราษฎร์ธานี,เมืองสุราษฎร์ธานี,องค์การบริหารส่วนจังหวัด,สุราษฎร์ธานี
6704,สุราษฎร์ธานี,เกาะสมุย,เทศบาลนคร,เกาะสมุย
6705,สุราษฎร์ธานี,เมืองสุราษฎร์ธานี,เทศบาลนคร,สุราษฎร์ธานี
6706,สุราษฎร์ธานี,ดอนสัก,เทศบาลเมือง,ดอนสัก
6707,สุราษฎร์ธานี,ดอนสัก,เทศบาลเมือง,ปากแพรก
6708,สุราษฎร์ธานี,บ้านนาสาร,เทศบาลเมือง,นาสาร
6709,สุราษฎร์ธานี,พุนพิน,เทศบาลเมือง,ท่าข้าม
6710,สุราษฎร์ธานี,เวียงสระ,เทศบาลเมือง,เวียงสระ
6711,สุราษฎร์ธานี,กาญจนดิษฐ์,เทศบาลตำบล,กรูด
6712,สุราษฎร์ธานี,กาญจนดิษฐ์,เทศบาลตำบล,กาญจนดิษฐ์
6713,สุราษฎร์ธานี,กาญจนดิษฐ์,เทศบาลตำบล,ช้างขวา
6714,สุราษฎร์ธานี,กาญจนดิษฐ์,เทศบาลตำบล,ช้างซ้าย
6715,สุราษฎร์ธานี,กาญจนดิษฐ์,เทศบาลตำบล,ท่าทองใหม่
6716,สุราษฎร์ธานี,เกาะพะงัน,เทศบาลตำบล,เกาะเต่า
6717,สุราษฎร์ธานี,เกาะพะงัน,เทศบาลตำบล,เกาะพะงัน
6718,สุราษฎร์ธานี,เกาะพะงัน,เทศบาลตำบล,บ้านใต้
6719,สุราษฎร์ธานี,เกาะพะงัน,เทศบาลตำบล,เพชรพะงัน
6720,สุราษฎร์ธานี,คีรีรัฐนิคม,เทศบาลตำบล,ท่าขนอน
6721,สุราษฎร์ธานี,เคียนซา,เทศบาลตำบล,เคียนซา
6722,สุราษฎร์ธานี,เคียนซา,เทศบาลตำบล,บ้านเสด็จ
6723,สุราษฎร์ธานี,ไชยา,เทศบาลตำบล,ตลาดไชยา
6724,สุราษฎร์ธานี,ไชยา,เทศบาลตำบล,พุมเรียง
6725,สุราษฎร์ธานี,ไชยา,เทศบาลตำบล,เวียง
6726,สุราษฎร์ธานี,ท่าฉาง,เทศบาลตำบล,ท่าฉาง
6727,สุราษฎร์ธานี,ท่าชนะ,เทศบาลตำบล,ท่าชนะ
6728,สุราษฎร์ธานี,บ้านตาขุน,เทศบาลตำบล,บ้านเชี่ยวหลาน
6729,สุราษฎร์ธานี,บ้านตาขุน,เทศบาลตำบล,บ้านตาขุน
6730,สุราษฎร์ธานี,บ้านนาเดิม,เทศบาลตำบล,บ้านนา
6731,สุราษฎร์ธานี,บ้านนาสาร,เทศบาลตำบล,คลองปราบ
6732,สุราษฎร์ธานี,บ้านนาสาร,เทศบาลตำบล,ควนศรี
6733,สุราษฎร์ธานี,บ้านนาสาร,เทศบาลตำบล,ท่าชี
6734,สุราษฎร์ธานี,บ้านนาสาร,เทศบาลตำบล,พรุพี
6735,สุราษฎร์ธานี,พนม,เทศบาลตำบล,คลองชะอุ่น
6736,สุราษฎร์ธานี,พนม,เทศบาลตำบล,พนม
6737,สุราษฎร์ธานี,พระแสง,เทศบาลตำบล,บางสวรรค์
6738,สุราษฎร์ธานี,พระแสง,เทศบาลตำบล,ย่านดินแดง
6739,สุราษฎร์ธานี,พุนพิน,เทศบาลตำบล,ท่าโรงช้าง
6740,สุราษฎร์ธานี,พุนพิน,เทศบาลตำบล,มะลวน
6741,สุราษฎร์ธานี,เมืองสุราษฎร์ธานี,เทศบาลตำบล,ขุนทะเล
6742,สุราษฎร์ธานี,เมืองสุราษฎร์ธานี,เทศบาลตำบล,วัดประดู่
6743,สุราษฎร์ธานี,เวียงสระ,เทศบาลตำบล,เขานิพันธ์
6744,สุราษฎร์ธานี,เวียงสระ,เทศบาลตำบล,ทุ่งหลวง
6745,สุราษฎร์ธานี,เวียงสระ,เทศบาลตำบล,บ้านส้อง
6746,สุราษฎร์ธานี,เวียงสระ,เทศบาลตำบล,เมืองเวียง
6747,สุราษฎร์ธานี,กาญจนดิษฐ์,องค์การบริหารส่วนตำบล,คลองสระ
6748,สุราษฎร์ธานี,กาญจนดิษฐ์,องค์การบริหารส่วนตำบล,ตะเคียนทอง
6749,สุราษฎร์ธานี,กาญจนดิษฐ์,องค์การบริหารส่วนตำบล,ท่าทอง
6750,สุราษฎร์ธานี,กาญจนดิษฐ์,องค์การบริหารส่วนตำบล,ท่าทองใหม่
6751,สุราษฎร์ธานี,กาญจนดิษฐ์,องค์การบริหารส่วนตำบล,ท่าอุแท
6752,สุราษฎร์ธานี,กาญจนดิษฐ์,องค์การบริหารส่วนตำบล,ทุ่งกง
6753,สุราษฎร์ธานี,กาญจนดิษฐ์,องค์การบริหารส่วนตำบล,ทุ่งรัง
6754,สุราษฎร์ธานี,กาญจนดิษฐ์,องค์การบริหารส่วนตำบล,ป่าร่อน
6755,สุราษฎร์ธานี,กาญจนดิษฐ์,องค์การบริหารส่วนตำบล,พลายวาส
6756,สุราษฎร์ธานี,คีรีรัฐนิคม,องค์การบริหารส่วนตำบล,กะเปา
6757,สุราษฎร์ธานี,คีรีรัฐนิคม,องค์การบริหารส่วนตำบล,ถ้ำสิงขร
6758,สุราษฎร์ธานี,คีรีรัฐนิคม,องค์การบริหารส่วนตำบล,ท่ากระดาน
6759,สุราษฎร์ธานี,คีรีรัฐนิคม,องค์การบริหารส่วนตำบล,ท่าขนอน
6760,สุราษฎร์ธานี,คีรีรัฐนิคม,องค์การบริหารส่วนตำบล,น้ำหัก
6761,สุราษฎร์ธานี,คีรีรัฐนิคม,องค์การบริหารส่วนตำบล,บ้านทำเนียบ
6762,สุราษฎร์ธานี,คีรีรัฐนิคม,องค์การบริหารส่วนตำบล,บ้านยาง
6763,สุราษฎร์ธานี,คีรีรัฐนิคม,องค์การบริหารส่วนตำบล,ย่านยาว
6764,สุราษฎร์ธานี,เคียนซา,องค์การบริหารส่วนตำบล,เขาตอก
6765,สุราษฎร์ธานี,เคียนซา,องค์การบริหารส่วนตำบล,เคียนซา
6766,สุราษฎร์ธานี,เคียนซา,องค์การบริหารส่วนตำบล,พ่วงพรมคร
6767,สุราษฎร์ธานี,เคียนซา,องค์การบริหารส่วนตำบล,อรัญคามวารี
6768,สุราษฎร์ธานี,ชัยบุรี,องค์การบริหารส่วนตำบล,คลองน้อย
6769,สุราษฎร์ธานี,ชัยบุรี,องค์การบริหารส่วนตำบล,ชัยบุรี
6770,สุราษฎร์ธานี,ชัยบุรี,องค์การบริหารส่วนตำบล,ไทรทอง
6771,สุราษฎร์ธานี,ชัยบุรี,องค์การบริหารส่วนตำบล,สองแพรก
6772,สุราษฎร์ธานี,ไชยา,องค์การบริหารส่วนตำบล,ตะกรบ
6773,สุราษฎร์ธานี,ไชยา,องค์การบริหารส่วนตำบล,ทุ่ง
6774,สุราษฎร์ธานี,ไชยา,องค์การบริหารส่วนตำบล,ปากหมาก
6775,สุราษฎร์ธานี,ไชยา,องค์การบริหารส่วนตำบล,ป่าเว
6776,สุราษฎร์ธานี,ไชยา,องค์การบริหารส่วนตำบล,โมถ่าย
6777,สุราษฎร์ธานี,ไชยา,องค์การบริหารส่วนตำบล,เลม็ด
6778,สุราษฎร์ธานี,ดอนสัก,องค์การบริหารส่วนตำบล,ชลคราม
6779,สุราษฎร์ธานี,ดอนสัก,องค์การบริหารส่วนตำบล,ไชยคราม
6780,สุราษฎร์ธานี,ดอนสัก,องค์การบริหารส่วนตำบล,ดอนสัก
6781,สุราษฎร์ธานี,ท่าฉาง,องค์การบริหารส่วนตำบล,เขาถ่าน
6782,สุราษฎร์ธานี,ท่าฉาง,องค์การบริหารส่วนตำบล,คลองไทร
6783,สุราษฎร์ธานี,ท่าฉาง,องค์การบริหารส่วนตำบล,ท่าเคย
6784,สุราษฎร์ธานี,ท่าฉาง,องค์การบริหารส่วนตำบล,ท่าฉาง
6785,สุราษฎร์ธานี,ท่าฉาง,องค์การบริหารส่วนตำบล,ปากฉลุย
6786,สุราษฎร์ธานี,ท่าฉาง,องค์การบริหารส่วนตำบล,เสวียด
6787,สุราษฎร์ธานี,ท่าชนะ,องค์การบริหารส่วนตำบล,คลองพา
6788,สุราษฎร์ธานี,ท่าชนะ,องค์การบริหารส่วนตำบล,คันธุลี
6789,สุราษฎร์ธานี,ท่าชนะ,องค์การบริหารส่วนตำบล,ท่าชนะ
6790,สุราษฎร์ธานี,ท่าชนะ,องค์การบริหารส่วนตำบล,ประสงค์
6791,สุราษฎร์ธานี,ท่าชนะ,องค์การบริหารส่วนตำบล,วัง
6792,สุราษฎร์ธานี,ท่าชนะ,องค์การบริหารส่วนตำบล,สมอทอง
6793,สุราษฎร์ธานี,บ้านตาขุน,องค์การบริหารส่วนตำบล,เขาวง
6794,สุราษฎร์ธานี,บ้านตาขุน,องค์การบริหารส่วนตำบล,พรุไทย
6795,สุราษฎร์ธานี,บ้านตาขุน,องค์การบริหารส่วนตำบล,พะแสง
6796,สุราษฎร์ธานี,บ้านนาเดิม,องค์การบริหารส่วนตำบล,ทรัพย์ทวี
6797,สุราษฎร์ธานี,บ้านนาเดิม,องค์การบริหารส่วนตำบล,ท่าเรือ
6798,สุราษฎร์ธานี,บ้านนาเดิม,องค์การบริหารส่วนตำบล,นาใต้
6799,สุราษฎร์ธานี,บ้านนาเดิม,องค์การบริหารส่วนตำบล,บ้านนา
6800,สุราษฎร์ธานี,บ้านนาสาร,องค์การบริหารส่วนตำบล,ควนสุบรรณ
6801,สุราษฎร์ธานี,บ้านนาสาร,องค์การบริหารส่วนตำบล,ทุ่งเตา
6802,สุราษฎร์ธานี,บ้านนาสาร,องค์การบริหารส่วนตำบล,ทุ่งเตาใหม่
6803,สุราษฎร์ธานี,บ้านนาสาร,องค์การบริหารส่วนตำบล,น้ำพุ
6804,สุราษฎร์ธานี,บ้านนาสาร,องค์การบริหารส่วนตำบล,เพิ่มพูนทรัพย์
6805,สุราษฎร์ธานี,บ้านนาสาร,องค์การบริหารส่วนตำบล,ลำพูน
6806,สุราษฎร์ธานี,พนม,องค์การบริหารส่วนตำบล,คลองศก
6807,สุราษฎร์ธานี,พนม,องค์การบริหารส่วนตำบล,ต้นยวน
6808,สุราษฎร์ธานี,พนม,องค์การบริหารส่วนตำบล,พนม
6809,สุราษฎร์ธานี,พนม,องค์การบริหารส่วนตำบล,พลูเถื่อน
6810,สุราษฎร์ธานี,พระแสง,องค์การบริหารส่วนตำบล,ไทรขึง
6811,สุราษฎร์ธานี,พระแสง,องค์การบริหารส่วนตำบล,ไทรโสภา
6812,สุราษฎร์ธานี,พระแสง,องค์การบริหารส่วนตำบล,บางสวรรค์
6813,สุราษฎร์ธานี,พระแสง,องค์การบริหารส่วนตำบล,สาคู
6814,สุราษฎร์ธานี,พระแสง,องค์การบริหารส่วนตำบล,สินเจริญ
6815,สุราษฎร์ธานี,พระแสง,องค์การบริหารส่วนตำบล,สินปุน
6816,สุราษฎร์ธานี,พระแสง,องค์การบริหารส่วนตำบล,อิปัน
6817,สุราษฎร์ธานี,พุนพิน,องค์การบริหารส่วนตำบล,กรูด
6818,สุราษฎร์ธานี,พุนพิน,องค์การบริหารส่วนตำบล,เขาหัวควาย
6819,สุราษฎร์ธานี,พุนพิน,องค์การบริหารส่วนตำบล,ตะปาน
6820,สุราษฎร์ธานี,พุนพิน,องค์การบริหารส่วนตำบล,ท่าข้าม
6821,สุราษฎร์ธานี,พุนพิน,องค์การบริหารส่วนตำบล,ท่าสะท้อน
6822,สุราษฎร์ธานี,พุนพิน,องค์การบริหารส่วนตำบล,น้ำรอบ
6823,สุราษฎร์ธานี,พุนพิน,องค์การบริหารส่วนตำบล,บางงอน
6824,สุราษฎร์ธานี,พุนพิน,องค์การบริหารส่วนตำบล,บางเดือน
6825,สุราษฎร์ธานี,พุนพิน,องค์การบริหารส่วนตำบล,บางมะเดื่อ
6826,สุราษฎร์ธานี,พุนพิน,องค์การบริหารส่วนตำบล,พุนพิน
6827,สุราษฎร์ธานี,พุนพิน,องค์การบริหารส่วนตำบล,ลีเล็ด
6828,สุราษฎร์ธานี,พุนพิน,องค์การบริหารส่วนตำบล,ศรีวิชัย
6829,สุราษฎร์ธานี,พุนพิน,องค์การบริหารส่วนตำบล,หนองไทร
6830,สุราษฎร์ธานี,พุนพิน,องค์การบริหารส่วนตำบล,หัวเตย
6831,สุราษฎร์ธานี,เมืองสุราษฎร์ธานี,องค์การบริหารส่วนตำบล,คลองฉนาก
6832,สุราษฎร์ธานี,เมืองสุราษฎร์ธานี,องค์การบริหารส่วนตำบล,คลองน้อย
6833,สุราษฎร์ธานี,เมืองสุราษฎร์ธานี,องค์การบริหารส่วนตำบล,บางชนะ
6834,สุราษฎร์ธานี,เมืองสุราษฎร์ธานี,องค์การบริหารส่วนตำบล,บางไทร
6835,สุราษฎร์ธานี,เมืองสุราษฎร์ธานี,องค์การบริหารส่วนตำบล,บางใบไม้
6836,สุราษฎร์ธานี,เมืองสุราษฎร์ธานี,องค์การบริหารส่วนตำบล,บางโพธิ์
6837,สุราษฎร์ธานี,เมืองสุราษฎร์ธานี,องค์การบริหารส่วนตำบล,มะขามเตี้ย
6838,สุราษฎร์ธานี,วิภาวดี,องค์การบริหารส่วนตำบล,ตะกุกใต้
6839,สุราษฎร์ธานี,วิภาวดี,องค์การบริหารส่วนตำบล,ตะกุกเหนือ
6840,สุราษฎร์ธานี,เวียงสระ,องค์การบริหารส่วนตำบล,คลองฉนวน
6841,สุรินทร์,เมืองสุรินทร์,องค์การบริหารส่วนจังหวัด,สุรินทร์
6842,สุรินทร์,เมืองสุรินทร์,เทศบาลเมือง,นอกเมือง
6843,สุรินทร์,เมืองสุรินทร์,เทศบาลเมือง,สุรินทร์
6844,สุรินทร์,กาบเชิง,เทศบาลตำบล,กาบเชิง
6845,สุรินทร์,กาบเชิง,เทศบาลตำบล,โคกตะเคียน
6846,สุรินทร์,กาบเชิง,เทศบาลตำบล,ด่าน
6847,สุรินทร์,เขวาสินรินทร์,เทศบาลตำบล,เขวาสินรินทร์
6848,สุรินทร์,จอมพระ,เทศบาลตำบล,กระหาด
6849,สุรินทร์,จอมพระ,เทศบาลตำบล,จอมพระ
6850,สุรินทร์,จอมพระ,เทศบาลตำบล,บุแกรง
6851,สุรินทร์,จอมพระ,เทศบาลตำบล,หนองสนิท
6852,สุรินทร์,ชุมพลบุรี,เทศบาลตำบล,ชุมพลบุรี
6853,สุรินทร์,ชุมพลบุรี,เทศบาลตำบล,ทุ่งศรีชุมพล
6854,สุรินทร์,ชุมพลบุรี,เทศบาลตำบล,นาหนองไผ่
6855,สุรินทร์,ชุมพลบุรี,เทศบาลตำบล,ยะวึก
6856,สุรินทร์,ชุมพลบุรี,เทศบาลตำบล,สระขุด
6857,สุรินทร์,ท่าตูม,เทศบาลตำบล,ท่าตูม
6858,สุรินทร์,ท่าตูม,เทศบาลตำบล,เมืองแก
6859,สุรินทร์,บัวเชด,เทศบาลตำบล,บัวเชด
6860,สุรินทร์,ปราสาท,เทศบาลตำบล,กังแอน
6861,สุรินทร์,ปราสาท,เทศบาลตำบล,กันตวจระมวล
6862,สุรินทร์,ปราสาท,เทศบาลตำบล,นิคมปราสาท
6863,สุรินทร์,เมืองสุรินทร์,เทศบาลตำบล,เพี้ยราม
6864,สุรินทร์,เมืองสุรินทร์,เทศบาลตำบล,เมืองที
6865,สุรินทร์,รัตนบุรี,เทศบาลตำบล,รัตนบุรี
6866,สุรินทร์,ลำดวน,เทศบาลตำบล,ลำดวนสุรพินท์
6867,สุรินทร์,ศรีณรงค์,เทศบาลตำบล,ศรีสุข
6868,สุรินทร์,ศีขรภูมิ,เทศบาลตำบล,ผักไหม
6869,สุรินทร์,ศีขรภูมิ,เทศบาลตำบล,ศีขรภูมิ
6870,สุรินทร์,สนม,เทศบาลตำบล,แคน
6871,สุรินทร์,สนม,เทศบาลตำบล,สนม
6872,สุรินทร์,สังขะ,เทศบาลตำบล,สังขะ
6873,สุรินทร์,สำโรงทาบ,เทศบาลตำบล,สำโรงทาบ
6874,สุรินทร์,สำโรงทาบ,เทศบาลตำบล,หมื่นศรี
6875,สุรินทร์,กาบเชิง,องค์การบริหารส่วนตำบล,คูตัน
6876,สุรินทร์,กาบเชิง,องค์การบริหารส่วนตำบล,ตะเคียน
6877,สุรินทร์,กาบเชิง,องค์การบริหารส่วนตำบล,แนงมุด
6878,สุรินทร์,เขวาสินรินทร์,องค์การบริหารส่วนตำบล,ตากูก
6879,สุรินทร์,เขวาสินรินทร์,องค์การบริหารส่วนตำบล,บ้านแร่
6880,สุรินทร์,เขวาสินรินทร์,องค์การบริหารส่วนตำบล,บึง
6881,สุรินทร์,เขวาสินรินทร์,องค์การบริหารส่วนตำบล,ปราสาททอง
6882,สุรินทร์,จอมพระ,องค์การบริหารส่วนตำบล,จอมพระ
6883,สุรินทร์,จอมพระ,องค์การบริหารส่วนตำบล,ชุมแสง
6884,สุรินทร์,จอมพระ,องค์การบริหารส่วนตำบล,บ้านผือ
6885,สุรินทร์,จอมพระ,องค์การบริหารส่วนตำบล,เป็นสุข
6886,สุรินทร์,จอมพระ,องค์การบริหารส่วนตำบล,เมืองลีง
6887,สุรินทร์,จอมพระ,องค์การบริหารส่วนตำบล,ลุ่มระวี
6888,สุรินทร์,ชุมพลบุรี,องค์การบริหารส่วนตำบล,กระเบื้อง
6889,สุรินทร์,ชุมพลบุรี,องค์การบริหารส่วนตำบล,ไพรขลา
6890,สุรินทร์,ชุมพลบุรี,องค์การบริหารส่วนตำบล,เมืองบัว
6891,สุรินทร์,ชุมพลบุรี,องค์การบริหารส่วนตำบล,ศรีณรงค์
6892,สุรินทร์,ชุมพลบุรี,องค์การบริหารส่วนตำบล,หนองเรือ
6893,สุรินทร์,ท่าตูม,องค์การบริหารส่วนตำบล,กระโพ
6894,สุรินทร์,ท่าตูม,องค์การบริหารส่วนตำบล,ท่าตูม
6895,สุรินทร์,ท่าตูม,องค์การบริหารส่วนตำบล,ทุ่งกุลา
6896,สุรินทร์,ท่าตูม,องค์การบริหารส่วนตำบล,บะ
6897,สุรินทร์,ท่าตูม,องค์การบริหารส่วนตำบล,บัวโคก
6898,สุรินทร์,ท่าตูม,องค์การบริหารส่วนตำบล,พรมเทพ
6899,สุรินทร์,ท่าตูม,องค์การบริหารส่วนตำบล,โพนครก
6900,สุรินทร์,ท่าตูม,องค์การบริหารส่วนตำบล,หนองบัว
6901,สุรินทร์,ท่าตูม,องค์การบริหารส่วนตำบล,หนองเมธี
6902,สุรินทร์,โนนนารายณ์,องค์การบริหารส่วนตำบล,คำผง
6903,สุรินทร์,โนนนารายณ์,องค์การบริหารส่วนตำบล,โนน
6904,สุรินทร์,โนนนารายณ์,องค์การบริหารส่วนตำบล,ระเวียง
6905,สุรินทร์,โนนนารายณ์,องค์การบริหารส่วนตำบล,หนองเทพ
6906,สุรินทร์,โนนนารายณ์,องค์การบริหารส่วนตำบล,หนองหลวง
6907,สุรินทร์,บัวเชด,องค์การบริหารส่วนตำบล,จรัส
6908,สุรินทร์,บัวเชด,องค์การบริหารส่วนตำบล,ตาวัง
6909,สุรินทร์,บัวเชด,องค์การบริหารส่วนตำบล,บัวเชด
6910,สุรินทร์,บัวเชด,องค์การบริหารส่วนตำบล,สะเดา
6911,สุรินทร์,บัวเชด,องค์การบริหารส่วนตำบล,สำเภาลูน
6912,สุรินทร์,บัวเชด,องค์การบริหารส่วนตำบล,อาโพน
6913,สุรินทร์,ปราสาท,องค์การบริหารส่วนตำบล,กังแอน
6914,สุรินทร์,ปราสาท,องค์การบริหารส่วนตำบล,โคกยาง
6915,สุรินทร์,ปราสาท,องค์การบริหารส่วนตำบล,โคกสะอาด
6916,สุรินทร์,ปราสาท,องค์การบริหารส่วนตำบล,เชื้อเพลิง
6917,สุรินทร์,ปราสาท,องค์การบริหารส่วนตำบล,โชคนาสาม
6918,สุรินทร์,ปราสาท,องค์การบริหารส่วนตำบล,ตานี
6919,สุรินทร์,ปราสาท,องค์การบริหารส่วนตำบล,ตาเบา
6920,สุรินทร์,ปราสาท,องค์การบริหารส่วนตำบล,ทมอ
6921,สุรินทร์,ปราสาท,องค์การบริหารส่วนตำบล,ทุ่งมน
6922,สุรินทร์,ปราสาท,องค์การบริหารส่วนตำบล,บ้านไทร
6923,สุรินทร์,ปราสาท,องค์การบริหารส่วนตำบล,บ้านพลวง
6924,สุรินทร์,ปราสาท,องค์การบริหารส่วนตำบล,ประทัดบุ
6925,สุรินทร์,ปราสาท,องค์การบริหารส่วนตำบล,ปราสาททนง
6926,สุรินทร์,ปราสาท,องค์การบริหารส่วนตำบล,ปรือ
6927,สุรินทร์,ปราสาท,องค์การบริหารส่วนตำบล,ไพล
6928,สุรินทร์,ปราสาท,องค์การบริหารส่วนตำบล,สมุด
6929,สุรินทร์,ปราสาท,องค์การบริหารส่วนตำบล,หนองใหญ่
6930,สุรินทร์,พนมดงรัก,องค์การบริหารส่วนตำบล,โคกกลาง
6931,สุรินทร์,พนมดงรัก,องค์การบริหารส่วนตำบล,จีกแดก
6932,สุรินทร์,พนมดงรัก,องค์การบริหารส่วนตำบล,ตาเมียง
6933,สุรินทร์,พนมดงรัก,องค์การบริหารส่วนตำบล,บักได
6934,สุรินทร์,เมืองสุรินทร์,องค์การบริหารส่วนตำบล,กาเกาะ
6935,สุรินทร์,เมืองสุรินทร์,องค์การบริหารส่วนตำบล,แกใหญ่
6936,สุรินทร์,เมืองสุรินทร์,องค์การบริหารส่วนตำบล,คอโค
6937,สุรินทร์,เมืองสุรินทร์,องค์การบริหารส่วนตำบล,เฉนียง
6938,สุรินทร์,เมืองสุรินทร์,องค์การบริหารส่วนตำบล,ตระแสง
6939,สุรินทร์,เมืองสุรินทร์,องค์การบริหารส่วนตำบล,ตั้งใจ
6940,สุรินทร์,เมืองสุรินทร์,องค์การบริหารส่วนตำบล,ตาอ็อง
6941,สุรินทร์,เมืองสุรินทร์,องค์การบริหารส่วนตำบล,ท่าสว่าง
6942,สุรินทร์,เมืองสุรินทร์,องค์การบริหารส่วนตำบล,เทนมีย์
6943,สุรินทร์,เมืองสุรินทร์,องค์การบริหารส่วนตำบล,นาดี
6944,สุรินทร์,เมืองสุรินทร์,องค์การบริหารส่วนตำบล,นาบัว
6945,สุรินทร์,เมืองสุรินทร์,องค์การบริหารส่วนตำบล,บุฤาษี
6946,สุรินทร์,เมืองสุรินทร์,องค์การบริหารส่วนตำบล,เมืองที
6947,สุรินทร์,เมืองสุรินทร์,องค์การบริหารส่วนตำบล,ราม
6948,สุรินทร์,เมืองสุรินทร์,องค์การบริหารส่วนตำบล,สลักได
6949,สุรินทร์,เมืองสุรินทร์,องค์การบริหารส่วนตำบล,สวาย
6950,สุรินทร์,เมืองสุรินทร์,องค์การบริหารส่วนตำบล,สำโรง
6951,สุรินทร์,เมืองสุรินทร์,องค์การบริหารส่วนตำบล,แสลงพันธ์
6952,สุรินทร์,รัตนบุรี,องค์การบริหารส่วนตำบล,กุดขาคีม
6953,สุรินทร์,รัตนบุรี,องค์การบริหารส่วนตำบล,แก
6954,สุรินทร์,รัตนบุรี,องค์การบริหารส่วนตำบล,ดอนแรด
6955,สุรินทร์,รัตนบุรี,องค์การบริหารส่วนตำบล,ทับใหญ่
6956,สุรินทร์,รัตนบุรี,องค์การบริหารส่วนตำบล,ธาตุ
6957,สุรินทร์,รัตนบุรี,องค์การบริหารส่วนตำบล,น้ำเขียว
6958,สุรินทร์,รัตนบุรี,องค์การบริหารส่วนตำบล,เบิด
6959,สุรินทร์,รัตนบุรี,องค์การบริหารส่วนตำบล,ไผ่
6960,สุรินทร์,รัตนบุรี,องค์การบริหารส่วนตำบล,ยางสว่าง
6961,สุรินทร์,รัตนบุรี,องค์การบริหารส่วนตำบล,รัตนบุรี
6962,สุรินทร์,รัตนบุรี,องค์การบริหารส่วนตำบล,หนองบัวทอง
6963,สุรินทร์,รัตนบุรี,องค์การบริหารส่วนตำบล,หนองบัวบาน
6964,สุรินทร์,ลำดวน,องค์การบริหารส่วนตำบล,โชกเหนือ
6965,สุรินทร์,ลำดวน,องค์การบริหารส่วนตำบล,ตระเปียงเตีย
6966,สุรินทร์,ลำดวน,องค์การบริหารส่วนตำบล,ตรำดม
6967,สุรินทร์,ลำดวน,องค์การบริหารส่วนตำบล,ลำดวน
6968,สุรินทร์,ลำดวน,องค์การบริหารส่วนตำบล,อู่โลก
6969,สุรินทร์,ศรีณรงค์,องค์การบริหารส่วนตำบล,แจนแวน
6970,สุรินทร์,ศรีณรงค์,องค์การบริหารส่วนตำบล,ณรงค์
6971,สุรินทร์,ศรีณรงค์,องค์การบริหารส่วนตำบล,ตรวจ
6972,สุรินทร์,ศรีณรงค์,องค์การบริหารส่วนตำบล,หนองแวง
6973,สุรินทร์,ศีขรภูมิ,องค์การบริหารส่วนตำบล,กุดหวาย
6974,สุรินทร์,ศีขรภูมิ,องค์การบริหารส่วนตำบล,ขวาวใหญ่
6975,สุรินทร์,ศีขรภูมิ,องค์การบริหารส่วนตำบล,คาละแมะ
6976,สุรินทร์,ศีขรภูมิ,องค์การบริหารส่วนตำบล,จารพัต
6977,สุรินทร์,ศีขรภูมิ,องค์การบริหารส่วนตำบล,ช่างปี่
6978,สุรินทร์,ศีขรภูมิ,องค์การบริหารส่วนตำบล,ตรมไพร
6979,สุรินทร์,ศีขรภูมิ,องค์การบริหารส่วนตำบล,ตรึม
6980,สุรินทร์,ศีขรภูมิ,องค์การบริหารส่วนตำบล,แตล
6981,สุรินทร์,ศีขรภูมิ,องค์การบริหารส่วนตำบล,นารุ่ง
6982,สุรินทร์,ศีขรภูมิ,องค์การบริหารส่วนตำบล,ยาง
6983,สุรินทร์,ศีขรภูมิ,องค์การบริหารส่วนตำบล,ระแงง
6984,สุรินทร์,ศีขรภูมิ,องค์การบริหารส่วนตำบล,หนองขวาว
6985,สุรินทร์,ศีขรภูมิ,องค์การบริหารส่วนตำบล,หนองบัว
6986,สุรินทร์,ศีขรภูมิ,องค์การบริหารส่วนตำบล,หนองเหล็ก
6987,สุรินทร์,สนม,องค์การบริหารส่วนตำบล,นานวน
6988,สุรินทร์,สนม,องค์การบริหารส่วนตำบล,โพนโก
6989,สุรินทร์,สนม,องค์การบริหารส่วนตำบล,สนม
6990,สุรินทร์,สนม,องค์การบริหารส่วนตำบล,หนองระฆัง
6991,สุรินทร์,สนม,องค์การบริหารส่วนตำบล,หนองอียอ
6992,สุรินทร์,สนม,องค์การบริหารส่วนตำบล,หัวงัว
6993,สุรินทร์,สังขะ,องค์การบริหารส่วนตำบล,กระเทียม
6994,สุรินทร์,สังขะ,องค์การบริหารส่วนตำบล,ขอนแตก
6995,สุรินทร์,สังขะ,องค์การบริหารส่วนตำบล,ดม
6996,สุรินทร์,สังขะ,องค์การบริหารส่วนตำบล,ตาคง
6997,สุรินทร์,สังขะ,องค์การบริหารส่วนตำบล,ตาตุม
6998,สุรินทร์,สังขะ,องค์การบริหารส่วนตำบล,ทับทัน
6999,สุรินทร์,สังขะ,องค์การบริหารส่วนตำบล,เทพรักษา
7000,สุรินทร์,สังขะ,องค์การบริหารส่วนตำบล,บ้านจารย์
7001,สุรินทร์,สังขะ,องค์การบริหารส่วนตำบล,บ้านชบ
7002,สุรินทร์,สังขะ,องค์การบริหารส่วนตำบล,พระแก้ว
7003,สุรินทร์,สังขะ,องค์การบริหารส่วนตำบล,สะกาด
7004,สุรินทร์,สังขะ,องค์การบริหารส่วนตำบล,สังขะ
7005,สุรินทร์,สำโรงทาบ,องค์การบริหารส่วนตำบล,กระออม
7006,สุรินทร์,สำโรงทาบ,องค์การบริหารส่วนตำบล,เกาะแก้ว
7007,สุรินทร์,สำโรงทาบ,องค์การบริหารส่วนตำบล,ประดู่
7008,สุรินทร์,สำโรงทาบ,องค์การบริหารส่วนตำบล,ศรีสุข
7009,สุรินทร์,สำโรงทาบ,องค์การบริหารส่วนตำบล,สะโน
7010,สุรินทร์,สำโรงทาบ,องค์การบริหารส่วนตำบล,สำโรงทาบ
7011,สุรินทร์,สำโรงทาบ,องค์การบริหารส่วนตำบล,เสม็จ
7012,สุรินทร์,สำโรงทาบ,องค์การบริหารส่วนตำบล,หนองไผ่ล้อม
7013,สุรินทร์,สำโรงทาบ,องค์การบริหารส่วนตำบล,หนองฮะ
7014,หนองคาย,เมืองหนองคาย,องค์การบริหารส่วนจังหวัด,หนองคาย
7015,หนองคาย,ท่าบ่อ,เทศบาลเมือง,ท่าบ่อ
7016,หนองคาย,โพนพิสัย,เทศบาลเมือง,โพนพิสัย
7017,หนองคาย,เมืองหนองคาย,เทศบาลเมือง,หนองคาย
7018,หนองคาย,ท่าบ่อ,เทศบาลตำบล,กองนาง
7019,หนองคาย,ท่าบ่อ,เทศบาลตำบล,บ้านถ่อน
7020,หนองคาย,ท่าบ่อ,เทศบาลตำบล,โพนสา
7021,หนองคาย,เฝ้าไร่,เทศบาลตำบล,เฝ้าไร่
7022,หนองคาย,โพนพิสัย,เทศบาลตำบล,วัดหลวง
7023,หนองคาย,โพนพิสัย,เทศบาลตำบล,สร้างนางขาว
7024,หนองคาย,เมืองหนองคาย,เทศบาลตำบล,กวนวัน
7025,หนองคาย,เมืองหนองคาย,เทศบาลตำบล,บ้านเดื่อ
7026,หนองคาย,เมืองหนองคาย,เทศบาลตำบล,ปะโค
7027,หนองคาย,เมืองหนองคาย,เทศบาลตำบล,โพธิ์ชัย
7028,หนองคาย,เมืองหนองคาย,เทศบาลตำบล,วัดธาตุ
7029,หนองคาย,เมืองหนองคาย,เทศบาลตำบล,เวียงคุก
7030,หนองคาย,เมืองหนองคาย,เทศบาลตำบล,หนองสองห้อง
7031,หนองคาย,เมืองหนองคาย,เทศบาลตำบล,หาดคำ
7032,หนองคาย,รัตนวาปี,เทศบาลตำบล,นาทับไฮ
7033,หนองคาย,ศรีเชียงใหม่,เทศบาลตำบล,พระพุทธบาท
7034,หนองคาย,ศรีเชียงใหม่,เทศบาลตำบล,ศรีเชียงใหม่
7035,หนองคาย,ศรีเชียงใหม่,เทศบาลตำบล,หนองปลาปาก
7036,หนองคาย,สระใคร,เทศบาลตำบล,สระใคร
7037,หนองคาย,สังคม,เทศบาลตำบล,สังคม
7038,หนองคาย,ท่าบ่อ,องค์การบริหารส่วนตำบล,โคกคอน
7039,หนองคาย,ท่าบ่อ,องค์การบริหารส่วนตำบล,ท่าบ่อ
7040,หนองคาย,ท่าบ่อ,องค์การบริหารส่วนตำบล,นาข่า
7041,หนองคาย,ท่าบ่อ,องค์การบริหารส่วนตำบล,น้ำโมง
7042,หนองคาย,ท่าบ่อ,องค์การบริหารส่วนตำบล,บ้านเดื่อ
7043,หนองคาย,ท่าบ่อ,องค์การบริหารส่วนตำบล,บ้านว่าน
7044,หนองคาย,ท่าบ่อ,องค์การบริหารส่วนตำบล,โพนสา
7045,หนองคาย,ท่าบ่อ,องค์การบริหารส่วนตำบล,หนองนาง
7046,หนองคาย,เฝ้าไร่,องค์การบริหารส่วนตำบล,นาดี
7047,หนองคาย,เฝ้าไร่,องค์การบริหารส่วนตำบล,วังหลวง
7048,หนองคาย,เฝ้าไร่,องค์การบริหารส่วนตำบล,หนองหลวง
7049,หนองคาย,เฝ้าไร่,องค์การบริหารส่วนตำบล,อุดมพร
7050,หนองคาย,โพธิ์ตาก,องค์การบริหารส่วนตำบล,ด่านศรีสุข
7051,หนองคาย,โพธิ์ตาก,องค์การบริหารส่วนตำบล,โพธิ์ตาก
7052,หนองคาย,โพธิ์ตาก,องค์การบริหารส่วนตำบล,โพนทอง
7053,หนองคาย,โพนพิสัย,องค์การบริหารส่วนตำบล,กุดบง
7054,หนองคาย,โพนพิสัย,องค์การบริหารส่วนตำบล,ชุมช้าง
7055,หนองคาย,โพนพิสัย,องค์การบริหารส่วนตำบล,เซิม
7056,หนองคาย,โพนพิสัย,องค์การบริหารส่วนตำบล,ทุ่งหลวง
7057,หนองคาย,โพนพิสัย,องค์การบริหารส่วนตำบล,นาหนัง
7058,หนองคาย,โพนพิสัย,องค์การบริหารส่วนตำบล,บ้านผือ
7059,หนองคาย,โพนพิสัย,องค์การบริหารส่วนตำบล,บ้านโพธิ์
7060,หนองคาย,โพนพิสัย,องค์การบริหารส่วนตำบล,เหล่าต่างคำ
7061,หนองคาย,เมืองหนองคาย,องค์การบริหารส่วนตำบล,ค่ายบกหวาน
7062,หนองคาย,เมืองหนองคาย,องค์การบริหารส่วนตำบล,พระธาตุบังพวน
7063,หนองคาย,เมืองหนองคาย,องค์การบริหารส่วนตำบล,โพนสว่าง
7064,หนองคาย,เมืองหนองคาย,องค์การบริหารส่วนตำบล,เมืองหมี
7065,หนองคาย,เมืองหนองคาย,องค์การบริหารส่วนตำบล,สีกาย
7066,หนองคาย,เมืองหนองคาย,องค์การบริหารส่วนตำบล,หนองกอมเกาะ
7067,หนองคาย,เมืองหนองคาย,องค์การบริหารส่วนตำบล,หินโงม
7068,หนองคาย,รัตนวาปี,องค์การบริหารส่วนตำบล,บ้านต้อน
7069,หนองคาย,รัตนวาปี,องค์การบริหารส่วนตำบล,พระบาทนาสิงห์
7070,หนองคาย,รัตนวาปี,องค์การบริหารส่วนตำบล,โพนแพง
7071,หนองคาย,รัตนวาปี,องค์การบริหารส่วนตำบล,รัตนวาปี
7072,หนองคาย,ศรีเชียงใหม่,องค์การบริหารส่วนตำบล,บ้านหม้อ
7073,หนองคาย,ศรีเชียงใหม่,องค์การบริหารส่วนตำบล,พานพร้าว
7074,หนองคาย,สระใคร,องค์การบริหารส่วนตำบล,คอกช้าง
7075,หนองคาย,สระใคร,องค์การบริหารส่วนตำบล,บ้านฝาง
7076,หนองคาย,สังคม,องค์การบริหารส่วนตำบล,แก้งไก่
7077,หนองคาย,สังคม,องค์การบริหารส่วนตำบล,นางิ้ว
7078,หนองคาย,สังคม,องค์การบริหารส่วนตำบล,บ้านม่วง
7079,หนองคาย,สังคม,องค์การบริหารส่วนตำบล,ผาตั้ง
7080,หนองคาย,สังคม,องค์การบริหารส่วนตำบล,สังคม
7081,หนองบัวลำภู,เมืองหนองบัวลำภู,องค์การบริหารส่วนจังหวัด,หนองบัวลำภู
7082,หนองบัวลำภู,เมืองหนองบัวลำภู,เทศบาลเมือง,หนองบัวลำภู
7083,หนองบัวลำภู,นากลาง,เทศบาลตำบล,กุดดินจี่
7084,หนองบัวลำภู,นากลาง,เทศบาลตำบล,เก่ากลอย
7085,หนองบัวลำภู,นากลาง,เทศบาลตำบล,นากลาง
7086,หนองบัวลำภู,นากลาง,เทศบาลตำบล,นาหนองทุ่ม
7087,หนองบัวลำภู,นากลาง,เทศบาลตำบล,ฝั่งแดง
7088,หนองบัวลำภู,นาวัง,เทศบาลตำบล,นาเหล่า
7089,หนองบัวลำภู,โนนสัง,เทศบาลตำบล,กุดดู่
7090,หนองบัวลำภู,โนนสัง,เทศบาลตำบล,โนนสัง
7091,หนองบัวลำภู,โนนสัง,เทศบาลตำบล,บ้านค้อ
7092,หนองบัวลำภู,โนนสัง,เทศบาลตำบล,หนองเรือ
7093,หนองบัวลำภู,เมืองหนองบัวลำภู,เทศบาลตำบล,นาคำไฮ
7094,หนองบัวลำภู,เมืองหนองบัวลำภู,เทศบาลตำบล,นามะเฟือง
7095,หนองบัวลำภู,เมืองหนองบัวลำภู,เทศบาลตำบล,หัวนา
7096,หนองบัวลำภู,ศรีบุญเรือง,เทศบาลตำบล,จอมทอง
7097,หนองบัวลำภู,ศรีบุญเรือง,เทศบาลตำบล,โนนสะอาด
7098,หนองบัวลำภู,ศรีบุญเรือง,เทศบาลตำบล,โนนสูงเปลือย
7099,หนองบัวลำภู,ศรีบุญเรือง,เทศบาลตำบล,ยางหล่อ
7100,หนองบัวลำภู,ศรีบุญเรือง,เทศบาลตำบล,หนองแก
7101,หนองบัวลำภู,สุวรรณคูหา,เทศบาลตำบล,นาด่าน
7102,หนองบัวลำภู,สุวรรณคูหา,เทศบาลตำบล,นาดี
7103,หนองบัวลำภู,สุวรรณคูหา,เทศบาลตำบล,บ้านโคก
7104,หนองบัวลำภู,สุวรรณคูหา,เทศบาลตำบล,บุญทัน
7105,หนองบัวลำภู,สุวรรณคูหา,เทศบาลตำบล,สุวรรณคูหา
7106,หนองบัวลำภู,นากลาง,องค์การบริหารส่วนตำบล,กุดแห่
7107,หนองบัวลำภู,นากลาง,องค์การบริหารส่วนตำบล,ดงสวรรค์
7108,หนองบัวลำภู,นากลาง,องค์การบริหารส่วนตำบล,ด่านช้าง
7109,หนองบัวลำภู,นากลาง,องค์การบริหารส่วนตำบล,โนนเมือง
7110,หนองบัวลำภู,นากลาง,องค์การบริหารส่วนตำบล,อุทัยสวรรค์
7111,หนองบัวลำภู,นาวัง,องค์การบริหารส่วนตำบล,เทพคีรี
7112,หนองบัวลำภู,นาวัง,องค์การบริหารส่วนตำบล,นาแก
7113,หนองบัวลำภู,นาวัง,องค์การบริหารส่วนตำบล,นาเหล่า
7114,หนองบัวลำภู,นาวัง,องค์การบริหารส่วนตำบล,วังทอง
7115,หนองบัวลำภู,นาวัง,องค์การบริหารส่วนตำบล,วังปลาป้อม
7116,หนองบัวลำภู,โนนสัง,องค์การบริหารส่วนตำบล,กุดดู่
7117,หนองบัวลำภู,โนนสัง,องค์การบริหารส่วนตำบล,โคกม่วง
7118,หนองบัวลำภู,โนนสัง,องค์การบริหารส่วนตำบล,โคกใหญ่
7119,หนองบัวลำภู,โนนสัง,องค์การบริหารส่วนตำบล,นิคมพัฒนา
7120,หนองบัวลำภู,โนนสัง,องค์การบริหารส่วนตำบล,โนนเมือง
7121,หนองบัวลำภู,โนนสัง,องค์การบริหารส่วนตำบล,บ้านถิ่น
7122,หนองบัวลำภู,โนนสัง,องค์การบริหารส่วนตำบล,ปางกู่
7123,หนองบัวลำภู,เมืองหนองบัวลำภู,องค์การบริหารส่วนตำบล,กุดจิก
7124,หนองบัวลำภู,เมืองหนองบัวลำภู,องค์การบริหารส่วนตำบล,ข่าใหญ่
7125,หนองบัวลำภู,เมืองหนองบัวลำภู,องค์การบริหารส่วนตำบล,โนนขมิ้น
7126,หนองบัวลำภู,เมืองหนองบัวลำภู,องค์การบริหารส่วนตำบล,โนนทัน
7127,หนองบัวลำภู,เมืองหนองบัวลำภู,องค์การบริหารส่วนตำบล,โนนสมบูรณ์
7128,หนองบัวลำภู,เมืองหนองบัวลำภู,องค์การบริหารส่วนตำบล,บ้านขาม
7129,หนองบัวลำภู,เมืองหนองบัวลำภู,องค์การบริหารส่วนตำบล,บ้านพร้าว
7130,หนองบัวลำภู,เมืองหนองบัวลำภู,องค์การบริหารส่วนตำบล,ป่าไม้งาม
7131,หนองบัวลำภู,เมืองหนองบัวลำภู,องค์การบริหารส่วนตำบล,หนองบัว
7132,หนองบัวลำภู,เมืองหนองบัวลำภู,องค์การบริหารส่วนตำบล,หนองภัยศูนย์
7133,หนองบัวลำภู,เมืองหนองบัวลำภู,องค์การบริหารส่วนตำบล,หนองศาลา
7134,หนองบัวลำภู,เมืองหนองบัวลำภู,องค์การบริหารส่วนตำบล,หนองสวรรค์
7135,หนองบัวลำภู,เมืองหนองบัวลำภู,องค์การบริหารส่วนตำบล,หนองหว้า
7136,หนองบัวลำภู,ศรีบุญเรือง,องค์การบริหารส่วนตำบล,กุดสะเทียน
7137,หนองบัวลำภู,ศรีบุญเรือง,องค์การบริหารส่วนตำบล,ทรายทอง
7138,หนองบัวลำภู,ศรีบุญเรือง,องค์การบริหารส่วนตำบล,นากอก
7139,หนองบัวลำภู,ศรีบุญเรือง,องค์การบริหารส่วนตำบล,โนนม่วง
7140,หนองบัวลำภู,ศรีบุญเรือง,องค์การบริหารส่วนตำบล,เมืองใหม่
7141,หนองบัวลำภู,ศรีบุญเรือง,องค์การบริหารส่วนตำบล,ศรีบุญเรือง
7142,หนองบัวลำภู,ศรีบุญเรือง,องค์การบริหารส่วนตำบล,หนองกุงแก้ว
7143,หนองบัวลำภู,ศรีบุญเรือง,องค์การบริหารส่วนตำบล,หนองบัวใต้
7144,หนองบัวลำภู,ศรีบุญเรือง,องค์การบริหารส่วนตำบล,หันนางาม
7145,หนองบัวลำภู,สุวรรณคูหา,องค์การบริหารส่วนตำบล,กุดผึ้ง
7146,หนองบัวลำภู,สุวรรณคูหา,องค์การบริหารส่วนตำบล,ดงมะไฟ
7147,หนองบัวลำภู,สุวรรณคูหา,องค์การบริหารส่วนตำบล,นาสี
7148,หนองบัวลำภู,สุวรรณคูหา,องค์การบริหารส่วนตำบล,บ้านโคก
7149,อ่างทอง,เมืองอ่างทอง,องค์การบริหารส่วนจังหวัด,อ่างทอง
7150,อ่างทอง,เมืองอ่างทอง,เทศบาลเมือง,อ่างทอง
7151,อ่างทอง,ไชโย,เทศบาลตำบล,เกษไชโย
7152,อ่างทอง,ไชโย,เทศบาลตำบล,ไชโย
7153,อ่างทอง,ป่าโมก,เทศบาลตำบล,ป่าโมก
7154,อ่างทอง,โพธิ์ทอง,เทศบาลตำบล,โคกพุทรา
7155,อ่างทอง,โพธิ์ทอง,เทศบาลตำบล,ทางพระ
7156,อ่างทอง,โพธิ์ทอง,เทศบาลตำบล,โพธิ์ทอง
7157,อ่างทอง,โพธิ์ทอง,เทศบาลตำบล,ม่วงคัน
7158,อ่างทอง,โพธิ์ทอง,เทศบาลตำบล,รำมะสัก
7159,อ่างทอง,เมืองอ่างทอง,เทศบาลตำบล,โพสะ
7160,อ่างทอง,เมืองอ่างทอง,เทศบาลตำบล,ศาลาแดง
7161,อ่างทอง,เมืองอ่างทอง,เทศบาลตำบล,หัวไผ่
7162,อ่างทอง,วิเศษชัยชาญ,เทศบาลตำบล,ตลาดใหม่
7163,อ่างทอง,วิเศษชัยชาญ,เทศบาลตำบล,ท่าช้าง
7164,อ่างทอง,วิเศษชัยชาญ,เทศบาลตำบล,บางจัก
7165,อ่างทอง,วิเศษชัยชาญ,เทศบาลตำบล,ไผ่ดำพัฒนา
7166,อ่างทอง,วิเศษชัยชาญ,เทศบาลตำบล,ม่วงเตี้ย
7167,อ่างทอง,วิเศษชัยชาญ,เทศบาลตำบล,วิเศษไชยชาญ
7168,อ่างทอง,วิเศษชัยชาญ,เทศบาลตำบล,สาวร้องไห้
7169,อ่างทอง,วิเศษชัยชาญ,เทศบาลตำบล,ห้วยคันแหลน
7170,อ่างทอง,สามโก้,เทศบาลตำบล,สามโก้
7171,อ่างทอง,แสวงหา,เทศบาลตำบล,เพชรเมืองทอง
7172,อ่างทอง,แสวงหา,เทศบาลตำบล,แสวงหา
7173,อ่างทอง,ไชโย,องค์การบริหารส่วนตำบล,ชัยฤทธิ์
7174,อ่างทอง,ไชโย,องค์การบริหารส่วนตำบล,เทวราช
7175,อ่างทอง,ไชโย,องค์การบริหารส่วนตำบล,ราชสถิตย์
7176,อ่างทอง,ป่าโมก,องค์การบริหารส่วนตำบล,นรสิงห์
7177,อ่างทอง,ป่าโมก,องค์การบริหารส่วนตำบล,บางเสด็จ
7178,อ่างทอง,ป่าโมก,องค์การบริหารส่วนตำบล,โผงเผง
7179,อ่างทอง,ป่าโมก,องค์การบริหารส่วนตำบล,โรงช้าง
7180,อ่างทอง,ป่าโมก,องค์การบริหารส่วนตำบล,สายทอง
7181,อ่างทอง,ป่าโมก,องค์การบริหารส่วนตำบล,เอกราช
7182,อ่างทอง,โพธิ์ทอง,องค์การบริหารส่วนตำบล,คำหยาด
7183,อ่างทอง,โพธิ์ทอง,องค์การบริหารส่วนตำบล,บางเจ้าฉ่า
7184,อ่างทอง,โพธิ์ทอง,องค์การบริหารส่วนตำบล,บางพลับ
7185,อ่างทอง,โพธิ์ทอง,องค์การบริหารส่วนตำบล,บางระกำ
7186,อ่างทอง,โพธิ์ทอง,องค์การบริหารส่วนตำบล,ยางช้าย
7187,อ่างทอง,โพธิ์ทอง,องค์การบริหารส่วนตำบล,หนองแม่ไก่
7188,อ่างทอง,โพธิ์ทอง,องค์การบริหารส่วนตำบล,องครักษ์
7189,อ่างทอง,โพธิ์ทอง,องค์การบริหารส่วนตำบล,อ่างแก้ว
7190,อ่างทอง,โพธิ์ทอง,องค์การบริหารส่วนตำบล,อินทประมูล
7191,อ่างทอง,เมืองอ่างทอง,องค์การบริหารส่วนตำบล,คลองวัว
7192,อ่างทอง,เมืองอ่างทอง,องค์การบริหารส่วนตำบล,จำปาหล่อ
7193,อ่างทอง,เมืองอ่างทอง,องค์การบริหารส่วนตำบล,ตลาดกรวด
7194,อ่างทอง,เมืองอ่างทอง,องค์การบริหารส่วนตำบล,บ้านแห
7195,อ่างทอง,เมืองอ่างทอง,องค์การบริหารส่วนตำบล,บ้านอิฐ
7196,อ่างทอง,เมืองอ่างทอง,องค์การบริหารส่วนตำบล,ป่างิ้ว
7197,อ่างทอง,เมืองอ่างทอง,องค์การบริหารส่วนตำบล,ย่านซื่อ
7198,อ่างทอง,วิเศษชัยชาญ,องค์การบริหารส่วนตำบล,คลองขนาก
7199,อ่างทอง,วิเศษชัยชาญ,องค์การบริหารส่วนตำบล,บางจัก
7200,อ่างทอง,วิเศษชัยชาญ,องค์การบริหารส่วนตำบล,ไผ่จำศีล
7201,อ่างทอง,วิเศษชัยชาญ,องค์การบริหารส่วนตำบล,ไผ่วง
7202,อ่างทอง,วิเศษชัยชาญ,องค์การบริหารส่วนตำบล,ยี่ล้น
7203,อ่างทอง,วิเศษชัยชาญ,องค์การบริหารส่วนตำบล,ศาลเจ้าโรงทอง
7204,อ่างทอง,วิเศษชัยชาญ,องค์การบริหารส่วนตำบล,หลักแก้ว
7205,อ่างทอง,วิเศษชัยชาญ,องค์การบริหารส่วนตำบล,หัวตะพาน
7206,อ่างทอง,สามโก้,องค์การบริหารส่วนตำบล,โพธิ์ม่วงพันธ์
7207,อ่างทอง,สามโก้,องค์การบริหารส่วนตำบล,อบทม
7208,อ่างทอง,แสวงหา,องค์การบริหารส่วนตำบล,จำลอง
7209,อ่างทอง,แสวงหา,องค์การบริหารส่วนตำบล,บ้านพราน
7210,อ่างทอง,แสวงหา,องค์การบริหารส่วนตำบล,วังน้ำเย็น
7211,อ่างทอง,แสวงหา,องค์การบริหารส่วนตำบล,ศรีพราน
7212,อ่างทอง,แสวงหา,องค์การบริหารส่วนตำบล,สีบัวทอง
7213,อ่างทอง,แสวงหา,องค์การบริหารส่วนตำบล,ห้วยไผ่
7214,อำนาจเจริญ,เมืองอำนาจเจริญ,องค์การบริหารส่วนจังหวัด,อำนาจเจริญ
7215,อำนาจเจริญ,เมืองอำนาจเจริญ,เทศบาลเมือง,อำนาจเจริญ
7216,อำนาจเจริญ,ชานุมาน,เทศบาลตำบล,โคกก่ง
7217,อำนาจเจริญ,ชานุมาน,เทศบาลตำบล,ชานุมาน
7218,อำนาจเจริญ,ปทุมราชวงศา,เทศบาลตำบล,นาป่าแซง
7219,อำนาจเจริญ,ปทุมราชวงศา,เทศบาลตำบล,ปทุมราชวงศา
7220,อำนาจเจริญ,ปทุมราชวงศา,เทศบาลตำบล,ลือ
7221,อำนาจเจริญ,ปทุมราชวงศา,เทศบาลตำบล,หนองข่า
7222,อำนาจเจริญ,ปทุมราชวงศา,เทศบาลตำบล,ห้วย
7223,อำนาจเจริญ,พนา,เทศบาลตำบล,พนา
7224,อำนาจเจริญ,พนา,เทศบาลตำบล,พระเหลา
7225,อำนาจเจริญ,เมืองอำนาจเจริญ,เทศบาลตำบล,ไก่คำ
7226,อำนาจเจริญ,เมืองอำนาจเจริญ,เทศบาลตำบล,นายม
7227,อำนาจเจริญ,เมืองอำนาจเจริญ,เทศบาลตำบล,นาวัง
7228,อำนาจเจริญ,เมืองอำนาจเจริญ,เทศบาลตำบล,นาหมอม้า
7229,อำนาจเจริญ,เมืองอำนาจเจริญ,เทศบาลตำบล,น้ำปลีก
7230,อำนาจเจริญ,ลืออำนาจ,เทศบาลตำบล,โคกกลาง
7231,อำนาจเจริญ,ลืออำนาจ,เทศบาลตำบล,ดงมะยาง
7232,อำนาจเจริญ,ลืออำนาจ,เทศบาลตำบล,เปือย
7233,อำนาจเจริญ,ลืออำนาจ,เทศบาลตำบล,แมด
7234,อำนาจเจริญ,ลืออำนาจ,เทศบาลตำบล,สามหนอง
7235,อำนาจเจริญ,ลืออำนาจ,เทศบาลตำบล,อำนาจ
7236,อำนาจเจริญ,เสนางคนิคม,เทศบาลตำบล,สิริเสนางค์
7237,อำนาจเจริญ,เสนางคนิคม,เทศบาลตำบล,เสนางคนิคม
7238,อำนาจเจริญ,เสนางคนิคม,เทศบาลตำบล,หนองไฮ
7239,อำนาจเจริญ,หัวตะพาน,เทศบาลตำบล,เค็งใหญ่
7240,อำนาจเจริญ,หัวตะพาน,เทศบาลตำบล,รัตนวารีศรีเจริญ
7241,อำนาจเจริญ,หัวตะพาน,เทศบาลตำบล,หัวตะพาน
7242,อำนาจเจริญ,ชานุมาน,องค์การบริหารส่วนตำบล,คำเขื่อนแก้ว
7243,อำนาจเจริญ,ชานุมาน,องค์การบริหารส่วนตำบล,โคกสาร
7244,อำนาจเจริญ,ชานุมาน,องค์การบริหารส่วนตำบล,ชานุมาน
7245,อำนาจเจริญ,ชานุมาน,องค์การบริหารส่วนตำบล,ป่าก่อ
7246,อำนาจเจริญ,ปทุมราชวงศา,องค์การบริหารส่วนตำบล,คำโพน
7247,อำนาจเจริญ,ปทุมราชวงศา,องค์การบริหารส่วนตำบล,นาหว้า
7248,อำนาจเจริญ,ปทุมราชวงศา,องค์การบริหารส่วนตำบล,โนนงาม
7249,อำนาจเจริญ,พนา,องค์การบริหารส่วนตำบล,จานลาน
7250,อำนาจเจริญ,พนา,องค์การบริหารส่วนตำบล,พนา
7251,อำนาจเจริญ,พนา,องค์การบริหารส่วนตำบล,ไม้กลอน
7252,อำนาจเจริญ,เมืองอำนาจเจริญ,องค์การบริหารส่วนตำบล,กุดปลาดุก
7253,อำนาจเจริญ,เมืองอำนาจเจริญ,องค์การบริหารส่วนตำบล,คึมใหญ่
7254,อำนาจเจริญ,เมืองอำนาจเจริญ,องค์การบริหารส่วนตำบล,ดอนเมย
7255,อำนาจเจริญ,เมืองอำนาจเจริญ,องค์การบริหารส่วนตำบล,นาจิก
7256,อำนาจเจริญ,เมืองอำนาจเจริญ,องค์การบริหารส่วนตำบล,นาแต้
7257,อำนาจเจริญ,เมืองอำนาจเจริญ,องค์การบริหารส่วนตำบล,นาผือ
7258,อำนาจเจริญ,เมืองอำนาจเจริญ,องค์การบริหารส่วนตำบล,น้ำปลีก
7259,อำนาจเจริญ,เมืองอำนาจเจริญ,องค์การบริหารส่วนตำบล,โนนโพธิ์
7260,อำนาจเจริญ,เมืองอำนาจเจริญ,องค์การบริหารส่วนตำบล,โนนหนามแท่ง
7261,อำนาจเจริญ,เมืองอำนาจเจริญ,องค์การบริหารส่วนตำบล,บุ่ง
7262,อำนาจเจริญ,เมืองอำนาจเจริญ,องค์การบริหารส่วนตำบล,ปลาค้าว
7263,อำนาจเจริญ,เมืองอำนาจเจริญ,องค์การบริหารส่วนตำบล,สร้างนกทา
7264,อำนาจเจริญ,เมืองอำนาจเจริญ,องค์การบริหารส่วนตำบล,หนองมะแซว
7265,อำนาจเจริญ,เมืองอำนาจเจริญ,องค์การบริหารส่วนตำบล,ห้วยไร่
7266,อำนาจเจริญ,เมืองอำนาจเจริญ,องค์การบริหารส่วนตำบล,เหล่าพรวน
7267,อำนาจเจริญ,ลืออำนาจ,องค์การบริหารส่วนตำบล,ดงบัง
7268,อำนาจเจริญ,ลืออำนาจ,องค์การบริหารส่วนตำบล,ไร่ขี
7269,อำนาจเจริญ,เสนางคนิคม,องค์การบริหารส่วนตำบล,นาเวียง
7270,อำนาจเจริญ,เสนางคนิคม,องค์การบริหารส่วนตำบล,โพนทอง
7271,อำนาจเจริญ,เสนางคนิคม,องค์การบริหารส่วนตำบล,ไร่สีสุก
7272,อำนาจเจริญ,เสนางคนิคม,องค์การบริหารส่วนตำบล,หนองสามสี
7273,อำนาจเจริญ,หัวตะพาน,องค์การบริหารส่วนตำบล,คำพระ
7274,อำนาจเจริญ,หัวตะพาน,องค์การบริหารส่วนตำบล,จิกดู่
7275,อำนาจเจริญ,หัวตะพาน,องค์การบริหารส่วนตำบล,โพนเมืองน้อย
7276,อำนาจเจริญ,หัวตะพาน,องค์การบริหารส่วนตำบล,สร้างถ่อน้อย
7277,อำนาจเจริญ,หัวตะพาน,องค์การบริหารส่วนตำบล,หนองแก้ว
7278,อุดรธานี,เมืองอุดรธานี,องค์การบริหารส่วนจังหวัด,อุดรธานี
7279,อุดรธานี,เมืองอุดรธานี,เทศบาลนคร,อุดรธานี
7280,อุดรธานี,บ้านดุง,เทศบาลเมือง,บ้านดุง
7281,อุดรธานี,เมืองอุดรธานี,เทศบาลเมือง,โนนสูง-น้ำคำ
7282,อุดรธานี,เมืองอุดรธานี,เทศบาลเมือง,หนองสำโรง
7283,อุดรธานี,กุดจับ,เทศบาลตำบล,กุดจับ
7284,อุดรธานี,กุดจับ,เทศบาลตำบล,เชียงเพ็ง
7285,อุดรธานี,กุดจับ,เทศบาลตำบล,ตาลเลียน
7286,อุดรธานี,กุดจับ,เทศบาลตำบล,นาหนองทุ่ม
7287,อุดรธานี,กุดจับ,เทศบาลตำบล,ปะโค
7288,อุดรธานี,กุดจับ,เทศบาลตำบล,เมืองเพีย
7289,อุดรธานี,กุดจับ,เทศบาลตำบล,ยางชุม
7290,อุดรธานี,กุดจับ,เทศบาลตำบล,สร้างก่อ
7291,อุดรธานี,กุมภวาปี,เทศบาลตำบล,กงพานพันดอน
7292,อุดรธานี,กุมภวาปี,เทศบาลตำบล,กุมภวาปี
7293,อุดรธานี,กุมภวาปี,เทศบาลตำบล,เชียงแหว
7294,อุดรธานี,กุมภวาปี,เทศบาลตำบล,แชแล
7295,อุดรธานี,กุมภวาปี,เทศบาลตำบล,ปะโค
7296,อุดรธานี,กุมภวาปี,เทศบาลตำบล,พันดอน
7297,อุดรธานี,กุมภวาปี,เทศบาลตำบล,เวียงคำ
7298,อุดรธานี,กุมภวาปี,เทศบาลตำบล,สีออ
7299,อุดรธานี,กุมภวาปี,เทศบาลตำบล,หนองหว้า
7300,อุดรธานี,กุมภวาปี,เทศบาลตำบล,ห้วยเกิ้ง
7301,อุดรธานี,กู่แก้ว,เทศบาลตำบล,กู่แก้ว
7302,อุดรธานี,กู่แก้ว,เทศบาลตำบล,คอนสาย
7303,อุดรธานี,ไชยวาน,เทศบาลตำบล,ไชยวาน
7304,อุดรธานี,ไชยวาน,เทศบาลตำบล,โพนสูง
7305,อุดรธานี,ไชยวาน,เทศบาลตำบล,หนองแวงแก้มหอม
7306,อุดรธานี,ทุ่งฝน,เทศบาลตำบล,ทุ่งฝน
7307,อุดรธานี,ทุ่งฝน,เทศบาลตำบล,ทุ่งใหญ่
7308,อุดรธานี,นายูง,เทศบาลตำบล,นายูง
7309,อุดรธานี,นายูง,เทศบาลตำบล,โนนทอง
7310,อุดรธานี,น้ำโสม,เทศบาลตำบล,นางัว
7311,อุดรธานี,น้ำโสม,เทศบาลตำบล,น้ำโสม
7312,อุดรธานี,โนนสะอาด,เทศบาลตำบล,โนนสะอาด
7313,อุดรธานี,โนนสะอาด,เทศบาลตำบล,โพธิ์ศรีสำราญ
7314,อุดรธานี,โนนสะอาด,เทศบาลตำบล,หนองแวงโนนสะอาด
7315,อุดรธานี,บ้านผือ,เทศบาลตำบล,กลางใหญ่
7316,อุดรธานี,บ้านผือ,เทศบาลตำบล,คำบง
7317,อุดรธานี,บ้านผือ,เทศบาลตำบล,บ้านผือ
7318,อุดรธานี,บ้านผือ,เทศบาลตำบล,เมืองพาน
7319,อุดรธานี,เพ็ญ,เทศบาลตำบล,บ้านธาตุ
7320,อุดรธานี,เพ็ญ,เทศบาลตำบล,เพ็ญ
7321,อุดรธานี,เมืองอุดรธานี,เทศบาลตำบล,นาข่า
7322,อุดรธานี,เมืองอุดรธานี,เทศบาลตำบล,นิคมสงเคราะห์
7323,อุดรธานี,เมืองอุดรธานี,เทศบาลตำบล,บ้านจั่น
7324,อุดรธานี,เมืองอุดรธานี,เทศบาลตำบล,บ้านตาด
7325,อุดรธานี,เมืองอุดรธานี,เทศบาลตำบล,หนองขอนกว้าง
7326,อุดรธานี,เมืองอุดรธานี,เทศบาลตำบล,หนองบัว
7327,อุดรธานี,เมืองอุดรธานี,เทศบาลตำบล,หนองไผ่
7328,อุดรธานี,วังสามหมอ,เทศบาลตำบล,คำโคกสูง
7329,อุดรธานี,วังสามหมอ,เทศบาลตำบล,บะยาว
7330,อุดรธานี,วังสามหมอ,เทศบาลตำบล,ผาสุก
7331,อุดรธานี,วังสามหมอ,เทศบาลตำบล,ลำพันชาด
7332,อุดรธานี,วังสามหมอ,เทศบาลตำบล,วังสามหมอ
7333,อุดรธานี,วังสามหมอ,เทศบาลตำบล,หนองหญ้าไซ
7334,อุดรธานี,ศรีธาตุ,เทศบาลตำบล,จำปี
7335,อุดรธานี,ศรีธาตุ,เทศบาลตำบล,บ้านโปร่ง
7336,อุดรธานี,ศรีธาตุ,เทศบาลตำบล,ศรีธาตุ
7337,อุดรธานี,ศรีธาตุ,เทศบาลตำบล,หัวนาคำ
7338,อุดรธานี,สร้างคอม,เทศบาลตำบล,บ้านโคก
7339,อุดรธานี,สร้างคอม,เทศบาลตำบล,บ้านยวด
7340,อุดรธานี,สร้างคอม,เทศบาลตำบล,สร้างคอม
7341,อุดรธานี,หนองวัวซอ,เทศบาลตำบล,กุดหมากไฟ
7342,อุดรธานี,หนองวัวซอ,เทศบาลตำบล,โนนหวาย
7343,อุดรธานี,หนองวัวซอ,เทศบาลตำบล,ภูผาแดง
7344,อุดรธานี,หนองวัวซอ,เทศบาลตำบล,หนองบัวบาน
7345,อุดรธานี,หนองวัวซอ,เทศบาลตำบล,หนองวัวซอ
7346,อุดรธานี,หนองวัวซอ,เทศบาลตำบล,อูบมุง
7347,อุดรธานี,หนองแสง,เทศบาลตำบล,นาดี
7348,อุดรธานี,หนองแสง,เทศบาลตำบล,แสงสว่าง
7349,อุดรธานี,หนองหาน,เทศบาลตำบล,โคกสูง
7350,อุดรธานี,หนองหาน,เทศบาลตำบล,บ้านเชียง
7351,อุดรธานี,หนองหาน,เทศบาลตำบล,ผักตบ
7352,อุดรธานี,หนองหาน,เทศบาลตำบล,สะแบง
7353,อุดรธานี,หนองหาน,เทศบาลตำบล,หนองไผ่
7354,อุดรธานี,หนองหาน,เทศบาลตำบล,หนองเม็ก
7355,อุดรธานี,หนองหาน,เทศบาลตำบล,หนองหาน
7356,อุดรธานี,กุดจับ,องค์การบริหารส่วนตำบล,กุดจับ
7357,อุดรธานี,กุดจับ,องค์การบริหารส่วนตำบล,ขอนยูง
7358,อุดรธานี,กุดจับ,องค์การบริหารส่วนตำบล,ตาลเลียน
7359,อุดรธานี,กุมภวาปี,องค์การบริหารส่วนตำบล,กุมภวาปี
7360,อุดรธานี,กุมภวาปี,องค์การบริหารส่วนตำบล,ตูมใต้
7361,อุดรธานี,กุมภวาปี,องค์การบริหารส่วนตำบล,ท่าลี่
7362,อุดรธานี,กุมภวาปี,องค์การบริหารส่วนตำบล,ผาสุก
7363,อุดรธานี,กุมภวาปี,องค์การบริหารส่วนตำบล,เสอเพลอ
7364,อุดรธานี,กู่แก้ว,องค์การบริหารส่วนตำบล,ค้อใหญ่
7365,อุดรธานี,กู่แก้ว,องค์การบริหารส่วนตำบล,โนนทองอินทร์
7366,อุดรธานี,ไชยวาน,องค์การบริหารส่วนตำบล,คำเลาะ
7367,อุดรธานี,ไชยวาน,องค์การบริหารส่วนตำบล,หนองหลัก
7368,อุดรธานี,ทุ่งฝน,องค์การบริหารส่วนตำบล,กุดค้า
7369,อุดรธานี,ทุ่งฝน,องค์การบริหารส่วนตำบล,นาชุมแสง
7370,อุดรธานี,ทุ่งฝน,องค์การบริหารส่วนตำบล,นาทม
7371,อุดรธานี,นายูง,องค์การบริหารส่วนตำบล,นาแค
7372,อุดรธานี,นายูง,องค์การบริหารส่วนตำบล,บ้านก้อง
7373,อุดรธานี,น้ำโสม,องค์การบริหารส่วนตำบล,นางัว
7374,อุดรธานี,น้ำโสม,องค์การบริหารส่วนตำบล,น้ำโสม
7375,อุดรธานี,น้ำโสม,องค์การบริหารส่วนตำบล,บ้านหยวก
7376,อุดรธานี,น้ำโสม,องค์การบริหารส่วนตำบล,ศรีสำราญ
7377,อุดรธานี,น้ำโสม,องค์การบริหารส่วนตำบล,สามัคคี
7378,อุดรธานี,น้ำโสม,องค์การบริหารส่วนตำบล,โสมเยี่ยม
7379,อุดรธานี,น้ำโสม,องค์การบริหารส่วนตำบล,หนองแวง
7380,อุดรธานี,โนนสะอาด,องค์การบริหารส่วนตำบล,โคกกลาง
7381,อุดรธานี,โนนสะอาด,องค์การบริหารส่วนตำบล,ทมนางาม
7382,อุดรธานี,โนนสะอาด,องค์การบริหารส่วนตำบล,บุ่งแก้ว
7383,อุดรธานี,โนนสะอาด,องค์การบริหารส่วนตำบล,หนองกุงศรี
7384,อุดรธานี,บ้านดุง,องค์การบริหารส่วนตำบล,ดงเย็น
7385,อุดรธานี,บ้านดุง,องค์การบริหารส่วนตำบล,ถ่อนนาลับ
7386,อุดรธานี,บ้านดุง,องค์การบริหารส่วนตำบล,นาคำ
7387,อุดรธานี,บ้านดุง,องค์การบริหารส่วนตำบล,นาไหม
7388,อุดรธานี,บ้านดุง,องค์การบริหารส่วนตำบล,บ้านจันทน์
7389,อุดรธานี,บ้านดุง,องค์การบริหารส่วนตำบล,บ้านชัย
7390,อุดรธานี,บ้านดุง,องค์การบริหารส่วนตำบล,บ้านดุง
7391,อุดรธานี,บ้านดุง,องค์การบริหารส่วนตำบล,บ้านตาด
7392,อุดรธานี,บ้านดุง,องค์การบริหารส่วนตำบล,บ้านม่วง
7393,อุดรธานี,บ้านดุง,องค์การบริหารส่วนตำบล,โพนสูง
7394,อุดรธานี,บ้านดุง,องค์การบริหารส่วนตำบล,วังทอง
7395,อุดรธานี,บ้านดุง,องค์การบริหารส่วนตำบล,อ้อมกอ
7396,อุดรธานี,บ้านผือ,องค์การบริหารส่วนตำบล,ข้าวสาร
7397,อุดรธานี,บ้านผือ,องค์การบริหารส่วนตำบล,เขือน้ำ
7398,อุดรธานี,บ้านผือ,องค์การบริหารส่วนตำบล,คำด้วง
7399,อุดรธานี,บ้านผือ,องค์การบริหารส่วนตำบล,จำปาโมง
7400,อุดรธานี,บ้านผือ,องค์การบริหารส่วนตำบล,โนนทอง
7401,อุดรธานี,บ้านผือ,องค์การบริหารส่วนตำบล,บ้านค้อ
7402,อุดรธานี,บ้านผือ,องค์การบริหารส่วนตำบล,บ้านผือ
7403,อุดรธานี,บ้านผือ,องค์การบริหารส่วนตำบล,หนองแวง
7404,อุดรธานี,บ้านผือ,องค์การบริหารส่วนตำบล,หนองหัวคู
7405,อุดรธานี,บ้านผือ,องค์การบริหารส่วนตำบล,หายโศก
7406,อุดรธานี,ประจักษ์ศิลปาคม,องค์การบริหารส่วนตำบล,นาม่วง
7407,อุดรธานี,ประจักษ์ศิลปาคม,องค์การบริหารส่วนตำบล,ห้วยสามพาด
7408,อุดรธานี,ประจักษ์ศิลปาคม,องค์การบริหารส่วนตำบล,อุ่มจาน
7409,อุดรธานี,พิบูลย์รักษ์,องค์การบริหารส่วนตำบล,ดอนกลอย
7410,อุดรธานี,พิบูลย์รักษ์,องค์การบริหารส่วนตำบล,นาทราย
7411,อุดรธานี,พิบูลย์รักษ์,องค์การบริหารส่วนตำบล,บ้านแดง
7412,อุดรธานี,เพ็ญ,องค์การบริหารส่วนตำบล,โคกกลาง
7413,อุดรธานี,เพ็ญ,องค์การบริหารส่วนตำบล,จอมศรี
7414,อุดรธานี,เพ็ญ,องค์การบริหารส่วนตำบล,เชียงหวาง
7415,อุดรธานี,เพ็ญ,องค์การบริหารส่วนตำบล,เตาไห
7416,อุดรธานี,เพ็ญ,องค์การบริหารส่วนตำบล,นาบัว
7417,อุดรธานี,เพ็ญ,องค์การบริหารส่วนตำบล,นาพู่
7418,อุดรธานี,เพ็ญ,องค์การบริหารส่วนตำบล,บ้านเหล่า
7419,อุดรธานี,เพ็ญ,องค์การบริหารส่วนตำบล,เพ็ญ
7420,อุดรธานี,เพ็ญ,องค์การบริหารส่วนตำบล,สร้างแป้น
7421,อุดรธานี,เพ็ญ,องค์การบริหารส่วนตำบล,สุมเส้า
7422,อุดรธานี,เมืองอุดรธานี,องค์การบริหารส่วนตำบล,กุดสระ
7423,อุดรธานี,เมืองอุดรธานี,องค์การบริหารส่วนตำบล,โคกสะอาด
7424,อุดรธานี,เมืองอุดรธานี,องค์การบริหารส่วนตำบล,เชียงพิณ
7425,อุดรธานี,เมืองอุดรธานี,องค์การบริหารส่วนตำบล,เชียงยืน
7426,อุดรธานี,เมืองอุดรธานี,องค์การบริหารส่วนตำบล,นากว้าง
7427,อุดรธานี,เมืองอุดรธานี,องค์การบริหารส่วนตำบล,นาข่า
7428,อุดรธานี,เมืองอุดรธานี,องค์การบริหารส่วนตำบล,นาดี
7429,อุดรธานี,เมืองอุดรธานี,องค์การบริหารส่วนตำบล,นิคมสงเคราะห์
7430,อุดรธานี,เมืองอุดรธานี,องค์การบริหารส่วนตำบล,โนนสูง
7431,อุดรธานี,เมืองอุดรธานี,องค์การบริหารส่วนตำบล,บ้านขาว
7432,อุดรธานี,เมืองอุดรธานี,องค์การบริหารส่วนตำบล,บ้านจั่น
7433,อุดรธานี,เมืองอุดรธานี,องค์การบริหารส่วนตำบล,สามพร้าว
7434,อุดรธานี,เมืองอุดรธานี,องค์การบริหารส่วนตำบล,หนองนาคำ
7435,อุดรธานี,เมืองอุดรธานี,องค์การบริหารส่วนตำบล,หนองไฮ
7436,อุดรธานี,เมืองอุดรธานี,องค์การบริหารส่วนตำบล,หมูม่น
7437,อุดรธานี,วังสามหมอ,องค์การบริหารส่วนตำบล,หนองกุงทับม้า
7438,อุดรธานี,ศรีธาตุ,องค์การบริหารส่วนตำบล,ตาดทอง
7439,อุดรธานี,ศรีธาตุ,องค์การบริหารส่วนตำบล,นายูง
7440,อุดรธานี,ศรีธาตุ,องค์การบริหารส่วนตำบล,ศรีธาตุ
7441,อุดรธานี,ศรีธาตุ,องค์การบริหารส่วนตำบล,หนองนกเขียน
7442,อุดรธานี,สร้างคอม,องค์การบริหารส่วนตำบล,เชียงดา
7443,อุดรธานี,สร้างคอม,องค์การบริหารส่วนตำบล,นาสะอาด
7444,อุดรธานี,สร้างคอม,องค์การบริหารส่วนตำบล,บ้านหินโงม
7445,อุดรธานี,หนองวัวซอ,องค์การบริหารส่วนตำบล,น้ำพ่น
7446,อุดรธานี,หนองวัวซอ,องค์การบริหารส่วนตำบล,หนองอ้อ
7447,อุดรธานี,หนองวัวซอ,องค์การบริหารส่วนตำบล,หมากหญ้า
7448,อุดรธานี,หนองแสง,องค์การบริหารส่วนตำบล,ทับกุง
7449,อุดรธานี,หนองแสง,องค์การบริหารส่วนตำบล,แสงสว่าง
7450,อุดรธานี,หนองแสง,องค์การบริหารส่วนตำบล,หนองแสง
7451,อุดรธานี,หนองหาน,องค์การบริหารส่วนตำบล,ดอนหายโศก
7452,อุดรธานี,หนองหาน,องค์การบริหารส่วนตำบล,ดูนคำ
7453,อุดรธานี,หนองหาน,องค์การบริหารส่วนตำบล,บ้านยา
7454,อุดรธานี,หนองหาน,องค์การบริหารส่วนตำบล,พังงู
7455,อุดรธานี,หนองหาน,องค์การบริหารส่วนตำบล,โพนงาม
7456,อุดรธานี,หนองหาน,องค์การบริหารส่วนตำบล,เมืองซ้าย
7457,อุดรธานี,หนองหาน,องค์การบริหารส่วนตำบล,สร้อยพร้าว
7458,อุดรธานี,หนองหาน,องค์การบริหารส่วนตำบล,หนองสระปลา
7459,อุตรดิตถ์,เมืองอุตรดิตถ์,องค์การบริหารส่วนจังหวัด,อุตรดิตถ์
7460,อุตรดิตถ์,เมืองอุตรดิตถ์,เทศบาลเมือง,อุตรดิตถ์
7461,อุตรดิตถ์,ตรอน,เทศบาลตำบล,ตรอน
7462,อุตรดิตถ์,ตรอน,เทศบาลตำบล,บ้านแก่ง
7463,อุตรดิตถ์,ทองแสนขัน,เทศบาลตำบล,ทองแสนขัน
7464,อุตรดิตถ์,ท่าปลา,เทศบาลตำบล,จริม
7465,อุตรดิตถ์,ท่าปลา,เทศบาลตำบล,ท่าปลา
7466,อุตรดิตถ์,ท่าปลา,เทศบาลตำบล,ร่วมจิต
7467,อุตรดิตถ์,ท่าปลา,เทศบาลตำบล,ร่วมใจ
7468,อุตรดิตถ์,ท่าปลา,เทศบาลตำบล,หาดล้า
7469,อุตรดิตถ์,น้ำปาด,เทศบาลตำบล,น้ำปาด
7470,อุตรดิตถ์,บ้านโคก,เทศบาลตำบล,นาขุม
7471,อุตรดิตถ์,บ้านโคก,เทศบาลตำบล,บ้านโคก
7472,อุตรดิตถ์,พิชัย,เทศบาลตำบล,ท่าสัก
7473,อุตรดิตถ์,พิชัย,เทศบาลตำบล,ในเมือง
7474,อุตรดิตถ์,ฟากท่า,เทศบาลตำบล,ฟากท่า
7475,อุตรดิตถ์,เมืองอุตรดิตถ์,เทศบาลตำบล,คุ้งตะเภา
7476,อุตรดิตถ์,เมืองอุตรดิตถ์,เทศบาลตำบล,งิ้วงาม
7477,อุตรดิตถ์,เมืองอุตรดิตถ์,เทศบาลตำบล,ท่าเสา
7478,อุตรดิตถ์,เมืองอุตรดิตถ์,เทศบาลตำบล,น้ำริด
7479,อุตรดิตถ์,เมืองอุตรดิตถ์,เทศบาลตำบล,บ้านเกาะ
7480,อุตรดิตถ์,เมืองอุตรดิตถ์,เทศบาลตำบล,บ้านด่านนาขาม
7481,อุตรดิตถ์,เมืองอุตรดิตถ์,เทศบาลตำบล,ป่าเซ่า
7482,อุตรดิตถ์,เมืองอุตรดิตถ์,เทศบาลตำบล,ผาจุก
7483,อุตรดิตถ์,เมืองอุตรดิตถ์,เทศบาลตำบล,วังกะพี้
7484,อุตรดิตถ์,เมืองอุตรดิตถ์,เทศบาลตำบล,หาดกรวด
7485,อุตรดิตถ์,ลับแล,เทศบาลตำบล,ทุ่งยั้ง
7486,อุตรดิตถ์,ลับแล,เทศบาลตำบล,พระเสด็จ
7487,อุตรดิตถ์,ลับแล,เทศบาลตำบล,ศรีพนมมาศ
7488,อุตรดิตถ์,ลับแล,เทศบาลตำบล,หัวดง
7489,อุตรดิตถ์,ตรอน,องค์การบริหารส่วนตำบล,ข่อยสูง
7490,อุตรดิตถ์,ตรอน,องค์การบริหารส่วนตำบล,น้ำอ่าง
7491,อุตรดิตถ์,ตรอน,องค์การบริหารส่วนตำบล,บ้านแก่ง
7492,อุตรดิตถ์,ตรอน,องค์การบริหารส่วนตำบล,วังแดง
7493,อุตรดิตถ์,ตรอน,องค์การบริหารส่วนตำบล,หาดสองแคว
7494,อุตรดิตถ์,ทองแสนขัน,องค์การบริหารส่วนตำบล,น้ำพี้
7495,อุตรดิตถ์,ทองแสนขัน,องค์การบริหารส่วนตำบล,บ่อทอง
7496,อุตรดิตถ์,ทองแสนขัน,องค์การบริหารส่วนตำบล,ป่าคาย
7497,อุตรดิตถ์,ทองแสนขัน,องค์การบริหารส่วนตำบล,ผักขวง
7498,อุตรดิตถ์,ท่าปลา,องค์การบริหารส่วนตำบล,ท่าปลา
7499,อุตรดิตถ์,ท่าปลา,องค์การบริหารส่วนตำบล,นางพญา
7500,อุตรดิตถ์,ท่าปลา,องค์การบริหารส่วนตำบล,น้ำหมัน
7501,อุตรดิตถ์,ท่าปลา,องค์การบริหารส่วนตำบล,ผาเลือด
7502,อุตรดิตถ์,น้ำปาด,องค์การบริหารส่วนตำบล,เด่นเหล็ก
7503,อุตรดิตถ์,น้ำปาด,องค์การบริหารส่วนตำบล,ท่าแฝก
7504,อุตรดิตถ์,น้ำปาด,องค์การบริหารส่วนตำบล,น้ำไคร้
7505,อุตรดิตถ์,น้ำปาด,องค์การบริหารส่วนตำบล,น้ำไผ่
7506,อุตรดิตถ์,น้ำปาด,องค์การบริหารส่วนตำบล,บ้านฝาย
7507,อุตรดิตถ์,น้ำปาด,องค์การบริหารส่วนตำบล,แสนตอ
7508,อุตรดิตถ์,น้ำปาด,องค์การบริหารส่วนตำบล,ห้วยมุ่น
7509,อุตรดิตถ์,บ้านโคก,องค์การบริหารส่วนตำบล,บ่อเบี้ย
7510,อุตรดิตถ์,บ้านโคก,องค์การบริหารส่วนตำบล,ม่วงเจ็ดต้น
7511,อุตรดิตถ์,พิชัย,องค์การบริหารส่วนตำบล,คอรุม
7512,อุตรดิตถ์,พิชัย,องค์การบริหารส่วนตำบล,ท่ามะเฟือง
7513,อุตรดิตถ์,พิชัย,องค์การบริหารส่วนตำบล,ท่าสัก
7514,อุตรดิตถ์,พิชัย,องค์การบริหารส่วนตำบล,นายาง
7515,อุตรดิตถ์,พิชัย,องค์การบริหารส่วนตำบล,นาอิน
7516,อุตรดิตถ์,พิชัย,องค์การบริหารส่วนตำบล,ในเมือง
7517,อุตรดิตถ์,พิชัย,องค์การบริหารส่วนตำบล,บ้านโคน
7518,อุตรดิตถ์,พิชัย,องค์การบริหารส่วนตำบล,บ้านดารา
7519,อุตรดิตถ์,พิชัย,องค์การบริหารส่วนตำบล,บ้านหม้อ
7520,อุตรดิตถ์,พิชัย,องค์การบริหารส่วนตำบล,พญาแมน
7521,อุตรดิตถ์,พิชัย,องค์การบริหารส่วนตำบล,ไร่อ้อย
7522,อุตรดิตถ์,ฟากท่า,องค์การบริหารส่วนตำบล,บ้านเสี้ยว
7523,อุตรดิตถ์,ฟากท่า,องค์การบริหารส่วนตำบล,ฟากท่า
7524,อุตรดิตถ์,ฟากท่า,องค์การบริหารส่วนตำบล,สองคอน
7525,อุตรดิตถ์,ฟากท่า,องค์การบริหารส่วนตำบล,สองห้อง
7526,อุตรดิตถ์,เมืองอุตรดิตถ์,องค์การบริหารส่วนตำบล,ขุนฝาง
7527,อุตรดิตถ์,เมืองอุตรดิตถ์,องค์การบริหารส่วนตำบล,ถ้ำฉลอง
7528,อุตรดิตถ์,เมืองอุตรดิตถ์,องค์การบริหารส่วนตำบล,บ้านด่าน
7529,อุตรดิตถ์,เมืองอุตรดิตถ์,องค์การบริหารส่วนตำบล,บ้านด่านนาขาม
7530,อุตรดิตถ์,เมืองอุตรดิตถ์,องค์การบริหารส่วนตำบล,วังดิน
7531,อุตรดิตถ์,เมืองอุตรดิตถ์,องค์การบริหารส่วนตำบล,แสนตอ
7532,อุตรดิตถ์,เมืองอุตรดิตถ์,องค์การบริหารส่วนตำบล,หาดงิ้ว
7533,อุตรดิตถ์,ลับแล,องค์การบริหารส่วนตำบล,ชัยจุมพล
7534,อุตรดิตถ์,ลับแล,องค์การบริหารส่วนตำบล,ด่านแม่คำมัน
7535,อุตรดิตถ์,ลับแล,องค์การบริหารส่วนตำบล,นานกกก
7536,อุตรดิตถ์,ลับแล,องค์การบริหารส่วนตำบล,ไผ่ล้อม
7537,อุตรดิตถ์,ลับแล,องค์การบริหารส่วนตำบล,ฝายหลวง
7538,อุตรดิตถ์,ลับแล,องค์การบริหารส่วนตำบล,แม่พูล
7539,อุทัยธานี,เมืองอุทัยธานี,องค์การบริหารส่วนจังหวัด,อุทัยธานี
7540,อุทัยธานี,เมืองอุทัยธานี,เทศบาลเมือง,อุทัยธานี
7541,อุทัยธานี,ทัพทัน,เทศบาลตำบล,ตลุกดู่
7542,อุทัยธานี,ทัพทัน,เทศบาลตำบล,ทัพทัน
7543,อุทัยธานี,ทัพทัน,เทศบาลตำบล,หนองกระทุ่ม
7544,อุทัยธานี,ทัพทัน,เทศบาลตำบล,หนองสระ
7545,อุทัยธานี,บ้านไร่,เทศบาลตำบล,บ้านไร่
7546,อุทัยธานี,บ้านไร่,เทศบาลตำบล,เมืองการุ้ง
7547,อุทัยธานี,เมืองอุทัยธานี,เทศบาลตำบล,น้ำซึม
7548,อุทัยธานี,เมืองอุทัยธานี,เทศบาลตำบล,หาดทนง
7549,อุทัยธานี,ลานสัก,เทศบาลตำบล,ลานสัก
7550,อุทัยธานี,สว่างอารมณ์,เทศบาลตำบล,พลวงสองนาง
7551,อุทัยธานี,สว่างอารมณ์,เทศบาลตำบล,สว่างแจ้งสบายใจ
7552,อุทัยธานี,สว่างอารมณ์,เทศบาลตำบล,สว่างอารมณ์
7553,อุทัยธานี,หนองขาหย่าง,เทศบาลตำบล,หนองขาหย่าง
7554,อุทัยธานี,หนองฉาง,เทศบาลตำบล,เขาบางแกรก
7555,อุทัยธานี,หนองฉาง,เทศบาลตำบล,หนองฉาง
7556,อุทัยธานี,ทัพทัน,องค์การบริหารส่วนตำบล,โคกหม้อ
7557,อุทัยธานี,ทัพทัน,องค์การบริหารส่วนตำบล,หนองกลางดง
7558,อุทัยธานี,ทัพทัน,องค์การบริหารส่วนตำบล,หนองยายดา
7559,อุทัยธานี,บ้านไร่,องค์การบริหารส่วนตำบล,คอกควาย
7560,อุทัยธานี,บ้านไร่,องค์การบริหารส่วนตำบล,เจ้าวัด
7561,อุทัยธานี,บ้านไร่,องค์การบริหารส่วนตำบล,ทัพหลวง
7562,อุทัยธานี,บ้านไร่,องค์การบริหารส่วนตำบล,บ้านบึง
7563,อุทัยธานี,บ้านไร่,องค์การบริหารส่วนตำบล,บ้านไร่
7564,อุทัยธานี,บ้านไร่,องค์การบริหารส่วนตำบล,บ้านใหม่คลองเคียน
7565,อุทัยธานี,บ้านไร่,องค์การบริหารส่วนตำบล,เมืองการุ้ง
7566,อุทัยธานี,บ้านไร่,องค์การบริหารส่วนตำบล,วังหิน
7567,อุทัยธานี,บ้านไร่,องค์การบริหารส่วนตำบล,หนองจอก
7568,อุทัยธานี,บ้านไร่,องค์การบริหารส่วนตำบล,หนองบ่มกล้วย
7569,อุทัยธานี,บ้านไร่,องค์การบริหารส่วนตำบล,ห้วยแห้ง
7570,อุทัยธานี,บ้านไร่,องค์การบริหารส่วนตำบล,หูช้าง
7571,อุทัยธานี,เมืองอุทัยธานี,องค์การบริหารส่วนตำบล,เกาะเทโพ
7572,อุทัยธานี,เมืองอุทัยธานี,องค์การบริหารส่วนตำบล,ดอนขวาง
7573,อุทัยธานี,เมืองอุทัยธานี,องค์การบริหารส่วนตำบล,ท่าซุง
7574,อุทัยธานี,เมืองอุทัยธานี,องค์การบริหารส่วนตำบล,เนินแจง
7575,อุทัยธานี,เมืองอุทัยธานี,องค์การบริหารส่วนตำบล,สะแกกรัง
7576,อุทัยธานี,เมืองอุทัยธานี,องค์การบริหารส่วนตำบล,หนองแก
7577,อุทัยธานี,เมืองอุทัยธานี,องค์การบริหารส่วนตำบล,หนองไผ่แบน
7578,อุทัยธานี,ลานสัก,องค์การบริหารส่วนตำบล,ทุ่งนางาม
7579,อุทัยธานี,ลานสัก,องค์การบริหารส่วนตำบล,น้ำรอบ
7580,อุทัยธานี,ลานสัก,องค์การบริหารส่วนตำบล,ประดู่ยืน
7581,อุทัยธานี,ลานสัก,องค์การบริหารส่วนตำบล,ป่าอ้อ
7582,อุทัยธานี,ลานสัก,องค์การบริหารส่วนตำบล,ระบำ
7583,อุทัยธานี,ลานสัก,องค์การบริหารส่วนตำบล,ลานสัก
7584,อุทัยธานี,สว่างอารมณ์,องค์การบริหารส่วนตำบล,บ่อยาง
7585,อุทัยธานี,สว่างอารมณ์,องค์การบริหารส่วนตำบล,ไผ่เขียว
7586,อุทัยธานี,สว่างอารมณ์,องค์การบริหารส่วนตำบล,หนองหลวง
7587,อุทัยธานี,หนองขาหย่าง,องค์การบริหารส่วนตำบล,ดงขวาง
7588,อุทัยธานี,หนองขาหย่าง,องค์การบริหารส่วนตำบล,ท่าโพ
7589,อุทัยธานี,หนองขาหย่าง,องค์การบริหารส่วนตำบล,หนองขาหย่าง
7590,อุทัยธานี,หนองขาหย่าง,องค์การบริหารส่วนตำบล,หนองไผ่
7591,อุทัยธานี,หนองขาหย่าง,องค์การบริหารส่วนตำบล,หลุมเข้า
7592,อุทัยธานี,หนองฉาง,องค์การบริหารส่วนตำบล,เขากวางทอง
7593,อุทัยธานี,หนองฉาง,องค์การบริหารส่วนตำบล,ทุ่งพง
7594,อุทัยธานี,หนองฉาง,องค์การบริหารส่วนตำบล,ทุ่งโพ
7595,อุทัยธานี,หนองฉาง,องค์การบริหารส่วนตำบล,หนองฉาง
7596,อุทัยธานี,หนองฉาง,องค์การบริหารส่วนตำบล,หนองนางนวล
7597,อุทัยธานี,หนองฉาง,องค์การบริหารส่วนตำบล,หนองยาง
7598,อุทัยธานี,หนองฉาง,องค์การบริหารส่วนตำบล,หนองสรวง
7599,อุทัยธานี,หนองฉาง,องค์การบริหารส่วนตำบล,อุทัยเก่า
7600,อุทัยธานี,ห้วยคต,องค์การบริหารส่วนตำบล,ทองหลาง
7601,อุทัยธานี,ห้วยคต,องค์การบริหารส่วนตำบล,สุขฤทัย
7602,อุทัยธานี,ห้วยคต,องค์การบริหารส่วนตำบล,ห้วยคต
7603,อุบลราชธานี,เมืองอุบลราชธานี,องค์การบริหารส่วนจังหวัด,อุบลราชธานี
7604,อุบลราชธานี,เมืองอุบลราชธานี,เทศบาลนคร,อุบลราชธานี
7605,อุบลราชธานี,เขมราฐ,เทศบาลเมือง,เทพวงศา
7606,อุบลราชธานี,เดชอุดม,เทศบาลเมือง,เดชอุดม
7607,อุบลราชธานี,พิบูลมังสาหาร,เทศบาลเมือง,พิบูลมังสาหาร
7608,อุบลราชธานี,เมืองอุบลราชธานี,เทศบาลเมือง,แจระแม
7609,อุบลราชธานี,วารินชำราบ,เทศบาลเมือง,วารินชำราบ
7610,อุบลราชธานี,กุดข้าวปุ้น,เทศบาลตำบล,กุดข้าวปุ้น
7611,อุบลราชธานี,เขมราฐ,เทศบาลตำบล,ขามป้อม
7612,อุบลราชธานี,เขมราฐ,เทศบาลตำบล,เขมราฐ
7613,อุบลราชธานี,เขมราฐ,เทศบาลตำบล,หนองนกทา
7614,อุบลราชธานี,เขมราฐ,เทศบาลตำบล,หนองผือ
7615,อุบลราชธานี,เขมราฐ,เทศบาลตำบล,หัวนา
7616,อุบลราชธานี,เขื่องใน,เทศบาลตำบล,เขื่องใน
7617,อุบลราชธานี,เขื่องใน,เทศบาลตำบล,บ้านกอก
7618,อุบลราชธานี,เขื่องใน,เทศบาลตำบล,ศรีสุข
7619,อุบลราชธานี,เขื่องใน,เทศบาลตำบล,ห้วยเรือ
7620,อุบลราชธานี,โขงเจียม,เทศบาลตำบล,บ้านด่านโขงเจียม
7621,อุบลราชธานี,เดชอุดม,เทศบาลตำบล,กุดประทาย
7622,อุบลราชธานี,เดชอุดม,เทศบาลตำบล,นาส่วง
7623,อุบลราชธานี,เดชอุดม,เทศบาลตำบล,บัวงาม
7624,อุบลราชธานี,เดชอุดม,เทศบาลตำบล,โพนงาม
7625,อุบลราชธานี,ตระการพืชผล,เทศบาลตำบล,ตระการพืชผล
7626,อุบลราชธานี,ตาลสุม,เทศบาลตำบล,ตาลสุม
7627,อุบลราชธานี,ทุ่งศรีอุดม,เทศบาลตำบล,ทุ่งศรีอุดม
7628,อุบลราชธานี,นาจะหลวย,เทศบาลตำบล,นาจะหลวย
7629,อุบลราชธานี,นาจะหลวย,เทศบาลตำบล,ภูจองนายอย
7630,อุบลราชธานี,นาตาล,เทศบาลตำบล,กองโพน
7631,อุบลราชธานี,นาตาล,เทศบาลตำบล,นาตาล
7632,อุบลราชธานี,นาเยีย,เทศบาลตำบล,นาจาน
7633,อุบลราชธานี,นาเยีย,เทศบาลตำบล,นาเยีย
7634,อุบลราชธานี,นาเยีย,เทศบาลตำบล,นาเรือง
7635,อุบลราชธานี,น้ำขุ่น,เทศบาลตำบล,ขี้เหล็ก
7636,อุบลราชธานี,น้ำขุ่น,เทศบาลตำบล,ตาเกา
7637,อุบลราชธานี,น้ำยืน,เทศบาลตำบล,โซง
7638,อุบลราชธานี,น้ำยืน,เทศบาลตำบล,น้ำยืน
7639,อุบลราชธานี,น้ำยืน,เทศบาลตำบล,สีวิเชียร
7640,อุบลราชธานี,บุณฑริก,เทศบาลตำบล,คอแลน
7641,อุบลราชธานี,บุณฑริก,เทศบาลตำบล,นาโพธิ์
7642,อุบลราชธานี,บุณฑริก,เทศบาลตำบล,บุณฑริก
7643,อุบลราชธานี,พิบูลมังสาหาร,เทศบาลตำบล,กุดชมภู
7644,อุบลราชธานี,พิบูลมังสาหาร,เทศบาลตำบล,โพธิ์ไทร
7645,อุบลราชธานี,พิบูลมังสาหาร,เทศบาลตำบล,โพธิ์ศรี
7646,อุบลราชธานี,พิบูลมังสาหาร,เทศบาลตำบล,อ่างศิลา
7647,อุบลราชธานี,โพธิ์ไทร,เทศบาลตำบล,นครโพธิ์ไทร
7648,อุบลราชธานี,โพธิ์ไทร,เทศบาลตำบล,โพธิ์ไทร
7649,อุบลราชธานี,โพธิ์ไทร,เทศบาลตำบล,สารภี
7650,อุบลราชธานี,ม่วงสามสิบ,เทศบาลตำบล,ม่วงสามสิบ
7651,อุบลราชธานี,เมืองอุบลราชธานี,เทศบาลตำบล,ขามใหญ่
7652,อุบลราชธานี,เมืองอุบลราชธานี,เทศบาลตำบล,ปทุม
7653,อุบลราชธานี,เมืองอุบลราชธานี,เทศบาลตำบล,อุบล
7654,อุบลราชธานี,วารินชำราบ,เทศบาลตำบล,คำขวาง
7655,อุบลราชธานี,วารินชำราบ,เทศบาลตำบล,คำน้ำแซบ
7656,อุบลราชธานี,วารินชำราบ,เทศบาลตำบล,ธาตุ
7657,อุบลราชธานี,วารินชำราบ,เทศบาลตำบล,โนนผึ้ง
7658,อุบลราชธานี,วารินชำราบ,เทศบาลตำบล,บุ่งไหม
7659,อุบลราชธานี,วารินชำราบ,เทศบาลตำบล,เมืองศรีไค
7660,อุบลราชธานี,วารินชำราบ,เทศบาลตำบล,แสนสุข
7661,อุบลราชธานี,วารินชำราบ,เทศบาลตำบล,ห้วยขะยุง
7662,อุบลราชธานี,ศรีเมืองใหม่,เทศบาลตำบล,ศรีเมืองใหม่
7663,อุบลราชธานี,สว่างวีระวงศ์,เทศบาลตำบล,แก่งโดม
7664,อุบลราชธานี,สว่างวีระวงศ์,เทศบาลตำบล,ท่าช้าง
7665,อุบลราชธานี,สว่างวีระวงศ์,เทศบาลตำบล,บุ่งมะแลง
7666,อุบลราชธานี,สว่างวีระวงศ์,เทศบาลตำบล,สว่าง
7667,อุบลราชธานี,สำโรง,เทศบาลตำบล,สำโรง
7668,อุบลราชธานี,สิรินธร,เทศบาลตำบล,ช่องเม็ก
7669,อุบลราชธานี,สิรินธร,เทศบาลตำบล,นิคมสร้างตนเองลำโดมน้อย
7670,อุบลราชธานี,เหล่าเสือโก้ก,เทศบาลตำบล,เหล่าเสือโก้ก
7671,อุบลราชธานี,กุดข้าวปุ้น,องค์การบริหารส่วนตำบล,กาบิน
7672,อุบลราชธานี,กุดข้าวปุ้น,องค์การบริหารส่วนตำบล,แก่งเค็ง
7673,อุบลราชธานี,กุดข้าวปุ้น,องค์การบริหารส่วนตำบล,ข้าวปุ้น
7674,อุบลราชธานี,กุดข้าวปุ้น,องค์การบริหารส่วนตำบล,โนนสวาง
7675,อุบลราชธานี,กุดข้าวปุ้น,องค์การบริหารส่วนตำบล,หนองทันน้ำ
7676,อุบลราชธานี,เขมราฐ,องค์การบริหารส่วนตำบล,แก้งเหนือ
7677,อุบลราชธานี,เขมราฐ,องค์การบริหารส่วนตำบล,เจียด
7678,อุบลราชธานี,เขมราฐ,องค์การบริหารส่วนตำบล,นาแวง
7679,อุบลราชธานี,เขมราฐ,องค์การบริหารส่วนตำบล,หนองสิม
7680,อุบลราชธานี,เขื่องใน,องค์การบริหารส่วนตำบล,กลางใหญ่
7681,อุบลราชธานี,เขื่องใน,องค์การบริหารส่วนตำบล,ก่อเอ้
7682,อุบลราชธานี,เขื่องใน,องค์การบริหารส่วนตำบล,ค้อทอง
7683,อุบลราชธานี,เขื่องใน,องค์การบริหารส่วนตำบล,ชีทวน
7684,อุบลราชธานี,เขื่องใน,องค์การบริหารส่วนตำบล,แดงหม้อ
7685,อุบลราชธานี,เขื่องใน,องค์การบริหารส่วนตำบล,ท่าไห
7686,อุบลราชธานี,เขื่องใน,องค์การบริหารส่วนตำบล,ธาตุน้อย
7687,อุบลราชธานี,เขื่องใน,องค์การบริหารส่วนตำบล,นาคำใหญ่
7688,อุบลราชธานี,เขื่องใน,องค์การบริหารส่วนตำบล,โนนรัง
7689,อุบลราชธานี,เขื่องใน,องค์การบริหารส่วนตำบล,บ้านไทย
7690,อุบลราชธานี,เขื่องใน,องค์การบริหารส่วนตำบล,ยางขี้นก
7691,อุบลราชธานี,เขื่องใน,องค์การบริหารส่วนตำบล,สร้างถ่อ
7692,อุบลราชธานี,เขื่องใน,องค์การบริหารส่วนตำบล,สหธาตุ
7693,อุบลราชธานี,เขื่องใน,องค์การบริหารส่วนตำบล,หนองเหล่า
7694,อุบลราชธานี,เขื่องใน,องค์การบริหารส่วนตำบล,หัวดอน
7695,อุบลราชธานี,โขงเจียม,องค์การบริหารส่วนตำบล,โขงเจียม
7696,อุบลราชธานี,โขงเจียม,องค์การบริหารส่วนตำบล,นาโพธิ์กลาง
7697,อุบลราชธานี,โขงเจียม,องค์การบริหารส่วนตำบล,หนองแสงใหญ่
7698,อุบลราชธานี,โขงเจียม,องค์การบริหารส่วนตำบล,ห้วยไผ่
7699,อุบลราชธานี,โขงเจียม,องค์การบริหารส่วนตำบล,ห้วยยาง
7700,อุบลราชธานี,ดอนมดแดง,องค์การบริหารส่วนตำบล,คำไฮใหญ่
7701,อุบลราชธานี,ดอนมดแดง,องค์การบริหารส่วนตำบล,ดอนมดแดง
7702,อุบลราชธานี,ดอนมดแดง,องค์การบริหารส่วนตำบล,ท่าเมือง
7703,อุบลราชธานี,ดอนมดแดง,องค์การบริหารส่วนตำบล,เหล่าแดง
7704,อุบลราชธานี,เดชอุดม,องค์การบริหารส่วนตำบล,กลาง
7705,อุบลราชธานี,เดชอุดม,องค์การบริหารส่วนตำบล,แก้ง
7706,อุบลราชธานี,เดชอุดม,องค์การบริหารส่วนตำบล,คำครั่ง
7707,อุบลราชธานี,เดชอุดม,องค์การบริหารส่วนตำบล,ตบหู
7708,อุบลราชธานี,เดชอุดม,องค์การบริหารส่วนตำบล,ท่าโพธิ์ศรี
7709,อุบลราชธานี,เดชอุดม,องค์การบริหารส่วนตำบล,ทุ่งเทิง
7710,อุบลราชธานี,เดชอุดม,องค์การบริหารส่วนตำบล,นากระแซง
7711,อุบลราชธานี,เดชอุดม,องค์การบริหารส่วนตำบล,นาเจริญ
7712,อุบลราชธานี,เดชอุดม,องค์การบริหารส่วนตำบล,นาส่วง
7713,อุบลราชธานี,เดชอุดม,องค์การบริหารส่วนตำบล,โนนสมบูรณ์
7714,อุบลราชธานี,เดชอุดม,องค์การบริหารส่วนตำบล,บัวงาม
7715,อุบลราชธานี,เดชอุดม,องค์การบริหารส่วนตำบล,ป่าโมง
7716,อุบลราชธานี,เดชอุดม,องค์การบริหารส่วนตำบล,เมืองเดช
7717,อุบลราชธานี,เดชอุดม,องค์การบริหารส่วนตำบล,สมสะอาด
7718,อุบลราชธานี,ตระการพืชผล,องค์การบริหารส่วนตำบล,กระเดียน
7719,อุบลราชธานี,ตระการพืชผล,องค์การบริหารส่วนตำบล,กุดยาลวน
7720,อุบลราชธานี,ตระการพืชผล,องค์การบริหารส่วนตำบล,กุศกร
7721,อุบลราชธานี,ตระการพืชผล,องค์การบริหารส่วนตำบล,เกษม
7722,อุบลราชธานี,ตระการพืชผล,องค์การบริหารส่วนตำบล,ขามเปี้ย
7723,อุบลราชธานี,ตระการพืชผล,องค์การบริหารส่วนตำบล,คอนสาย
7724,อุบลราชธานี,ตระการพืชผล,องค์การบริหารส่วนตำบล,คำเจริญ
7725,อุบลราชธานี,ตระการพืชผล,องค์การบริหารส่วนตำบล,โคกจาน
7726,อุบลราชธานี,ตระการพืชผล,องค์การบริหารส่วนตำบล,เซเป็ด
7727,อุบลราชธานี,ตระการพืชผล,องค์การบริหารส่วนตำบล,ตระการ
7728,อุบลราชธานี,ตระการพืชผล,องค์การบริหารส่วนตำบล,ตากแดด
7729,อุบลราชธานี,ตระการพืชผล,องค์การบริหารส่วนตำบล,ถ้ำแข้
7730,อุบลราชธานี,ตระการพืชผล,องค์การบริหารส่วนตำบล,ท่าหลวง
7731,อุบลราชธานี,ตระการพืชผล,องค์การบริหารส่วนตำบล,นาพิน
7732,อุบลราชธานี,ตระการพืชผล,องค์การบริหารส่วนตำบล,นาสะไม
7733,อุบลราชธานี,ตระการพืชผล,องค์การบริหารส่วนตำบล,โนนกุง
7734,อุบลราชธานี,ตระการพืชผล,องค์การบริหารส่วนตำบล,บ้านแดง
7735,อุบลราชธานี,ตระการพืชผล,องค์การบริหารส่วนตำบล,เป้า
7736,อุบลราชธานี,ตระการพืชผล,องค์การบริหารส่วนตำบล,สะพือ
7737,อุบลราชธานี,ตระการพืชผล,องค์การบริหารส่วนตำบล,หนองเต่า
7738,อุบลราชธานี,ตระการพืชผล,องค์การบริหารส่วนตำบล,ห้วยฝ้ายพัฒนา
7739,อุบลราชธานี,ตระการพืชผล,องค์การบริหารส่วนตำบล,ไหล่ทุ่ง
7740,อุบลราชธานี,ตาลสุม,องค์การบริหารส่วนตำบล,คำหว้า
7741,อุบลราชธานี,ตาลสุม,องค์การบริหารส่วนตำบล,จิกเทิง
7742,อุบลราชธานี,ตาลสุม,องค์การบริหารส่วนตำบล,ตาลสุม
7743,อุบลราชธานี,ตาลสุม,องค์การบริหารส่วนตำบล,นาคาย
7744,อุบลราชธานี,ตาลสุม,องค์การบริหารส่วนตำบล,สำโรง
7745,อุบลราชธานี,ตาลสุม,องค์การบริหารส่วนตำบล,หนองกุง
7746,อุบลราชธานี,ทุ่งศรีอุดม,องค์การบริหารส่วนตำบล,กุดเรือ
7747,อุบลราชธานี,ทุ่งศรีอุดม,องค์การบริหารส่วนตำบล,นาเกษม
7748,อุบลราชธานี,ทุ่งศรีอุดม,องค์การบริหารส่วนตำบล,นาห่อม
7749,อุบลราชธานี,ทุ่งศรีอุดม,องค์การบริหารส่วนตำบล,หนองอ้ม
7750,อุบลราชธานี,นาจะหลวย,องค์การบริหารส่วนตำบล,โนนสมบูรณ์
7751,อุบลราชธานี,นาจะหลวย,องค์การบริหารส่วนตำบล,โนนสวรรค์
7752,อุบลราชธานี,นาจะหลวย,องค์การบริหารส่วนตำบล,บ้านตูม
7753,อุบลราชธานี,นาจะหลวย,องค์การบริหารส่วนตำบล,พรสวรรค์
7754,อุบลราชธานี,นาจะหลวย,องค์การบริหารส่วนตำบล,โสกแสง
7755,อุบลราชธานี,นาตาล,องค์การบริหารส่วนตำบล,พะลาน
7756,อุบลราชธานี,นาตาล,องค์การบริหารส่วนตำบล,พังเคน
7757,อุบลราชธานี,นาเยีย,องค์การบริหารส่วนตำบล,นาดี
7758,อุบลราชธานี,น้ำขุ่น,องค์การบริหารส่วนตำบล,โคกสะอาด
7759,อุบลราชธานี,น้ำขุ่น,องค์การบริหารส่วนตำบล,ไพบูลย์
7760,อุบลราชธานี,น้ำยืน,องค์การบริหารส่วนตำบล,เก่าขาม
7761,อุบลราชธานี,น้ำยืน,องค์การบริหารส่วนตำบล,โดมประดิษฐ์
7762,อุบลราชธานี,น้ำยืน,องค์การบริหารส่วนตำบล,บุเปือย
7763,อุบลราชธานี,น้ำยืน,องค์การบริหารส่วนตำบล,ยาง
7764,อุบลราชธานี,น้ำยืน,องค์การบริหารส่วนตำบล,ยางใหญ่
7765,อุบลราชธานี,บุณฑริก,องค์การบริหารส่วนตำบล,โนนค้อ
7766,อุบลราชธานี,บุณฑริก,องค์การบริหารส่วนตำบล,บัวงาม
7767,อุบลราชธานี,บุณฑริก,องค์การบริหารส่วนตำบล,บ้านแมด
7768,อุบลราชธานี,บุณฑริก,องค์การบริหารส่วนตำบล,โพนงาม
7769,อุบลราชธานี,บุณฑริก,องค์การบริหารส่วนตำบล,หนองสะโน
7770,อุบลราชธานี,บุณฑริก,องค์การบริหารส่วนตำบล,ห้วยข่า
7771,อุบลราชธานี,พิบูลมังสาหาร,องค์การบริหารส่วนตำบล,ดอนจิก
7772,อุบลราชธานี,พิบูลมังสาหาร,องค์การบริหารส่วนตำบล,ทรายมูล
7773,อุบลราชธานี,พิบูลมังสาหาร,องค์การบริหารส่วนตำบล,นาโพธิ์
7774,อุบลราชธานี,พิบูลมังสาหาร,องค์การบริหารส่วนตำบล,โนนกลาง
7775,อุบลราชธานี,พิบูลมังสาหาร,องค์การบริหารส่วนตำบล,โนนกาหลง
7776,อุบลราชธานี,พิบูลมังสาหาร,องค์การบริหารส่วนตำบล,บ้านแขม
7777,อุบลราชธานี,พิบูลมังสาหาร,องค์การบริหารส่วนตำบล,ระเว
7778,อุบลราชธานี,พิบูลมังสาหาร,องค์การบริหารส่วนตำบล,ไร่ใต้
7779,อุบลราชธานี,พิบูลมังสาหาร,องค์การบริหารส่วนตำบล,หนองบัวฮี
7780,อุบลราชธานี,พิบูลมังสาหาร,องค์การบริหารส่วนตำบล,อ่างศิลา
7781,อุบลราชธานี,โพธิ์ไทร,องค์การบริหารส่วนตำบล,ม่วงใหญ่
7782,อุบลราชธานี,โพธิ์ไทร,องค์การบริหารส่วนตำบล,สองคอน
7783,อุบลราชธานี,โพธิ์ไทร,องค์การบริหารส่วนตำบล,สำโรง
7784,อุบลราชธานี,โพธิ์ไทร,องค์การบริหารส่วนตำบล,เหล่างาม
7785,อุบลราชธานี,ม่วงสามสิบ,องค์การบริหารส่วนตำบล,ดุมใหญ่
7786,อุบลราชธานี,ม่วงสามสิบ,องค์การบริหารส่วนตำบล,เตย
7787,อุบลราชธานี,ม่วงสามสิบ,องค์การบริหารส่วนตำบล,นาเลิง
7788,อุบลราชธานี,ม่วงสามสิบ,องค์การบริหารส่วนตำบล,ไผ่ใหญ่
7789,อุบลราชธานี,ม่วงสามสิบ,องค์การบริหารส่วนตำบล,โพนแพง
7790,อุบลราชธานี,ม่วงสามสิบ,องค์การบริหารส่วนตำบล,ม่วงสามสิบ
7791,อุบลราชธานี,ม่วงสามสิบ,องค์การบริหารส่วนตำบล,ยางโยภาพ
7792,อุบลราชธานี,ม่วงสามสิบ,องค์การบริหารส่วนตำบล,ยางสักกระโพหลุ่ม
7793,อุบลราชธานี,ม่วงสามสิบ,องค์การบริหารส่วนตำบล,หนองไข่นก
7794,อุบลราชธานี,ม่วงสามสิบ,องค์การบริหารส่วนตำบล,หนองช้างใหญ่
7795,อุบลราชธานี,ม่วงสามสิบ,องค์การบริหารส่วนตำบล,หนองเมือง
7796,อุบลราชธานี,ม่วงสามสิบ,องค์การบริหารส่วนตำบล,หนองเหล่า
7797,อุบลราชธานี,ม่วงสามสิบ,องค์การบริหารส่วนตำบล,หนองฮาง
7798,อุบลราชธานี,ม่วงสามสิบ,องค์การบริหารส่วนตำบล,เหล่าบก
7799,อุบลราชธานี,เมืองอุบลราชธานี,องค์การบริหารส่วนตำบล,กระโสบ
7800,อุบลราชธานี,เมืองอุบลราชธานี,องค์การบริหารส่วนตำบล,กุดลาด
7801,อุบลราชธานี,เมืองอุบลราชธานี,องค์การบริหารส่วนตำบล,ขี้เหล็ก
7802,อุบลราชธานี,เมืองอุบลราชธานี,องค์การบริหารส่วนตำบล,ปะอาว
7803,อุบลราชธานี,เมืองอุบลราชธานี,องค์การบริหารส่วนตำบล,ไร่น้อย
7804,อุบลราชธานี,เมืองอุบลราชธานี,องค์การบริหารส่วนตำบล,หนองขอน
7805,อุบลราชธานี,เมืองอุบลราชธานี,องค์การบริหารส่วนตำบล,หนองบ่อ
7806,อุบลราชธานี,เมืองอุบลราชธานี,องค์การบริหารส่วนตำบล,หัวเรือ
7807,อุบลราชธานี,วารินชำราบ,องค์การบริหารส่วนตำบล,คูเมือง
7808,อุบลราชธานี,วารินชำราบ,องค์การบริหารส่วนตำบล,ท่าลาด
7809,อุบลราชธานี,วารินชำราบ,องค์การบริหารส่วนตำบล,โนนโหนน
7810,อุบลราชธานี,วารินชำราบ,องค์การบริหารส่วนตำบล,บุ่งหวาย
7811,อุบลราชธานี,วารินชำราบ,องค์การบริหารส่วนตำบล,โพธิ์ใหญ่
7812,อุบลราชธานี,วารินชำราบ,องค์การบริหารส่วนตำบล,สระสมิง
7813,อุบลราชธานี,วารินชำราบ,องค์การบริหารส่วนตำบล,หนองกินเพล
7814,อุบลราชธานี,วารินชำราบ,องค์การบริหารส่วนตำบล,ห้วยขะยุง
7815,อุบลราชธานี,ศรีเมืองใหม่,องค์การบริหารส่วนตำบล,แก้งกอก
7816,อุบลราชธานี,ศรีเมืองใหม่,องค์การบริหารส่วนตำบล,คำไหล
7817,อุบลราชธานี,ศรีเมืองใหม่,องค์การบริหารส่วนตำบล,ดอนใหญ่
7818,อุบลราชธานี,ศรีเมืองใหม่,องค์การบริหารส่วนตำบล,ตะบ่าย
7819,อุบลราชธานี,ศรีเมืองใหม่,องค์การบริหารส่วนตำบล,นาคำ
7820,อุบลราชธานี,ศรีเมืองใหม่,องค์การบริหารส่วนตำบล,นาเลิน
7821,อุบลราชธานี,ศรีเมืองใหม่,องค์การบริหารส่วนตำบล,ลาดควาย
7822,อุบลราชธานี,ศรีเมืองใหม่,องค์การบริหารส่วนตำบล,วาริน
7823,อุบลราชธานี,ศรีเมืองใหม่,องค์การบริหารส่วนตำบล,สงยาง
7824,อุบลราชธานี,ศรีเมืองใหม่,องค์การบริหารส่วนตำบล,หนามแท่ง
7825,อุบลราชธานี,ศรีเมืองใหม่,องค์การบริหารส่วนตำบล,เอือดใหญ่
7826,อุบลราชธานี,สำโรง,องค์การบริหารส่วนตำบล,ขามป้อม
7827,อุบลราชธานี,สำโรง,องค์การบริหารส่วนตำบล,ค้อน้อย
7828,อุบลราชธานี,สำโรง,องค์การบริหารส่วนตำบล,โคกก่อง
7829,อุบลราชธานี,สำโรง,องค์การบริหารส่วนตำบล,โคกสว่าง
7830,อุบลราชธานี,สำโรง,องค์การบริหารส่วนตำบล,โนนกลาง
7831,อุบลราชธานี,สำโรง,องค์การบริหารส่วนตำบล,โนนกาเล็น
7832,อุบลราชธานี,สำโรง,องค์การบริหารส่วนตำบล,บอน
7833,อุบลราชธานี,สำโรง,องค์การบริหารส่วนตำบล,หนองไฮ
7834,อุบลราชธานี,สิรินธร,องค์การบริหารส่วนตำบล,คันไร่
7835,อุบลราชธานี,สิรินธร,องค์การบริหารส่วนตำบล,คำเขื่อนแก้ว
7836,อุบลราชธานี,สิรินธร,องค์การบริหารส่วนตำบล,ช่องเม็ก
7837,อุบลราชธานี,สิรินธร,องค์การบริหารส่วนตำบล,โนนก่อ
7838,อุบลราชธานี,สิรินธร,องค์การบริหารส่วนตำบล,ฝางคำ
7839,อุบลราชธานี,เหล่าเสือโก้ก,องค์การบริหารส่วนตำบล,แพงใหญ่
7840,อุบลราชธานี,เหล่าเสือโก้ก,องค์การบริหารส่วนตำบล,โพนเมือง
7841,อุบลราชธานี,เหล่าเสือโก้ก,องค์การบริหารส่วนตำบล,หนองบก
,,,,
