min_name,agc_name
สำนักนายกรัฐมนตรี,สำนักงานปลัดสำนักนายกรัฐมนตรี
สำนักนายกรัฐมนตรี,กรมประชาสัมพันธ์
สำนักนายกรัฐมนตรี,สำนักงานคณะกรรมการคุ้มครองผู้บริโภค
สำนักนายกรัฐมนตรี,สำนักเลขาธิการนายกรัฐมนตรี
สำนักนายกรัฐมนตรี,สำนักเลขาธิการคณะรัฐมนตรี
สำนักนายกรัฐมนตรี,สำนักข่าวกรองแห่งชาติ
สำนักนายกรัฐมนตรี,สำนักงบประมาณ
สำนักนายกรัฐมนตรี,สำนักงานสภาความมั่นคงแห่งชาติ
สำนักนายกรัฐมนตรี,สำนักงานคณะกรรมการกฤษฎีกา
สำนักนายกรัฐมนตรี,สำนักงานคณะกรรมการข้าราชการพลเรือน
สำนักนายกรัฐมนตรี,สำนักงานสภาพัฒนาการเศรษฐกิจและสังคมแห่งชาติ
สำนักนายกรัฐมนตรี,กองอำนวยการรักษาความมั่นคงภายในราชอาณาจักร
สำนักนายกรัฐมนตรี,สำนักงานคณะกรรมการพัฒนาระบบราชการ
สำนักนายกรัฐมนตรี,สำนักงานส่งเสริมการจัดประชุมและนิทรรศการ (องค์การมหาชน)
สำนักนายกรัฐมนตรี,สำนักงานบริหารและพัฒนาองค์ความรู้ (องค์การมหาชน)
สำนักนายกรัฐมนตรี,สำนักงานคณะกรรมการสุขภาพแห่งชาติ
สำนักนายกรัฐมนตรี,สถาบันบริหารจัดการธนาคารที่ดิน (องค์การมหาชน)
สำนักนายกรัฐมนตรี,สถาบันคุณวุฒิวิชาชีพ (องค์การมหาชน)
สำนักนายกรัฐมนตรี,สำนักงานพัฒนาพิงคนคร (องค์การมหาชน)
สำนักนายกรัฐมนตรี,สำนักงานคณะกรรมการส่งเสริมการลงทุน
สำนักนายกรัฐมนตรี,ราชวิทยาลัยจุฬาภรณ์
สำนักนายกรัฐมนตรี,สำนักงานทรัพยากรน้ำแห่งชาติ
สำนักนายกรัฐมนตรี,สำนักงานพัฒนารัฐบาลดิจิทัล (องค์การมหาชน)
สำนักนายกรัฐมนตรี,สำนักงานส่งเสริมเศรษฐกิจสร้างสรรค์ (องค์การมหาชน)
สำนักนายกรัฐมนตรี,ศูนย์อำนวยการรักษาผลประโยชน์ของชาติทางทะเล
สำนักนายกรัฐมนตรี,สำนักงานคณะกรรมการการรักษาความมั่นคงปลอดภัยไซเบอร์แห่งชาติ
สำนักนายกรัฐมนตรี,สำนักงานขับเคลื่อนการปฏิรูปประเทศ ยุทธศาสตร์ชาติ และการสร้างความสามัคคีปรองดอง
สำนักนายกรัฐมนตรี,สำนักงานคณะกรรมการนโยบายที่ดินแห่งชาติ
กระทรวงกลาโหม,สำนักงานปลัดกระทรวงกลาโหม
กระทรวงกลาโหม,กองทัพบก
กระทรวงกลาโหม,กองทัพเรือ
กระทรวงกลาโหม,กองทัพอากาศ
กระทรวงกลาโหม,กองบัญชาการกองทัพไทย
กระทรวงกลาโหม,สถาบันเทคโนโลยีป้องกันประเทศ
กระทรวงการคลัง,สำนักงานปลัดกระทรวงการคลัง
กระทรวงการคลัง,กรมธนารักษ์
กระทรวงการคลัง,กรมบัญชีกลาง
กระทรวงการคลัง,กรมศุลกากร
กระทรวงการคลัง,กรมสรรพสามิต
กระทรวงการคลัง,กรมสรรพากร
กระทรวงการคลัง,สำนักงานคณะกรรมการนโยบายรัฐวิสาหกิจ
กระทรวงการคลัง,สำนักงานบริหารหนี้สาธารณะ
กระทรวงการคลัง,สำนักงานเศรษฐกิจการคลัง
กระทรวงการคลัง,สำนักงานความร่วมมือพัฒนาเศรษฐกิจกับประเทศเพื่อนบ้าน (องค์การมหาชน)
กระทรวงการต่างประเทศ,สำนักงานปลัดกระทรวงการต่างประเทศ
กระทรวงการท่องเที่ยวและกีฬา,สำนักงานปลัดกระทรวงการท่องเที่ยวและกีฬา
กระทรวงการท่องเที่ยวและกีฬา,กรมพลศึกษา
กระทรวงการท่องเที่ยวและกีฬา,กรมการท่องเที่ยว
กระทรวงการท่องเที่ยวและกีฬา,มหาวิทยาลัยการกีฬาแห่งชาติ
กระทรวงการท่องเที่ยวและกีฬา,องค์การบริหารการพัฒนาพื้นที่พิเศษเพื่อการท่องเที่ยวอย่างยั่งยืน (องค์การมหาชน)
กระทรวงการพัฒนาสังคมและความมั่นคงของมนุษย์,สำนักงานปลัดกระทรวงการพัฒนาสังคมและความมั่นคงของมนุษย์
กระทรวงการพัฒนาสังคมและความมั่นคงของมนุษย์,กรมพัฒนาสังคมและสวัสดิการ
กระทรวงการพัฒนาสังคมและความมั่นคงของมนุษย์,กรมกิจการสตรีและสถาบันครอบครัว
กระทรวงการพัฒนาสังคมและความมั่นคงของมนุษย์,กรมกิจการเด็กและเยาวชน
กระทรวงการพัฒนาสังคมและความมั่นคงของมนุษย์,สถาบันพัฒนาองค์กรชุมชน (องค์การมหาชน)
กระทรวงการพัฒนาสังคมและความมั่นคงของมนุษย์,กรมส่งเสริมและพัฒนาคุณภาพชีวิตคนพิการ
กระทรวงการพัฒนาสังคมและความมั่นคงของมนุษย์,กรมกิจการผู้สูงอายุ
กระทรวงเกษตรและสหกรณ์,สำนักงานปลัดกระทรวงเกษตรและสหกรณ์
กระทรวงเกษตรและสหกรณ์,กรมชลประทาน
กระทรวงเกษตรและสหกรณ์,กรมตรวจบัญชีสหกรณ์
กระทรวงเกษตรและสหกรณ์,กรมประมง
กระทรวงเกษตรและสหกรณ์,กรมปศุสัตว์
กระทรวงเกษตรและสหกรณ์,กรมพัฒนาที่ดิน
กระทรวงเกษตรและสหกรณ์,กรมวิชาการเกษตร
กระทรวงเกษตรและสหกรณ์,กรมส่งเสริมการเกษตร
กระทรวงเกษตรและสหกรณ์,กรมส่งเสริมสหกรณ์
กระทรวงเกษตรและสหกรณ์,สำนักงานการปฏิรูปที่ดินเพื่อเกษตรกรรม
กระทรวงเกษตรและสหกรณ์,สำนักงานมาตรฐานสินค้าเกษตรและอาหารแห่งชาติ
กระทรวงเกษตรและสหกรณ์,สำนักงานเศรษฐกิจการเกษตร
กระทรวงเกษตรและสหกรณ์,สำนักงานพัฒนาการวิจัยการเกษตร (องค์การมหาชน)
กระทรวงเกษตรและสหกรณ์,สถาบันวิจัยและพัฒนาพื้นที่สูง (องค์การมหาชน)
กระทรวงเกษตรและสหกรณ์,กรมการข้าว
กระทรวงเกษตรและสหกรณ์,สำนักงานพิพิธภัณฑ์เกษตรเฉลิมพระเกียรติพระบาทสมเด็จพระเจ้าอยู่หัว (องค์การมหาชน)
กระทรวงเกษตรและสหกรณ์,กรมหม่อนไหม
กระทรวงเกษตรและสหกรณ์,กรมฝนหลวงและการบินเกษตร
กระทรวงคมนาคม,สำนักงานปลัดกระทรวงคมนาคม
กระทรวงคมนาคม,กรมเจ้าท่า
กระทรวงคมนาคม,กรมการขนส่งทางบก
กระทรวงคมนาคม,กรมทางหลวง
กระทรวงคมนาคม,กรมทางหลวงชนบท
กระทรวงคมนาคม,สำนักงานนโยบายและแผนการขนส่งและจราจร
กระทรวงคมนาคม,กรมท่าอากาศยาน
กระทรวงคมนาคม,กรมการขนส่งทางราง
กระทรวงคมนาคม,สถาบันวิจัยและพัฒนาเทคโนโลยีระบบราง (องค์การมหาชน)
กระทรวงทรัพยากรธรรมชาติและสิ่งแวดล้อม,สำนักงานปลัดกระทรวงทรัพยากรธรรมชาติและสิ่งแวดล้อม
กระทรวงทรัพยากรธรรมชาติและสิ่งแวดล้อม,กรมควบคุมมลพิษ
กระทรวงทรัพยากรธรรมชาติและสิ่งแวดล้อม,กรมทรัพยากรทางทะเลและชายฝั่ง
กระทรวงทรัพยากรธรรมชาติและสิ่งแวดล้อม,กรมทรัพยากรธรณี
กระทรวงทรัพยากรธรรมชาติและสิ่งแวดล้อม,กรมทรัพยากรน้ำ
กระทรวงทรัพยากรธรรมชาติและสิ่งแวดล้อม,กรมทรัพยากรน้ำบาดาล
กระทรวงทรัพยากรธรรมชาติและสิ่งแวดล้อม,กรมการเปลี่ยนแปลงสภาพภูมิอากาศและสิ่งแวดล้อม
กระทรวงทรัพยากรธรรมชาติและสิ่งแวดล้อม,กรมอุทยานแห่งชาติ สัตว์ป่า และพันธุ์พืช
กระทรวงทรัพยากรธรรมชาติและสิ่งแวดล้อม,สำนักงานนโยบายและแผนทรัพยากรธรรมชาติและสิ่งแวดล้อม
กระทรวงทรัพยากรธรรมชาติและสิ่งแวดล้อม,กรมป่าไม้
กระทรวงทรัพยากรธรรมชาติและสิ่งแวดล้อม,สำนักงานพัฒนาเศรษฐกิจจากฐานชีวภาพ (องค์การมหาชน)
กระทรวงทรัพยากรธรรมชาติและสิ่งแวดล้อม,องค์การบริหารจัดการก๊าซเรือนกระจก (องค์การมหาชน)
กระทรวงดิจิทัลเพื่อเศรษฐกิจและสังคม,สำนักงานปลัดกระทรวงดิจิทัลเพื่อเศรษฐกิจและสังคม
กระทรวงดิจิทัลเพื่อเศรษฐกิจและสังคม,กรมอุตุนิยมวิทยา
กระทรวงดิจิทัลเพื่อเศรษฐกิจและสังคม,สำนักงานสถิติแห่งชาติ
กระทรวงดิจิทัลเพื่อเศรษฐกิจและสังคม,สำนักงานส่งเสริมเศรษฐกิจดิจิทัล
กระทรวงดิจิทัลเพื่อเศรษฐกิจและสังคม,สำนักงานพัฒนาธุรกรรมทางอิเล็กทรอนิกส์
กระทรวงดิจิทัลเพื่อเศรษฐกิจและสังคม,สำนักงานคณะกรรมการดิจิทัลเพื่อเศรษฐกิจและสังคมแห่งชาติ
กระทรวงดิจิทัลเพื่อเศรษฐกิจและสังคม,สำนักงานคณะกรรมการคุ้มครองข้อมูลส่วนบุคคล
กระทรวงดิจิทัลเพื่อเศรษฐกิจและสังคม,สถาบันข้อมูลขนาดใหญ่ (องค์การมหาชน)
กระทรวงพลังงาน,สำนักงานปลัดกระทรวงพลังงาน
กระทรวงพลังงาน,กรมเชื้อเพลิงธรรมชาติ
กระทรวงพลังงาน,กรมธุรกิจพลังงาน
กระทรวงพลังงาน,กรมพัฒนาพลังงานทดแทนและอนุรักษ์พลังงาน
กระทรวงพลังงาน,สำนักงานนโยบายและแผนพลังงาน
กระทรวงพาณิชย์,สำนักงานปลัดกระทรวงพาณิชย์
กระทรวงพาณิชย์,กรมการค้าต่างประเทศ
กระทรวงพาณิชย์,กรมการค้าภายใน
กระทรวงพาณิชย์,กรมเจรจาการค้าระหว่างประเทศ
กระทรวงพาณิชย์,กรมทรัพย์สินทางปัญญา
กระทรวงพาณิชย์,กรมพัฒนาธุรกิจการค้า
กระทรวงพาณิชย์,กรมส่งเสริมการค้าระหว่างประเทศ
กระทรวงพาณิชย์,สถาบันส่งเสริมศิลปหัตถกรรมไทย (องค์การมหาชน)
กระทรวงพาณิชย์,สถาบันวิจัยและพัฒนาอัญมณีและเครื่องประดับแห่งชาติ (องค์การมหาชน)
กระทรวงพาณิชย์,สำนักงานนโยบายและยุทธศาสตร์การค้า
กระทรวงพาณิชย์,สถาบันระหว่างประเทศเพื่อการค้าและการพัฒนา (องค์การมหาชน)
กระทรวงมหาดไทย,สำนักงานปลัดกระทรวงมหาดไทย
กระทรวงมหาดไทย,กรมการปกครอง
กระทรวงมหาดไทย,กรมการพัฒนาชุมชน
กระทรวงมหาดไทย,กรมที่ดิน
กระทรวงมหาดไทย,กรมป้องกันและบรรเทาสาธารณภัย
กระทรวงมหาดไทย,กรมโยธาธิการและผังเมือง
กระทรวงมหาดไทย,กรมส่งเสริมการปกครองท้องถิ่น
กระทรวงยุติธรรม,สำนักงานปลัดกระทรวงยุติธรรม
กระทรวงยุติธรรม,กรมคุมประพฤติ
กระทรวงยุติธรรม,กรมคุ้มครองสิทธิและเสรีภาพ
กระทรวงยุติธรรม,กรมบังคับคดี
กระทรวงยุติธรรม,กรมพินิจและคุ้มครองเด็กและเยาวชน
กระทรวงยุติธรรม,กรมราชทัณฑ์
กระทรวงยุติธรรม,กรมสอบสวนคดีพิเศษ
กระทรวงยุติธรรม,สำนักงานกิจการยุติธรรม
กระทรวงยุติธรรม,สถาบันนิติวิทยาศาสตร์
กระทรวงยุติธรรม,สำนักงานคณะกรรมการป้องกันและปราบปรามยาเสพติด
กระทรวงยุติธรรม,สถาบันเพื่อการยุติธรรมแห่งประเทศไทย (องค์การมหาชน)
กระทรวงยุติธรรม,สถาบันอนุญาโตตุลาการ
กระทรวงแรงงาน,สำนักงานปลัดกระทรวงแรงงาน
กระทรวงแรงงาน,กรมการจัดหางาน
กระทรวงแรงงาน,กรมพัฒนาฝีมือแรงงาน
กระทรวงแรงงาน,กรมสวัสดิการและคุ้มครองแรงงาน
กระทรวงแรงงาน,สำนักงานประกันสังคม
กระทรวงแรงงาน,สถาบันส่งเสริมความปลอดภัย อาชีวอนามัย และสภาพแวดล้อมในการทำงาน (องค์การมหาชน)
กระทรวงวัฒนธรรม,สำนักงานปลัดกระทรวงวัฒนธรรม
กระทรวงวัฒนธรรม,กรมการศาสนา
กระทรวงวัฒนธรรม,กรมศิลปากร
กระทรวงวัฒนธรรม,กรมส่งเสริมวัฒนธรรม
กระทรวงวัฒนธรรม,สำนักงานศิลปวัฒนธรรมร่วมสมัย
กระทรวงวัฒนธรรม,ศูนย์มานุษยวิทยาสิรินธร (องค์การมหาชน)
กระทรวงวัฒนธรรม,สถาบันบัณฑิตพัฒนศิลป์
กระทรวงวัฒนธรรม,หอภาพยนตร์ (องค์การมหาชน)
กระทรวงวัฒนธรรม,ศูนย์คุณธรรม (องค์การมหาชน)
กระทรวงศึกษาธิการ,สํานักงานปลัดกระทรวงศึกษาธิการ
กระทรวงศึกษาธิการ,สำนักงานเลขาธิการสภาการศึกษา
กระทรวงศึกษาธิการ,สำนักงานคณะกรรมการการศึกษาขั้นพื้นฐาน
กระทรวงศึกษาธิการ,สำนักงานคณะกรรมการการอาชีวศึกษา
กระทรวงศึกษาธิการ,สถาบันส่งเสริมการสอนวิทยาศาสตร์และเทคโนโลยี
กระทรวงศึกษาธิการ,โรงเรียนมหิดลวิทยานุสรณ์
กระทรวงศึกษาธิการ,สำนักงานเลขาธิการคุรุสภา
กระทรวงศึกษาธิการ,สำนักงานคณะกรรมการส่งเสริมสวัสดิการและสวัสดิภาพครูและบุคลากรทางการศึกษา
กระทรวงศึกษาธิการ,สถาบันทดสอบทางการศึกษาแห่งชาติ (องค์การมหาชน)
กระทรวงศึกษาธิการ,สำนักงานรับรองมาตรฐานและประเมินคุณภาพการศึกษา (องค์การมหาชน)
กระทรวงศึกษาธิการ,กรมส่งเสริมการเรียนรู้
กระทรวงสาธารณสุข,สำนักงานปลัดกระทรวงสาธารณสุข
กระทรวงสาธารณสุข,กรมการแพทย์
กระทรวงสาธารณสุข,กรมควบคุมโรค
กระทรวงสาธารณสุข,กรมการแพทย์แผนไทยและการแพทย์ทางเลือก
กระทรวงสาธารณสุข,กรมวิทยาศาสตร์การแพทย์
กระทรวงสาธารณสุข,กรมสนับสนุนบริการสุขภาพ
กระทรวงสาธารณสุข,กรมสุขภาพจิต
กระทรวงสาธารณสุข,กรมอนามัย
กระทรวงสาธารณสุข,สำนักงานคณะกรรมการอาหารและยา
กระทรวงสาธารณสุข,สถาบันวิจัยระบบสาธารณสุข
กระทรวงสาธารณสุข,โรงพยาบาลบ้านแพ้ว (องค์การมหาชน)
กระทรวงสาธารณสุข,สำนักงานหลักประกันสุขภาพแห่งชาติ
กระทรวงสาธารณสุข,สถาบันการแพทย์ฉุกเฉินแห่งชาติ
กระทรวงสาธารณสุข,สถาบันรับรองคุณภาพสถานพยาบาล (องค์การมหาชน)
กระทรวงสาธารณสุข,สถาบันวัคซีนแห่งชาติ
กระทรวงสาธารณสุข,สถาบันพระบรมราชชนก
กระทรวงอุตสาหกรรม,สำนักงานปลัดกระทรวงอุตสาหกรรม
กระทรวงอุตสาหกรรม,กรมโรงงานอุตสาหกรรม
กระทรวงอุตสาหกรรม,กรมส่งเสริมอุตสาหกรรม
กระทรวงอุตสาหกรรม,กรมอุตสาหกรรมพื้นฐานและการเหมืองแร่
กระทรวงอุตสาหกรรม,สำนักงานคณะกรรมการอ้อยและน้ำตาลทราย
กระทรวงอุตสาหกรรม,สำนักงานมาตรฐานผลิตภัณฑ์อุตสาหกรรม
กระทรวงอุตสาหกรรม,สำนักงานเศรษฐกิจอุตสาหกรรม
กระทรวงการอุดมศึกษา วิทยาศาสตร์ วิจัยและนวัตกรรม,สำนักงานปลัดกระทรวงการอุดมศึกษา วิทยาศาสตร์ วิจัย และนวัตกรรม 
กระทรวงการอุดมศึกษา วิทยาศาสตร์ วิจัยและนวัตกรรม,กรมวิทยาศาสตร์บริการ
กระทรวงการอุดมศึกษา วิทยาศาสตร์ วิจัยและนวัตกรรม,สำนักงานการวิจัยแห่งชาติ
กระทรวงการอุดมศึกษา วิทยาศาสตร์ วิจัยและนวัตกรรม,สำนักงานปรมาณูเพื่อสันติ
กระทรวงการอุดมศึกษา วิทยาศาสตร์ วิจัยและนวัตกรรม,มหาวิทยาลัยรามคำแหง
กระทรวงการอุดมศึกษา วิทยาศาสตร์ วิจัยและนวัตกรรม,มหาวิทยาลัยสุโขทัยธรรมาธิราช
กระทรวงการอุดมศึกษา วิทยาศาสตร์ วิจัยและนวัตกรรม,มหาวิทยาลัยนเรศวร
กระทรวงการอุดมศึกษา วิทยาศาสตร์ วิจัยและนวัตกรรม,มหาวิทยาลัยอุบลราชธานี
กระทรวงการอุดมศึกษา วิทยาศาสตร์ วิจัยและนวัตกรรม,มหาวิทยาลัยมหาสารคาม
กระทรวงการอุดมศึกษา วิทยาศาสตร์ วิจัยและนวัตกรรม,มหาวิทยาลัยกาฬสินธุ์
กระทรวงการอุดมศึกษา วิทยาศาสตร์ วิจัยและนวัตกรรม,สถาบันเทคโนโลยีปทุมวัน
กระทรวงการอุดมศึกษา วิทยาศาสตร์ วิจัยและนวัตกรรม,มหาวิทยาลัยนราธิวาสราชนครินทร์
กระทรวงการอุดมศึกษา วิทยาศาสตร์ วิจัยและนวัตกรรม,มหาวิทยาลัยนครพนม
กระทรวงการอุดมศึกษา วิทยาศาสตร์ วิจัยและนวัตกรรม,สถาบันวิทยาลัยชุมชน
กระทรวงการอุดมศึกษา วิทยาศาสตร์ วิจัยและนวัตกรรม,มหาวิทยาลัยราชภัฏเชียงราย
กระทรวงการอุดมศึกษา วิทยาศาสตร์ วิจัยและนวัตกรรม,มหาวิทยาลัยราชภัฏเชียงใหม่
กระทรวงการอุดมศึกษา วิทยาศาสตร์ วิจัยและนวัตกรรม,มหาวิทยาลัยราชภัฏลำปาง
กระทรวงการอุดมศึกษา วิทยาศาสตร์ วิจัยและนวัตกรรม,มหาวิทยาลัยราชภัฏอุตรดิตถ์
กระทรวงการอุดมศึกษา วิทยาศาสตร์ วิจัยและนวัตกรรม,มหาวิทยาลัยราชภัฏกำแพงเพชร
กระทรวงการอุดมศึกษา วิทยาศาสตร์ วิจัยและนวัตกรรม,มหาวิทยาลัยราชภัฏนครสวรรค์
กระทรวงการอุดมศึกษา วิทยาศาสตร์ วิจัยและนวัตกรรม,มหาวิทยาลัยราชภัฏพิบูลสงคราม
กระทรวงการอุดมศึกษา วิทยาศาสตร์ วิจัยและนวัตกรรม,มหาวิทยาลัยราชภัฏเพชรบูรณ์
กระทรวงการอุดมศึกษา วิทยาศาสตร์ วิจัยและนวัตกรรม,มหาวิทยาลัยราชภัฏมหาสารคาม
กระทรวงการอุดมศึกษา วิทยาศาสตร์ วิจัยและนวัตกรรม,มหาวิทยาลัยราชภัฏเลย
กระทรวงการอุดมศึกษา วิทยาศาสตร์ วิจัยและนวัตกรรม,มหาวิทยาลัยราชภัฏสกลนคร
กระทรวงการอุดมศึกษา วิทยาศาสตร์ วิจัยและนวัตกรรม,มหาวิทยาลัยราชภัฏอุดรธานี
กระทรวงการอุดมศึกษา วิทยาศาสตร์ วิจัยและนวัตกรรม,มหาวิทยาลัยราชภัฏนครราชสีมา
กระทรวงการอุดมศึกษา วิทยาศาสตร์ วิจัยและนวัตกรรม,มหาวิทยาลัยราชภัฏบุรีรัมย์
กระทรวงการอุดมศึกษา วิทยาศาสตร์ วิจัยและนวัตกรรม,มหาวิทยาลัยราชภัฏสุรินทร์
กระทรวงการอุดมศึกษา วิทยาศาสตร์ วิจัยและนวัตกรรม,มหาวิทยาลัยราชภัฏอุบลราชธานี
กระทรวงการอุดมศึกษา วิทยาศาสตร์ วิจัยและนวัตกรรม,มหาวิทยาลัยราชภัฏราชนครินทร์
กระทรวงการอุดมศึกษา วิทยาศาสตร์ วิจัยและนวัตกรรม,มหาวิทยาลัยราชภัฏเทพสตรี
กระทรวงการอุดมศึกษา วิทยาศาสตร์ วิจัยและนวัตกรรม,มหาวิทยาลัยราชภัฏพระนครศรีอยุธยา
กระทรวงการอุดมศึกษา วิทยาศาสตร์ วิจัยและนวัตกรรม,มหาวิทยาลัยราชภัฏวไลยอลงกรณ์ ในพระบรมราชูปถัมภ์ จังหวัดปทุมธานี
กระทรวงการอุดมศึกษา วิทยาศาสตร์ วิจัยและนวัตกรรม,มหาวิทยาลัยราชภัฏรำไพพรรณี
กระทรวงการอุดมศึกษา วิทยาศาสตร์ วิจัยและนวัตกรรม,มหาวิทยาลัยราชภัฏกาญจนบุรี
กระทรวงการอุดมศึกษา วิทยาศาสตร์ วิจัยและนวัตกรรม,มหาวิทยาลัยราชภัฏนครปฐม
กระทรวงการอุดมศึกษา วิทยาศาสตร์ วิจัยและนวัตกรรม,มหาวิทยาลัยราชภัฏเพชรบุรี
กระทรวงการอุดมศึกษา วิทยาศาสตร์ วิจัยและนวัตกรรม,มหาวิทยาลัยราชภัฏหมู่บ้านจอมบึง
กระทรวงการอุดมศึกษา วิทยาศาสตร์ วิจัยและนวัตกรรม,มหาวิทยาลัยราชภัฏนครศรีธรรมราช
กระทรวงการอุดมศึกษา วิทยาศาสตร์ วิจัยและนวัตกรรม,มหาวิทยาลัยราชภัฏภูเก็ต
กระทรวงการอุดมศึกษา วิทยาศาสตร์ วิจัยและนวัตกรรม,มหาวิทยาลัยราชภัฏยะลา
กระทรวงการอุดมศึกษา วิทยาศาสตร์ วิจัยและนวัตกรรม,มหาวิทยาลัยราชภัฏสงขลา
กระทรวงการอุดมศึกษา วิทยาศาสตร์ วิจัยและนวัตกรรม,มหาวิทยาลัยราชภัฏสุราษฎร์ธานี
กระทรวงการอุดมศึกษา วิทยาศาสตร์ วิจัยและนวัตกรรม,มหาวิทยาลัยราชภัฏจันทรเกษม
กระทรวงการอุดมศึกษา วิทยาศาสตร์ วิจัยและนวัตกรรม,มหาวิทยาลัยราชภัฏธนบุรี
กระทรวงการอุดมศึกษา วิทยาศาสตร์ วิจัยและนวัตกรรม,มหาวิทยาลัยราชภัฏบ้านสมเด็จเจ้าพระยา
กระทรวงการอุดมศึกษา วิทยาศาสตร์ วิจัยและนวัตกรรม,มหาวิทยาลัยราชภัฏพระนคร
กระทรวงการอุดมศึกษา วิทยาศาสตร์ วิจัยและนวัตกรรม,มหาวิทยาลัยราชภัฏสวนสุนันทา
กระทรวงการอุดมศึกษา วิทยาศาสตร์ วิจัยและนวัตกรรม,มหาวิทยาลัยราชภัฏชัยภูมิ
กระทรวงการอุดมศึกษา วิทยาศาสตร์ วิจัยและนวัตกรรม,มหาวิทยาลัยราชภัฏร้อยเอ็ด
กระทรวงการอุดมศึกษา วิทยาศาสตร์ วิจัยและนวัตกรรม,มหาวิทยาลัยราชภัฏศรีสะเกษ
กระทรวงการอุดมศึกษา วิทยาศาสตร์ วิจัยและนวัตกรรม,มหาวิทยาลัยเทคโนโลยีราชมงคลธัญบุรี
กระทรวงการอุดมศึกษา วิทยาศาสตร์ วิจัยและนวัตกรรม,มหาวิทยาลัยเทคโนโลยีราชมงคลกรุงเทพ
กระทรวงการอุดมศึกษา วิทยาศาสตร์ วิจัยและนวัตกรรม,มหาวิทยาลัยเทคโนโลยีราชมงคลตะวันออก
กระทรวงการอุดมศึกษา วิทยาศาสตร์ วิจัยและนวัตกรรม,มหาวิทยาลัยเทคโนโลยีราชมงคลพระนคร
กระทรวงการอุดมศึกษา วิทยาศาสตร์ วิจัยและนวัตกรรม,มหาวิทยาลัยเทคโนโลยีราชมงคลรัตนโกสินทร์
กระทรวงการอุดมศึกษา วิทยาศาสตร์ วิจัยและนวัตกรรม,มหาวิทยาลัยเทคโนโลยีราชมงคลล้านนา
กระทรวงการอุดมศึกษา วิทยาศาสตร์ วิจัยและนวัตกรรม,มหาวิทยาลัยเทคโนโลยีราชมงคลศรีวิชัย
กระทรวงการอุดมศึกษา วิทยาศาสตร์ วิจัยและนวัตกรรม,มหาวิทยาลัยเทคโนโลยีราชมงคลสุวรรณภูมิ
กระทรวงการอุดมศึกษา วิทยาศาสตร์ วิจัยและนวัตกรรม,มหาวิทยาลัยเทคโนโลยีราชมงคลอีสาน
กระทรวงการอุดมศึกษา วิทยาศาสตร์ วิจัยและนวัตกรรม,สำนักงานพัฒนาเทคโนโลยีอวกาศและภูมิสารสนเทศ (องค์การมหาชน)
กระทรวงการอุดมศึกษา วิทยาศาสตร์ วิจัยและนวัตกรรม,สถาบันเทคโนโลยีนิวเคลียร์แห่งชาติ (องค์การมหาชน)
กระทรวงการอุดมศึกษา วิทยาศาสตร์ วิจัยและนวัตกรรม,สถาบันวิจัยแสงซินโครตรอน (องค์การมหาชน)
กระทรวงการอุดมศึกษา วิทยาศาสตร์ วิจัยและนวัตกรรม,สถาบันวิจัยดาราศาสตร์แห่งชาติ (องค์การมหาชน)
กระทรวงการอุดมศึกษา วิทยาศาสตร์ วิจัยและนวัตกรรม,สำนักงานนวัตกรรมแห่งชาติ (องค์การมหาชน)
กระทรวงการอุดมศึกษา วิทยาศาสตร์ วิจัยและนวัตกรรม,ศูนย์ความเป็นเลิศด้านชีววิทยาศาสตร์ (องค์การมหาชน)
กระทรวงการอุดมศึกษา วิทยาศาสตร์ วิจัยและนวัตกรรม,สถาบันสารสนเทศทรัพยากรน้ำ (องค์การมหาชน)
กระทรวงการอุดมศึกษา วิทยาศาสตร์ วิจัยและนวัตกรรม,สำนักงานพัฒนาวิทยาศาสตร์และเทคโนโลยีแห่งชาติ
กระทรวงการอุดมศึกษา วิทยาศาสตร์ วิจัยและนวัตกรรม,สถาบันมาตรวิทยาแห่งชาติ
กระทรวงการอุดมศึกษา วิทยาศาสตร์ วิจัยและนวัตกรรม,สำนักงานสภานโยบายการอุดมศึกษา วิทยาศาสตร์ วิจัยและนวัตกรรมแห่งชาติ
กระทรวงการอุดมศึกษา วิทยาศาสตร์ วิจัยและนวัตกรรม,สำนักงานคณะกรรมการส่งเสริมวิทยาศาสตร์  วิจัยและนวัตกรรม
กระทรวงการอุดมศึกษา วิทยาศาสตร์ วิจัยและนวัตกรรม,จุฬาลงกรณ์มหาวิทยาลัย
กระทรวงการอุดมศึกษา วิทยาศาสตร์ วิจัยและนวัตกรรม,มหาวิทยาลัยเกษตรศาสตร์
กระทรวงการอุดมศึกษา วิทยาศาสตร์ วิจัยและนวัตกรรม,มหาวิทยาลัยขอนแก่น
กระทรวงการอุดมศึกษา วิทยาศาสตร์ วิจัยและนวัตกรรม,มหาวิทยาลัยธรรมศาสตร์
กระทรวงการอุดมศึกษา วิทยาศาสตร์ วิจัยและนวัตกรรม,มหาวิทยาลัยสงขลานครินทร์
กระทรวงการอุดมศึกษา วิทยาศาสตร์ วิจัยและนวัตกรรม,มหาวิทยาลัยแม่โจ้
กระทรวงการอุดมศึกษา วิทยาศาสตร์ วิจัยและนวัตกรรม,สถาบันเทคโนโลยีพระจอมเกล้าเจ้าคุณทหารลาดกระบัง
กระทรวงการอุดมศึกษา วิทยาศาสตร์ วิจัยและนวัตกรรม,มหาวิทยาลัยเทคโนโลยีพระจอมเกล้าพระนครเหนือ
กระทรวงการอุดมศึกษา วิทยาศาสตร์ วิจัยและนวัตกรรม,สถาบันบัณฑิตพัฒนบริหารศาสตร์
กระทรวงการอุดมศึกษา วิทยาศาสตร์ วิจัยและนวัตกรรม,มหาวิทยาลัยพะเยา
กระทรวงการอุดมศึกษา วิทยาศาสตร์ วิจัยและนวัตกรรม,มหาวิทยาลัยเทคโนโลยีสุรนารี
กระทรวงการอุดมศึกษา วิทยาศาสตร์ วิจัยและนวัตกรรม,มหาวิทยาลัยวลัยลักษณ์
กระทรวงการอุดมศึกษา วิทยาศาสตร์ วิจัยและนวัตกรรม,มหาวิทยาลัยเทคโนโลยีพระจอมเกล้าธนบุรี
กระทรวงการอุดมศึกษา วิทยาศาสตร์ วิจัยและนวัตกรรม,มหาวิทยาลัยแม่ฟ้าหลวง
กระทรวงการอุดมศึกษา วิทยาศาสตร์ วิจัยและนวัตกรรม,มหาวิทยาลัยมหิดล
กระทรวงการอุดมศึกษา วิทยาศาสตร์ วิจัยและนวัตกรรม,มหาวิทยาลัยมหามกุฏราชวิทยาลัย
กระทรวงการอุดมศึกษา วิทยาศาสตร์ วิจัยและนวัตกรรม,มหาวิทยาลัยมหาจุฬาลงกรณราชวิทยาลัย
กระทรวงการอุดมศึกษา วิทยาศาสตร์ วิจัยและนวัตกรรม,มหาวิทยาลัยบูรพา
กระทรวงการอุดมศึกษา วิทยาศาสตร์ วิจัยและนวัตกรรม,มหาวิทยาลัยทักษิณ
กระทรวงการอุดมศึกษา วิทยาศาสตร์ วิจัยและนวัตกรรม,มหาวิทยาลัยเชียงใหม่
กระทรวงการอุดมศึกษา วิทยาศาสตร์ วิจัยและนวัตกรรม,มหาวิทยาลัยสวนดุสิต
กระทรวงการอุดมศึกษา วิทยาศาสตร์ วิจัยและนวัตกรรม,สถาบันดนตรีกัลยาณิวัฒนา
กระทรวงการอุดมศึกษา วิทยาศาสตร์ วิจัยและนวัตกรรม,มหาวิทยาลัยศิลปากร
กระทรวงการอุดมศึกษา วิทยาศาสตร์ วิจัยและนวัตกรรม,มหาวิทยาลัยศรีนครินทรวิโรฒ
กระทรวงการอุดมศึกษา วิทยาศาสตร์ วิจัยและนวัตกรรม,สถาบันการพยาบาลศรีสวรินทิรา สภากาชาดไทย
กระทรวงการอุดมศึกษา วิทยาศาสตร์ วิจัยและนวัตกรรม,สถาบันเทคโนโลยีจิตรลดา
ส่วนราชการไม่สังกัดสำนักนายกรัฐมนตรี กระทรวง หรือทบวง และหน่วยงานภายใต้การควบคุมดูแลของนายกรัฐมนตรี,สำนักงานพระพุทธศาสนาแห่งชาติ
ส่วนราชการไม่สังกัดสำนักนายกรัฐมนตรี กระทรวง หรือทบวง และหน่วยงานภายใต้การควบคุมดูแลของนายกรัฐมนตรี,สำนักงานคณะกรรมการพิเศษเพื่อประสานงานโครงการอันเนื่องมาจากพระราชดำริ
ส่วนราชการไม่สังกัดสำนักนายกรัฐมนตรี กระทรวง หรือทบวง และหน่วยงานภายใต้การควบคุมดูแลของนายกรัฐมนตรี,สำนักงานราชบัณฑิตยสภา
ส่วนราชการไม่สังกัดสำนักนายกรัฐมนตรี กระทรวง หรือทบวง และหน่วยงานภายใต้การควบคุมดูแลของนายกรัฐมนตรี,สำนักงานตำรวจแห่งชาติ
ส่วนราชการไม่สังกัดสำนักนายกรัฐมนตรี กระทรวง หรือทบวง และหน่วยงานภายใต้การควบคุมดูแลของนายกรัฐมนตรี,สำนักงานป้องกันและปราบปรามการฟอกเงิน
ส่วนราชการไม่สังกัดสำนักนายกรัฐมนตรี กระทรวง หรือทบวง และหน่วยงานภายใต้การควบคุมดูแลของนายกรัฐมนตรี,ศูนย์อำนวยการบริหารจังหวัดชายแดนภาคใต้
ส่วนราชการไม่สังกัดสำนักนายกรัฐมนตรี กระทรวง หรือทบวง และหน่วยงานภายใต้การควบคุมดูแลของนายกรัฐมนตรี,สำนักงานคณะกรรมการป้องกันและปราบปรามการทุจริตในภาครัฐ
ส่วนราชการไม่สังกัดสำนักนายกรัฐมนตรี กระทรวง หรือทบวง และหน่วยงานภายใต้การควบคุมดูแลของนายกรัฐมนตรี,สำนักงานคณะกรรมการนโยบายเขตพัฒนาพิเศษภาคตะวันออก
ส่วนราชการไม่สังกัดสำนักนายกรัฐมนตรี กระทรวง หรือทบวง และหน่วยงานภายใต้การควบคุมดูแลของนายกรัฐมนตรี,สำนักงานส่งเสริมวิสาหกิจเพื่อสังคม
หน่วยงานของรัฐสภา,สำนักงานเลขาธิการวุฒิสภา
หน่วยงานของรัฐสภา,สำนักงานเลขาธิการสภาผู้แทนราษฎร
หน่วยงานของรัฐสภา,สถาบันพระปกเกล้า
หน่วยงานของศาล,สำนักงานศาลรัฐธรรมนูญ
หน่วยงานของศาล,สำนักงานศาลยุติธรรม
หน่วยงานของศาล,สำนักงานศาลปกครอง
หน่วยงานขององค์กรอิสระและองค์กรอัยการ,สำนักงานคณะกรรมการการเลือกตั้ง
หน่วยงานขององค์กรอิสระและองค์กรอัยการ,สำนักงานผู้ตรวจการแผ่นดิน
หน่วยงานขององค์กรอิสระและองค์กรอัยการ,สำนักงานคณะกรรมการป้องกันและปราบปรามการทุจริตแห่งชาติ
หน่วยงานขององค์กรอิสระและองค์กรอัยการ,สำนักงานการตรวจเงินแผ่นดิน
หน่วยงานขององค์กรอิสระและองค์กรอัยการ,สำนักงานคณะกรรมการสิทธิมนุษยชนแห่งชาติ
หน่วยงานขององค์กรอิสระและองค์กรอัยการ,สำนักงานอัยการสูงสุด
รัฐวิสาหกิจ,องค์การตลาดเพื่อเกษตรกร
รัฐวิสาหกิจ,องค์การอุตสาหกรรมป่าไม้
รัฐวิสาหกิจ,การยางแห่งประเทศไทย
รัฐวิสาหกิจ,การทางพิเศษแห่งประเทศไทย
รัฐวิสาหกิจ,องค์การขนส่งมวลชนกรุงเทพ
รัฐวิสาหกิจ,สถาบันการบินพลเรือน
รัฐวิสาหกิจ,การรถไฟแห่งประเทศไทย
รัฐวิสาหกิจ,การรถไฟฟ้าขนส่งมวลชนแห่งประเทศไทย
รัฐวิสาหกิจ,บริษัท โทรคมนาคมแห่งชาติ จำกัด (มหาชน)
รัฐวิสาหกิจ,การท่องเที่ยวแห่งประเทศไทย
รัฐวิสาหกิจ,สถาบันวิจัยวิทยาศาสตร์และเทคโนโลยีแห่งประเทศไทย
รัฐวิสาหกิจ,องค์การพิพิธภัณฑ์วิทยาศาสตร์แห่งชาติ
รัฐวิสาหกิจ,องค์การสวนพฤกษศาสตร์
รัฐวิสาหกิจ,องค์การจัดการน้ำเสีย
รัฐวิสาหกิจ,การประปาส่วนภูมิภาค
รัฐวิสาหกิจ,การเคหะแห่งชาติ
รัฐวิสาหกิจ,การกีฬาแห่งประเทศไทย
รัฐวิสาหกิจ,องค์การสวนสัตว์แห่งประเทศไทย
รัฐวิสาหกิจ,ธนาคารเพื่อการเกษตรและสหกรณ์การเกษตร
รัฐวิสาหกิจ,ธนาคารออมสิน
รัฐวิสาหกิจ,ธนาคารพัฒนาวิสาหกิจขนาดกลางและขนาดย่อมแห่งประเทศไทย
รัฐวิสาหกิจ,บรรษัทประกันสินเชื่ออุตสาหกรรมขนาดย่อม
ส่วนราชการในพระองค์,ส่วนราชการในพระองค์
สภากาชาดไทย,สภากาชาดไทย
หน่วยงานอื่นของรัฐ,สำนักงานคณะกรรมการการแข่งขันทางการค้า
หน่วยงานอื่นของรัฐ,สำนักงานสภาเกษตรกรแห่งชาติ
จังหวัดและกลุ่มจังหวัด,จังหวัดนนทบุรี
จังหวัดและกลุ่มจังหวัด,จังหวัดปทุมธานี
จังหวัดและกลุ่มจังหวัด,จังหวัดพระนครศรีอยุธยา
จังหวัดและกลุ่มจังหวัด,จังหวัดสระบุรี
จังหวัดและกลุ่มจังหวัด,จังหวัดชัยนาท
จังหวัดและกลุ่มจังหวัด,จังหวัดลพบุรี
จังหวัดและกลุ่มจังหวัด,จังหวัดสิงห์บุรี
จังหวัดและกลุ่มจังหวัด,จังหวัดอ่างทอง
จังหวัดและกลุ่มจังหวัด,จังหวัดฉะเชิงเทรา
จังหวัดและกลุ่มจังหวัด,จังหวัดปราจีนบุรี
จังหวัดและกลุ่มจังหวัด,จังหวัดสระแก้ว
จังหวัดและกลุ่มจังหวัด,จังหวัดนครนายก
จังหวัดและกลุ่มจังหวัด,จังหวัดสมุทรปราการ
จังหวัดและกลุ่มจังหวัด,จังหวัดกาญจนบุรี
จังหวัดและกลุ่มจังหวัด,จังหวัดนครปฐม
จังหวัดและกลุ่มจังหวัด,จังหวัดราชบุรี
จังหวัดและกลุ่มจังหวัด,จังหวัดสุพรรณบุรี
จังหวัดและกลุ่มจังหวัด,กลุ่มจังหวัดภาคกลางตอนล่าง 2
จังหวัดและกลุ่มจังหวัด,จังหวัดประจวบคีรีขันธ์
จังหวัดและกลุ่มจังหวัด,จังหวัดเพชรบุรี
จังหวัดและกลุ่มจังหวัด,จังหวัดสมุทรสาคร
จังหวัดและกลุ่มจังหวัด,จังหวัดสมุทรสงคราม
จังหวัดและกลุ่มจังหวัด,จังหวัดชุมพร
จังหวัดและกลุ่มจังหวัด,จังหวัดสุราษฎร์ธานี
จังหวัดและกลุ่มจังหวัด,จังหวัดนครศรีธรรมราช
จังหวัดและกลุ่มจังหวัด,จังหวัดพัทลุง
จังหวัดและกลุ่มจังหวัด,จังหวัดระนอง
จังหวัดและกลุ่มจังหวัด,จังหวัดพังงา
จังหวัดและกลุ่มจังหวัด,จังหวัดภูเก็ต
จังหวัดและกลุ่มจังหวัด,จังหวัดกระบี่
จังหวัดและกลุ่มจังหวัด,จังหวัดตรัง
จังหวัดและกลุ่มจังหวัด,จังหวัดสงขลา
จังหวัดและกลุ่มจังหวัด,จังหวัดสตูล
จังหวัดและกลุ่มจังหวัด,จังหวัดปัตตานี
จังหวัดและกลุ่มจังหวัด,จังหวัดยะลา
จังหวัดและกลุ่มจังหวัด,จังหวัดนราธิวาส
จังหวัดและกลุ่มจังหวัด,จังหวัดจันทบุรี
จังหวัดและกลุ่มจังหวัด,จังหวัดชลบุรี
จังหวัดและกลุ่มจังหวัด,จังหวัดระยอง
จังหวัดและกลุ่มจังหวัด,จังหวัดตราด
จังหวัดและกลุ่มจังหวัด,กลุ่มจังหวัดภาคตะวันออกเฉียงเหนือตอนบน 1
จังหวัดและกลุ่มจังหวัด,จังหวัดหนองคาย
จังหวัดและกลุ่มจังหวัด,จังหวัดเลย
จังหวัดและกลุ่มจังหวัด,จังหวัดอุดรธานี
จังหวัดและกลุ่มจังหวัด,จังหวัดหนองบัวลำภู
จังหวัดและกลุ่มจังหวัด,จังหวัดบึงกาฬ
จังหวัดและกลุ่มจังหวัด,กลุ่มจังหวัดภาคตะวันออกเฉียงเหนือตอนบน 2
จังหวัดและกลุ่มจังหวัด,จังหวัดนครพนม
จังหวัดและกลุ่มจังหวัด,จังหวัดมุกดาหาร
จังหวัดและกลุ่มจังหวัด,จังหวัดสกลนคร
จังหวัดและกลุ่มจังหวัด,กลุ่มจังหวัดภาคตะวันออกเฉียงเหนือตอนกลาง
จังหวัดและกลุ่มจังหวัด,จังหวัดร้อยเอ็ด
จังหวัดและกลุ่มจังหวัด,จังหวัดขอนแก่น
จังหวัดและกลุ่มจังหวัด,จังหวัดมหาสารคาม
จังหวัดและกลุ่มจังหวัด,จังหวัดกาฬสินธุ์
จังหวัดและกลุ่มจังหวัด,กลุ่มจังหวัดภาคตะวันออกเฉียงเหนือตอนล่าง 2
จังหวัดและกลุ่มจังหวัด,จังหวัดอำนาจเจริญ
จังหวัดและกลุ่มจังหวัด,จังหวัดศรีสะเกษ
จังหวัดและกลุ่มจังหวัด,จังหวัดยโสธร
จังหวัดและกลุ่มจังหวัด,จังหวัดอุบลราชธานี
จังหวัดและกลุ่มจังหวัด,กลุ่มจังหวัดภาคตะวันออกเฉียงเหนือตอนล่าง 1
จังหวัดและกลุ่มจังหวัด,จังหวัดสุรินทร์
จังหวัดและกลุ่มจังหวัด,จังหวัดนครราชสีมา
จังหวัดและกลุ่มจังหวัด,จังหวัดบุรีรัมย์
จังหวัดและกลุ่มจังหวัด,จังหวัดชัยภูมิ
จังหวัดและกลุ่มจังหวัด,กลุ่มจังหวัดภาคเหนือตอนบน 1
จังหวัดและกลุ่มจังหวัด,จังหวัดเชียงใหม่
จังหวัดและกลุ่มจังหวัด,จังหวัดแม่ฮ่องสอน
จังหวัดและกลุ่มจังหวัด,จังหวัดลำปาง
จังหวัดและกลุ่มจังหวัด,จังหวัดลำพูน
จังหวัดและกลุ่มจังหวัด,กลุ่มจังหวัดภาคเหนือตอนบน 2
จังหวัดและกลุ่มจังหวัด,จังหวัดน่าน
จังหวัดและกลุ่มจังหวัด,จังหวัดพะเยา
จังหวัดและกลุ่มจังหวัด,จังหวัดเชียงราย
จังหวัดและกลุ่มจังหวัด,จังหวัดแพร่
จังหวัดและกลุ่มจังหวัด,กลุ่มจังหวัดภาคเหนือตอนล่าง 1
จังหวัดและกลุ่มจังหวัด,จังหวัดตาก
จังหวัดและกลุ่มจังหวัด,จังหวัดพิษณุโลก
จังหวัดและกลุ่มจังหวัด,จังหวัดสุโขทัย
จังหวัดและกลุ่มจังหวัด,จังหวัดเพชรบูรณ์
จังหวัดและกลุ่มจังหวัด,จังหวัดอุตรดิตถ์
จังหวัดและกลุ่มจังหวัด,กลุ่มจังหวัดภาคเหนือตอนล่าง 2
จังหวัดและกลุ่มจังหวัด,จังหวัดกำแพงเพชร
จังหวัดและกลุ่มจังหวัด,จังหวัดพิจิตร
จังหวัดและกลุ่มจังหวัด,จังหวัดนครสวรรค์
จังหวัดและกลุ่มจังหวัด,จังหวัดอุทัยธานี
จังหวัดและกลุ่มจังหวัด,กลุ่มจังหวัดภาคกลางปริมณฑล
จังหวัดและกลุ่มจังหวัด,กลุ่มจังหวัดภาคกลางตอนบน
จังหวัดและกลุ่มจังหวัด,กลุ่มจังหวัดภาคกลางตอนล่าง 1
จังหวัดและกลุ่มจังหวัด,กลุ่มจังหวัดภาคใต้ฝั่งอ่าวไทย
จังหวัดและกลุ่มจังหวัด,กลุ่มจังหวัดภาคใต้ฝั่งอันดามัน
จังหวัดและกลุ่มจังหวัด,กลุ่มจังหวัดภาคใต้ชายแดน
จังหวัดและกลุ่มจังหวัด,กลุ่มจังหวัดภาคตะวันออก 1
จังหวัดและกลุ่มจังหวัด,กลุ่มจังหวัดภาคตะวันออก 2
องค์กรปกครองส่วนท้องถิ่น,กรุงเทพมหานคร
องค์กรปกครองส่วนท้องถิ่น,เมืองพัทยา
องค์กรปกครองส่วนท้องถิ่น,เทศบาลเมืองกระบี่
องค์กรปกครองส่วนท้องถิ่น,เทศบาลตำบลกระบี่น้อย
องค์กรปกครองส่วนท้องถิ่น,องค์การบริหารส่วนจังหวัดกระบี่
องค์กรปกครองส่วนท้องถิ่น,เทศบาลตำบลเขาพนม
องค์กรปกครองส่วนท้องถิ่น,เทศบาลตำบลเกาะลันตาใหญ่
องค์กรปกครองส่วนท้องถิ่น,เทศบาลตำบลศาลาด่าน
องค์กรปกครองส่วนท้องถิ่น,เทศบาลตำบลคลองท่อมใต้
องค์กรปกครองส่วนท้องถิ่น,เทศบาลตำบลคลองพน
องค์กรปกครองส่วนท้องถิ่น,เทศบาลตำบลคลองพนพัฒนา
องค์กรปกครองส่วนท้องถิ่น,เทศบาลตำบลทรายขาว
องค์กรปกครองส่วนท้องถิ่น,เทศบาลตำบลห้วยน้ำขาว
องค์กรปกครองส่วนท้องถิ่น,เทศบาลตำบลอ่าวลึกใต้
องค์กรปกครองส่วนท้องถิ่น,เทศบาลตำบลแหลมสัก
องค์กรปกครองส่วนท้องถิ่น,เทศบาลตำบลปลายพระยา
องค์กรปกครองส่วนท้องถิ่น,เทศบาลตำบลลำทับ
องค์กรปกครองส่วนท้องถิ่น,เทศบาลตำบลเหนือคลอง
องค์กรปกครองส่วนท้องถิ่น,เทศบาลเมืองกาญจนบุรี
องค์กรปกครองส่วนท้องถิ่น,องค์การบริหารส่วนจังหวัดกาญจนบุรี
องค์กรปกครองส่วนท้องถิ่น,เทศบาลเมืองปากแพรก
องค์กรปกครองส่วนท้องถิ่น,เทศบาลตำบลท่ามะขาม
องค์กรปกครองส่วนท้องถิ่น,เทศบาลตำบลแก่งเสี้ยน
องค์กรปกครองส่วนท้องถิ่น,เทศบาลตำบลหนองบัว
องค์กรปกครองส่วนท้องถิ่น,เทศบาลตำบลลาดหญ้า
องค์กรปกครองส่วนท้องถิ่น,เทศบาลตำบลวังโพธิ์
องค์กรปกครองส่วนท้องถิ่น,เทศบาลตำบลน้ำตกไทรโยคน้อย
องค์กรปกครองส่วนท้องถิ่น,เทศบาลตำบลไทรโยค
องค์กรปกครองส่วนท้องถิ่น,เทศบาลตำบลบ่อพลอย
องค์กรปกครองส่วนท้องถิ่น,เทศบาลตำบลหนองรี
องค์กรปกครองส่วนท้องถิ่น,เทศบาลตำบลเอราวัณ
องค์กรปกครองส่วนท้องถิ่น,เทศบาลตำบลเขาโจด
องค์กรปกครองส่วนท้องถิ่น,เทศบาลตำบลท่าไม้
องค์กรปกครองส่วนท้องถิ่น,เทศบาลตำบลท่ามะกา
องค์กรปกครองส่วนท้องถิ่น,เทศบาลเมืองท่าเรือพระแท่น
องค์กรปกครองส่วนท้องถิ่น,เทศบาลตำบลดอนขมิ้น
องค์กรปกครองส่วนท้องถิ่น,เทศบาลตำบลลูกแก
องค์กรปกครองส่วนท้องถิ่น,เทศบาลตำบลพระแท่น
องค์กรปกครองส่วนท้องถิ่น,เทศบาลตำบลพระแท่นลำพระยา
องค์กรปกครองส่วนท้องถิ่น,เทศบาลตำบลหวายเหนียว
องค์กรปกครองส่วนท้องถิ่น,เทศบาลตำบลหนองลาน
องค์กรปกครองส่วนท้องถิ่น,เทศบาลตำบลท่าม่วง
องค์กรปกครองส่วนท้องถิ่น,เทศบาลตำบลวังขนาย
องค์กรปกครองส่วนท้องถิ่น,เทศบาลตำบลวังศาลา
องค์กรปกครองส่วนท้องถิ่น,เทศบาลตำบลท่าล้อ
องค์กรปกครองส่วนท้องถิ่น,เทศบาลตำบลหนองขาว
องค์กรปกครองส่วนท้องถิ่น,เทศบาลตำบลหนองหญ้าดอกขาว
องค์กรปกครองส่วนท้องถิ่น,เทศบาลตำบลม่วงชุม
องค์กรปกครองส่วนท้องถิ่น,เทศบาลตำบลสำรอง
องค์กรปกครองส่วนท้องถิ่น,เทศบาลตำบลหนองตากยา
องค์กรปกครองส่วนท้องถิ่น,เทศบาลตำบลทองผาภูมิ
องค์กรปกครองส่วนท้องถิ่น,เทศบาลตำบลท่าขนุน
องค์กรปกครองส่วนท้องถิ่น,เทศบาลตำบลลิ่นถิ่น
องค์กรปกครองส่วนท้องถิ่น,เทศบาลตำบลสหกรณ์นิคม
องค์กรปกครองส่วนท้องถิ่น,เทศบาลตำบลวังกะ
องค์กรปกครองส่วนท้องถิ่น,เทศบาลตำบลพนมทวน
องค์กรปกครองส่วนท้องถิ่น,เทศบาลตำบลดอนเจดีย์
องค์กรปกครองส่วนท้องถิ่น,เทศบาลตำบลตลาดเขต
องค์กรปกครองส่วนท้องถิ่น,เทศบาลตำบลรางหวาย
องค์กรปกครองส่วนท้องถิ่น,เทศบาลตำบลหนองสาหร่าย
องค์กรปกครองส่วนท้องถิ่น,เทศบาลตำบลเลาขวัญ
องค์กรปกครองส่วนท้องถิ่น,เทศบาลตำบลหนองฝ้าย
องค์กรปกครองส่วนท้องถิ่น,เทศบาลตำบลด่านมะขามเตี้ย
องค์กรปกครองส่วนท้องถิ่น,เทศบาลตำบลหนองปรือ
องค์กรปกครองส่วนท้องถิ่น,เทศบาลตำบลหนองปลาไหล
องค์กรปกครองส่วนท้องถิ่น,เทศบาลตำบลสมเด็จเจริญ
องค์กรปกครองส่วนท้องถิ่น,เทศบาลตำบลห้วยกระเจา
องค์กรปกครองส่วนท้องถิ่น,เทศบาลตำบลสระลงเรือ
องค์กรปกครองส่วนท้องถิ่น,องค์การบริหารส่วนจังหวัดกาฬสินธุ์
องค์กรปกครองส่วนท้องถิ่น,เทศบาลเมืองกาฬสินธุ์
องค์กรปกครองส่วนท้องถิ่น,เทศบาลตำบลเหนือ
องค์กรปกครองส่วนท้องถิ่น,เทศบาลตำบลหลุบ
องค์กรปกครองส่วนท้องถิ่น,เทศบาลตำบลไผ่
องค์กรปกครองส่วนท้องถิ่น,เทศบาลตำบลหนองสอ
องค์กรปกครองส่วนท้องถิ่น,เทศบาลตำบลลำพาน
องค์กรปกครองส่วนท้องถิ่น,เทศบาลตำบลเชียงเครือ
องค์กรปกครองส่วนท้องถิ่น,เทศบาลตำบลบึงวิชัย
องค์กรปกครองส่วนท้องถิ่น,เทศบาลตำบลห้วยโพธิ์
องค์กรปกครองส่วนท้องถิ่น,เทศบาลตำบลภูปอ
องค์กรปกครองส่วนท้องถิ่น,เทศบาลตำบลภูดิน
องค์กรปกครองส่วนท้องถิ่น,เทศบาลตำบลกลางหมื่น
องค์กรปกครองส่วนท้องถิ่น,เทศบาลตำบลขมิ้น
องค์กรปกครองส่วนท้องถิ่น,เทศบาลตำบลโพนทอง
องค์กรปกครองส่วนท้องถิ่น,เทศบาลตำบลนาจารย์
องค์กรปกครองส่วนท้องถิ่น,เทศบาลตำบลลำคลอง
องค์กรปกครองส่วนท้องถิ่น,เทศบาลตำบลนามน
องค์กรปกครองส่วนท้องถิ่น,เทศบาลตำบลสงเปลือย
องค์กรปกครองส่วนท้องถิ่น,เทศบาลตำบลกมลาไสย
องค์กรปกครองส่วนท้องถิ่น,เทศบาลตำบลหลักเมือง
องค์กรปกครองส่วนท้องถิ่น,เทศบาลตำบลดงลิง
องค์กรปกครองส่วนท้องถิ่น,เทศบาลตำบลธัญญา
องค์กรปกครองส่วนท้องถิ่น,เทศบาลตำบลหนองแปน
องค์กรปกครองส่วนท้องถิ่น,เทศบาลตำบลร่องคำ
องค์กรปกครองส่วนท้องถิ่น,เทศบาลเมืองกุฉินารายณ์
องค์กรปกครองส่วนท้องถิ่น,เทศบาลตำบลเหล่าใหญ่
องค์กรปกครองส่วนท้องถิ่น,เทศบาลตำบลจุมจัง
องค์กรปกครองส่วนท้องถิ่น,เทศบาลตำบลกุดหว้า
องค์กรปกครองส่วนท้องถิ่น,เทศบาลตำบลนาขาม
องค์กรปกครองส่วนท้องถิ่น,เทศบาลตำบลกุดสิม
องค์กรปกครองส่วนท้องถิ่น,เทศบาลตำบลกุดสิมคุ้มใหม่
องค์กรปกครองส่วนท้องถิ่น,เทศบาลตำบลสระพังทอง
องค์กรปกครองส่วนท้องถิ่น,เทศบาลตำบลยางตลาด
องค์กรปกครองส่วนท้องถิ่น,เทศบาลตำบลอุ่มเม่า
องค์กรปกครองส่วนท้องถิ่น,เทศบาลตำบลโคกศรี
องค์กรปกครองส่วนท้องถิ่น,เทศบาลตำบลบัวบาน
องค์กรปกครองส่วนท้องถิ่น,เทศบาลตำบลอิตื้อ
องค์กรปกครองส่วนท้องถิ่น,เทศบาลตำบลหัวนาคำ
องค์กรปกครองส่วนท้องถิ่น,เทศบาลตำบลเขาพระนอน
องค์กรปกครองส่วนท้องถิ่น,เทศบาลตำบลโนนสูง
องค์กรปกครองส่วนท้องถิ่น,เทศบาลตำบลท่าลาดดงยาง
องค์กรปกครองส่วนท้องถิ่น,เทศบาลตำบลห้วยเม็ก
องค์กรปกครองส่วนท้องถิ่น,เทศบาลตำบลคำใหญ่
องค์กรปกครองส่วนท้องถิ่น,เทศบาลตำบลคำเหมือดแก้ว
องค์กรปกครองส่วนท้องถิ่น,เทศบาลตำบลภูสิงห์
องค์กรปกครองส่วนท้องถิ่น,เทศบาลตำบลนามะเขือ
องค์กรปกครองส่วนท้องถิ่น,เทศบาลตำบลโนนศิลา
องค์กรปกครองส่วนท้องถิ่น,เทศบาลตำบลนิคม
องค์กรปกครองส่วนท้องถิ่น,เทศบาลตำบลโนนบุรี
องค์กรปกครองส่วนท้องถิ่น,เทศบาลตำบลโนนน้ำเกลี้ยง
องค์กรปกครองส่วนท้องถิ่น,เทศบาลตำบลคำม่วง
องค์กรปกครองส่วนท้องถิ่น,เทศบาลตำบลโพน
องค์กรปกครองส่วนท้องถิ่น,เทศบาลตำบลนาทัน
องค์กรปกครองส่วนท้องถิ่น,เทศบาลตำบลกุงเก่า
องค์กรปกครองส่วนท้องถิ่น,เทศบาลตำบลกุดจิก
องค์กรปกครองส่วนท้องถิ่น,เทศบาลตำบลท่าคันโท
องค์กรปกครองส่วนท้องถิ่น,เทศบาลตำบลนาตาล
องค์กรปกครองส่วนท้องถิ่น,เทศบาลตำบลดงสมบูรณ์
องค์กรปกครองส่วนท้องถิ่น,เทศบาลตำบลคำก้าว
องค์กรปกครองส่วนท้องถิ่น,เทศบาลตำบลหนองกุงศรี
องค์กรปกครองส่วนท้องถิ่น,เทศบาลตำบลหนองสรวง
องค์กรปกครองส่วนท้องถิ่น,เทศบาลตำบลหนองใหญ่
องค์กรปกครองส่วนท้องถิ่น,เทศบาลตำบลดงมูล
องค์กรปกครองส่วนท้องถิ่น,เทศบาลตำบลหนองหิน
องค์กรปกครองส่วนท้องถิ่น,เทศบาลตำบลสมเด็จ
องค์กรปกครองส่วนท้องถิ่น,เทศบาลตำบลแซงบาดาล
องค์กรปกครองส่วนท้องถิ่น,เทศบาลตำบลมหาไชย
องค์กรปกครองส่วนท้องถิ่น,เทศบาลตำบลผาเสวย
องค์กรปกครองส่วนท้องถิ่น,เทศบาลตำบลลำห้วยหลัว
องค์กรปกครองส่วนท้องถิ่น,เทศบาลตำบลคำบง
องค์กรปกครองส่วนท้องถิ่น,เทศบาลตำบลห้วยผึ้ง
องค์กรปกครองส่วนท้องถิ่น,เทศบาลตำบลหนองอีบุตร
องค์กรปกครองส่วนท้องถิ่น,เทศบาลตำบลนาคู
องค์กรปกครองส่วนท้องถิ่น,เทศบาลตำบลภูแล่นช้าง
องค์กรปกครองส่วนท้องถิ่น,เทศบาลตำบลดอนจาน
องค์กรปกครองส่วนท้องถิ่น,เทศบาลตำบลม่วงนา
องค์กรปกครองส่วนท้องถิ่น,เทศบาลตำบลฆ้องชัยพัฒนา
องค์กรปกครองส่วนท้องถิ่น,เทศบาลเมืองกำแพงเพชร
องค์กรปกครองส่วนท้องถิ่น,เทศบาลตำบลปากดง
องค์กรปกครองส่วนท้องถิ่น,องค์การบริหารส่วนจังหวัดกำแพงเพชร
องค์กรปกครองส่วนท้องถิ่น,เทศบาลตำบลคลองแม่ลาย
องค์กรปกครองส่วนท้องถิ่น,เทศบาลตำบลนครชุม
องค์กรปกครองส่วนท้องถิ่น,เทศบาลเมืองหนองปลิง
องค์กรปกครองส่วนท้องถิ่น,เทศบาลตำบลนิคมทุ่งโพธิ์ทะเล
องค์กรปกครองส่วนท้องถิ่น,เทศบาลตำบลเทพนคร
องค์กรปกครองส่วนท้องถิ่น,เทศบาลตำบลไทรงาม
องค์กรปกครองส่วนท้องถิ่น,เทศบาลตำบลคลองลานพัฒนา
องค์กรปกครองส่วนท้องถิ่น,เทศบาลตำบลขาณุวรลักษบุรี
องค์กรปกครองส่วนท้องถิ่น,เทศบาลตำบลสลกบาตร
องค์กรปกครองส่วนท้องถิ่น,เทศบาลเมืองปางมะค่า
องค์กรปกครองส่วนท้องถิ่น,เทศบาลตำบลคลองขลุง
องค์กรปกครองส่วนท้องถิ่น,เทศบาลตำบลท่ามะเขือ
องค์กรปกครองส่วนท้องถิ่น,เทศบาลตำบลท่าพุทรา
องค์กรปกครองส่วนท้องถิ่น,เทศบาลตำบลวังยาง
องค์กรปกครองส่วนท้องถิ่น,เทศบาลตำบลบ้านพราน
องค์กรปกครองส่วนท้องถิ่น,เทศบาลตำบลพรานกระต่าย
องค์กรปกครองส่วนท้องถิ่น,เทศบาลตำบลเขาคีริส
องค์กรปกครองส่วนท้องถิ่น,เทศบาลตำบลคลองพิไกร
องค์กรปกครองส่วนท้องถิ่น,เทศบาลตำบลช่องลม
องค์กรปกครองส่วนท้องถิ่น,เทศบาลตำบลลานกระบือ
องค์กรปกครองส่วนท้องถิ่น,เทศบาลตำบลประชาสุขสันต์
องค์กรปกครองส่วนท้องถิ่น,เทศบาลตำบลทุ่งทราย
องค์กรปกครองส่วนท้องถิ่น,เทศบาลตำบลระหาน
องค์กรปกครองส่วนท้องถิ่น,องค์การบริหารส่วนจังหวัดขอนแก่น
องค์กรปกครองส่วนท้องถิ่น,เทศบาลนครขอนแก่น
องค์กรปกครองส่วนท้องถิ่น,เทศบาลตำบลสำราญ
องค์กรปกครองส่วนท้องถิ่น,เทศบาลตำบลท่าพระ
องค์กรปกครองส่วนท้องถิ่น,เทศบาลเมืองบ้านทุ่ม
องค์กรปกครองส่วนท้องถิ่น,เทศบาลตำบลเมืองเก่า
องค์กรปกครองส่วนท้องถิ่น,เทศบาลตำบลพระลับ
องค์กรปกครองส่วนท้องถิ่น,เทศบาลตำบลสาวะถี
องค์กรปกครองส่วนท้องถิ่น,เทศบาลตำบลบ้านค้อ
องค์กรปกครองส่วนท้องถิ่น,เทศบาลเมืองศิลา
องค์กรปกครองส่วนท้องถิ่น,เทศบาลตำบลหนองตูม
องค์กรปกครองส่วนท้องถิ่น,เทศบาลตำบลบึงเนียม
องค์กรปกครองส่วนท้องถิ่น,เทศบาลตำบลโนนท่อน
องค์กรปกครองส่วนท้องถิ่น,เทศบาลตำบลโนนฆ้อง
องค์กรปกครองส่วนท้องถิ่น,เทศบาลตำบลป่ามะนาว
องค์กรปกครองส่วนท้องถิ่น,เทศบาลตำบลบ้านฝาง
องค์กรปกครองส่วนท้องถิ่น,เทศบาลตำบลแก่นฝาง
องค์กรปกครองส่วนท้องถิ่น,เทศบาลตำบลโคกงาม
องค์กรปกครองส่วนท้องถิ่น,เทศบาลตำบลพระยืน
องค์กรปกครองส่วนท้องถิ่น,เทศบาลตำบลพระยืนมิ่งมงคล
องค์กรปกครองส่วนท้องถิ่น,เทศบาลตำบลพระบุ
องค์กรปกครองส่วนท้องถิ่น,เทศบาลตำบลบ้านโต้น
องค์กรปกครองส่วนท้องถิ่น,เทศบาลตำบลหนองเรือ
องค์กรปกครองส่วนท้องถิ่น,เทศบาลตำบลดอนโมง
องค์กรปกครองส่วนท้องถิ่น,เทศบาลตำบลยางคำ
องค์กรปกครองส่วนท้องถิ่น,เทศบาลตำบลโนนทอง
องค์กรปกครองส่วนท้องถิ่น,เทศบาลตำบลกุดกว้าง
องค์กรปกครองส่วนท้องถิ่น,เทศบาลตำบลหนองแก
องค์กรปกครองส่วนท้องถิ่น,เทศบาลตำบลโนนสะอาด
องค์กรปกครองส่วนท้องถิ่น,เทศบาลตำบลบ้านผือ
องค์กรปกครองส่วนท้องถิ่น,เทศบาลเมืองชุมแพ
องค์กรปกครองส่วนท้องถิ่น,เทศบาลตำบลโคกสูงสัมพันธ์
องค์กรปกครองส่วนท้องถิ่น,เทศบาลตำบลหนองไผ่
องค์กรปกครองส่วนท้องถิ่น,เทศบาลตำบลนาเพียง
องค์กรปกครองส่วนท้องถิ่น,เทศบาลตำบลหนองเสาเล้า
องค์กรปกครองส่วนท้องถิ่น,เทศบาลตำบลโนนหัน
องค์กรปกครองส่วนท้องถิ่น,เทศบาลตำบลนาจาน
องค์กรปกครองส่วนท้องถิ่น,เทศบาลตำบลวังเพิ่ม
องค์กรปกครองส่วนท้องถิ่น,เทศบาลตำบลสีชมพู
องค์กรปกครองส่วนท้องถิ่น,เทศบาลตำบลน้ำพอง
องค์กรปกครองส่วนท้องถิ่น,เทศบาลตำบลลำน้ำพอง
องค์กรปกครองส่วนท้องถิ่น,เทศบาลตำบลวังชัย
องค์กรปกครองส่วนท้องถิ่น,เทศบาลตำบลสะอาด
องค์กรปกครองส่วนท้องถิ่น,เทศบาลตำบลม่วงหวาน
องค์กรปกครองส่วนท้องถิ่น,เทศบาลตำบลกุดน้ำใส
องค์กรปกครองส่วนท้องถิ่น,เทศบาลตำบลโคกสูง
องค์กรปกครองส่วนท้องถิ่น,เทศบาลตำบลเขื่อนอุบลรัตน์
องค์กรปกครองส่วนท้องถิ่น,เทศบาลตำบลนาคำ
องค์กรปกครองส่วนท้องถิ่น,เทศบาลเมืองกระนวน
องค์กรปกครองส่วนท้องถิ่น,เทศบาลตำบลห้วยยาง
องค์กรปกครองส่วนท้องถิ่น,เทศบาลตำบลหนองโน
องค์กรปกครองส่วนท้องถิ่น,เทศบาลตำบลน้ำอ้อม
องค์กรปกครองส่วนท้องถิ่น,เทศบาลเมืองบ้านไผ่
องค์กรปกครองส่วนท้องถิ่น,เทศบาลตำบลในเมือง
องค์กรปกครองส่วนท้องถิ่น,เทศบาลตำบลเปือยน้อย
องค์กรปกครองส่วนท้องถิ่น,เทศบาลตำบลสระแก้ว
องค์กรปกครองส่วนท้องถิ่น,เทศบาลเมืองเมืองพล
องค์กรปกครองส่วนท้องถิ่น,เทศบาลตำบลแวงใหญ่
องค์กรปกครองส่วนท้องถิ่น,เทศบาลตำบลแวงน้อย
องค์กรปกครองส่วนท้องถิ่น,เทศบาลตำบลก้านเหลือง
องค์กรปกครองส่วนท้องถิ่น,เทศบาลตำบลหนองสองห้อง
องค์กรปกครองส่วนท้องถิ่น,เทศบาลตำบลภูเวียง
องค์กรปกครองส่วนท้องถิ่น,เทศบาลตำบลมัญจาคีรี
องค์กรปกครองส่วนท้องถิ่น,เทศบาลตำบลนาข่า
องค์กรปกครองส่วนท้องถิ่น,เทศบาลตำบลชนบท
องค์กรปกครองส่วนท้องถิ่น,เทศบาลตำบลชลบถวิบูลย์
องค์กรปกครองส่วนท้องถิ่น,เทศบาลตำบลโนนสมบูรณ์
องค์กรปกครองส่วนท้องถิ่น,เทศบาลตำบลเขาสวนกวาง
องค์กรปกครองส่วนท้องถิ่น,เทศบาลตำบลโนนคอม
องค์กรปกครองส่วนท้องถิ่น,เทศบาลตำบลภูผาม่าน
องค์กรปกครองส่วนท้องถิ่น,เทศบาลตำบลซำสูง
องค์กรปกครองส่วนท้องถิ่น,เทศบาลตำบลบ้านโคก
องค์กรปกครองส่วนท้องถิ่น,เทศบาลตำบลภูผาแดง
องค์กรปกครองส่วนท้องถิ่น,เทศบาลตำบลโพธิ์ไชย
องค์กรปกครองส่วนท้องถิ่น,เทศบาลตำบลนาแพง
องค์กรปกครองส่วนท้องถิ่น,เทศบาลตำบลหนองนาคำ
องค์กรปกครองส่วนท้องถิ่น,เทศบาลตำบลขนวน
องค์กรปกครองส่วนท้องถิ่น,เทศบาลตำบลบ้านแฮด
องค์กรปกครองส่วนท้องถิ่น,เทศบาลตำบลวังสวรรค์
องค์กรปกครองส่วนท้องถิ่น,เทศบาลตำบลโคกสำราญ
องค์กรปกครองส่วนท้องถิ่น,เทศบาลเมืองจันทบุรี
องค์กรปกครองส่วนท้องถิ่น,เทศบาลตำบลพลับพลานารายณ์
องค์กรปกครองส่วนท้องถิ่น,เทศบาลเมืองเกาะขวาง
องค์กรปกครองส่วนท้องถิ่น,องค์การบริหารส่วนจังหวัดจันทบุรี
องค์กรปกครองส่วนท้องถิ่น,เทศบาลเมืองท่าช้าง
องค์กรปกครองส่วนท้องถิ่น,เทศบาลเมืองจันทนิมิต
องค์กรปกครองส่วนท้องถิ่น,เทศบาลตำบลค่ายเนินวง
องค์กรปกครองส่วนท้องถิ่น,เทศบาลตำบลบางกะจะ
องค์กรปกครองส่วนท้องถิ่น,เทศบาลตำบลแสลง
องค์กรปกครองส่วนท้องถิ่น,เทศบาลตำบลพลับพลา
องค์กรปกครองส่วนท้องถิ่น,เทศบาลเมืองขลุง
องค์กรปกครองส่วนท้องถิ่น,เทศบาลตำบลบ่อ
องค์กรปกครองส่วนท้องถิ่น,เทศบาลตำบลเกวียนหัก
องค์กรปกครองส่วนท้องถิ่น,เทศบาลตำบลวันยาว
องค์กรปกครองส่วนท้องถิ่น,เทศบาลตำบลซึ้ง
องค์กรปกครองส่วนท้องถิ่น,เทศบาลตำบลตกพรม
องค์กรปกครองส่วนท้องถิ่น,เทศบาลตำบลบ่อเวฬุ
องค์กรปกครองส่วนท้องถิ่น,เทศบาลเมืองท่าใหม่
องค์กรปกครองส่วนท้องถิ่น,เทศบาลตำบลเขาวัว-พลอยแหวน
องค์กรปกครองส่วนท้องถิ่น,เทศบาลตำบลเนินสูง
องค์กรปกครองส่วนท้องถิ่น,เทศบาลตำบลเขาบายศรี
องค์กรปกครองส่วนท้องถิ่น,เทศบาลตำบลสองพี่น้อง
องค์กรปกครองส่วนท้องถิ่น,เทศบาลตำบลหนองคล้า
องค์กรปกครองส่วนท้องถิ่น,เทศบาลตำบลทับไทร
องค์กรปกครองส่วนท้องถิ่น,เทศบาลตำบลโป่งน้ำร้อน
องค์กรปกครองส่วนท้องถิ่น,เทศบาลตำบลหนองตาคง
องค์กรปกครองส่วนท้องถิ่น,เทศบาลตำบลคลองใหญ่
องค์กรปกครองส่วนท้องถิ่น,เทศบาลตำบลมะขาม
องค์กรปกครองส่วนท้องถิ่น,เทศบาลตำบลมะขามเมืองใหม่
องค์กรปกครองส่วนท้องถิ่น,เทศบาลตำบลท่าหลวง
องค์กรปกครองส่วนท้องถิ่น,เทศบาลตำบลปัถวี
องค์กรปกครองส่วนท้องถิ่น,เทศบาลตำบลวังแซ้ม
องค์กรปกครองส่วนท้องถิ่น,เทศบาลตำบลฉมัน
องค์กรปกครองส่วนท้องถิ่น,เทศบาลตำบลอ่างคีรี
องค์กรปกครองส่วนท้องถิ่น,เทศบาลตำบลปากน้ำแหลมสิงห์
องค์กรปกครองส่วนท้องถิ่น,เทศบาลตำบลพลิ้ว
องค์กรปกครองส่วนท้องถิ่น,เทศบาลตำบลทับช้าง
องค์กรปกครองส่วนท้องถิ่น,เทศบาลตำบลสอยดาว
องค์กรปกครองส่วนท้องถิ่น,เทศบาลตำบลพวา
องค์กรปกครองส่วนท้องถิ่น,เทศบาลตำบลนายายอาม
องค์กรปกครองส่วนท้องถิ่น,เทศบาลตำบลสนามไชย
องค์กรปกครองส่วนท้องถิ่น,เทศบาลตำบลช้างข้าม
องค์กรปกครองส่วนท้องถิ่น,เทศบาลตำบลชากไทย
องค์กรปกครองส่วนท้องถิ่น,เทศบาลตำบลพลวง
องค์กรปกครองส่วนท้องถิ่น,เทศบาลตำบลตะเคียนทอง
องค์กรปกครองส่วนท้องถิ่น,เทศบาลตำบลคลองพลู
องค์กรปกครองส่วนท้องถิ่น,เทศบาลตำบลจันทเขลม
องค์กรปกครองส่วนท้องถิ่น,เทศบาลเมืองฉะเชิงเทรา
องค์กรปกครองส่วนท้องถิ่น,องค์การบริหารส่วนจังหวัดฉะเชิงเทรา
องค์กรปกครองส่วนท้องถิ่น,เทศบาลตำบลนครเนื่องเขต
องค์กรปกครองส่วนท้องถิ่น,เทศบาลตำบลบางคล้า
องค์กรปกครองส่วนท้องถิ่น,เทศบาลตำบลปากน้ำ
องค์กรปกครองส่วนท้องถิ่น,เทศบาลตำบลบางน้ำเปรี้ยว
องค์กรปกครองส่วนท้องถิ่น,เทศบาลตำบลคลองแสนแสบ
องค์กรปกครองส่วนท้องถิ่น,เทศบาลตำบลบางขนาก
องค์กรปกครองส่วนท้องถิ่น,เทศบาลตำบลดอนเกาะกา
องค์กรปกครองส่วนท้องถิ่น,เทศบาลตำบลดอนฉิมพลี
องค์กรปกครองส่วนท้องถิ่น,เทศบาลตำบลศาลาแดง
องค์กรปกครองส่วนท้องถิ่น,เทศบาลตำบลบางปะกง
องค์กรปกครองส่วนท้องถิ่น,เทศบาลตำบลบางปะกงพรหมเทพรังสรรค์
องค์กรปกครองส่วนท้องถิ่น,เทศบาลตำบลท่าสะอ้าน
องค์กรปกครองส่วนท้องถิ่น,เทศบาลตำบลบางวัว
องค์กรปกครองส่วนท้องถิ่น,เทศบาลตำบลบางวัวคณารักษ์
องค์กรปกครองส่วนท้องถิ่น,เทศบาลตำบลบางสมัคร
องค์กรปกครองส่วนท้องถิ่น,เทศบาลตำบลบางผึ้ง
องค์กรปกครองส่วนท้องถิ่น,เทศบาลตำบลพิมพา
องค์กรปกครองส่วนท้องถิ่น,เทศบาลตำบลท่าข้าม
องค์กรปกครองส่วนท้องถิ่น,เทศบาลตำบลหอมศีล
องค์กรปกครองส่วนท้องถิ่น,เทศบาลตำบลบ้านโพธิ์
องค์กรปกครองส่วนท้องถิ่น,เทศบาลตำบลเทพราช
องค์กรปกครองส่วนท้องถิ่น,เทศบาลตำบลลาดขวาง
องค์กรปกครองส่วนท้องถิ่น,เทศบาลตำบลแสนภูดาษ
องค์กรปกครองส่วนท้องถิ่น,เทศบาลตำบลเกาะขนุน
องค์กรปกครองส่วนท้องถิ่น,เทศบาลตำบลบ้านซ่อง
องค์กรปกครองส่วนท้องถิ่น,เทศบาลตำบลพนมสารคาม
องค์กรปกครองส่วนท้องถิ่น,เทศบาลตำบลท่าถ่าน
องค์กรปกครองส่วนท้องถิ่น,เทศบาลตำบลเขาหินซ้อน
องค์กรปกครองส่วนท้องถิ่น,เทศบาลตำบลสนามชัยเขต
องค์กรปกครองส่วนท้องถิ่น,เทศบาลตำบลแปลงยาว
องค์กรปกครองส่วนท้องถิ่น,เทศบาลตำบลทุ่งสะเดา
องค์กรปกครองส่วนท้องถิ่น,เทศบาลตำบลวังเย็น
องค์กรปกครองส่วนท้องถิ่น,เทศบาลตำบลหัวสำโรง
องค์กรปกครองส่วนท้องถิ่น,เทศบาลเมืองชลบุรี
องค์กรปกครองส่วนท้องถิ่น,เทศบาลนครบ้านสวน
องค์กรปกครองส่วนท้องถิ่น,เทศบาลเมืองแสนสุข
องค์กรปกครองส่วนท้องถิ่น,เทศบาลตำบลนาป่า
องค์กรปกครองส่วนท้องถิ่น,เทศบาลเมืองดอนหัวฬ่อ
องค์กรปกครองส่วนท้องถิ่น,เทศบาลตำบลหนองไม้แดง
องค์กรปกครองส่วนท้องถิ่น,เทศบาลตำบลบางทราย
องค์กรปกครองส่วนท้องถิ่น,เทศบาลตำบลคลองตำหรุ
องค์กรปกครองส่วนท้องถิ่น,เทศบาลตำบลเหมือง
องค์กรปกครองส่วนท้องถิ่น,เทศบาลตำบลห้วยกะปิ
องค์กรปกครองส่วนท้องถิ่น,องค์การบริหารส่วนจังหวัดชลบุรี
องค์กรปกครองส่วนท้องถิ่น,เทศบาลเมืองอ่างศิลา
องค์กรปกครองส่วนท้องถิ่น,เทศบาลตำบลเสม็ด
องค์กรปกครองส่วนท้องถิ่น,เทศบาลเมืองบ้านบึง
องค์กรปกครองส่วนท้องถิ่น,เทศบาลตำบลบ้านบึง
องค์กรปกครองส่วนท้องถิ่น,เทศบาลตำบลหัวกุญแจ
องค์กรปกครองส่วนท้องถิ่น,เทศบาลตำบลหนองซ้ำซาก
องค์กรปกครองส่วนท้องถิ่น,เทศบาลตำบลหนองชาก
องค์กรปกครองส่วนท้องถิ่น,เทศบาลตำบลหนองไผ่แก้ว
องค์กรปกครองส่วนท้องถิ่น,เทศบาลตำบลบางละมุง
องค์กรปกครองส่วนท้องถิ่น,เทศบาลเมืองหนองปรือ
องค์กรปกครองส่วนท้องถิ่น,เทศบาลตำบลโป่ง
องค์กรปกครองส่วนท้องถิ่น,เทศบาลตำบลห้วยใหญ่
องค์กรปกครองส่วนท้องถิ่น,เทศบาลตำบลตะเคียนเตี้ย
องค์กรปกครองส่วนท้องถิ่น,เทศบาลตำบลพานทอง
องค์กรปกครองส่วนท้องถิ่น,เทศบาลตำบลหนองตำลึง
องค์กรปกครองส่วนท้องถิ่น,เทศบาลเมืองพนัสนิคม
องค์กรปกครองส่วนท้องถิ่น,เทศบาลตำบลหมอนนาง
องค์กรปกครองส่วนท้องถิ่น,เทศบาลตำบลกุฎโง้ง
องค์กรปกครองส่วนท้องถิ่น,เทศบาลตำบลหัวถนน
องค์กรปกครองส่วนท้องถิ่น,เทศบาลเมืองศรีราชา
องค์กรปกครองส่วนท้องถิ่น,เทศบาลนครแหลมฉบัง
องค์กรปกครองส่วนท้องถิ่น,เทศบาลนครเจ้าพระยาสุรศักดิ์
องค์กรปกครองส่วนท้องถิ่น,เทศบาลตำบลบางพระ
องค์กรปกครองส่วนท้องถิ่น,เทศบาลตำบลเกาะสีชัง
องค์กรปกครองส่วนท้องถิ่น,เทศบาลเมืองสัตหีบ
องค์กรปกครองส่วนท้องถิ่น,เทศบาลตำบลเขตรอุดมศักดิ์
องค์กรปกครองส่วนท้องถิ่น,เทศบาลตำบลนาจอมเทียน
องค์กรปกครองส่วนท้องถิ่น,เทศบาลตำบลเขาชีจรรย์
องค์กรปกครองส่วนท้องถิ่น,เทศบาลตำบลบางเสร่
องค์กรปกครองส่วนท้องถิ่น,เทศบาลตำบลเกล็ดแก้ว
องค์กรปกครองส่วนท้องถิ่น,เทศบาลตำบลบ่อทอง
องค์กรปกครองส่วนท้องถิ่น,เทศบาลตำบลบ่อกวางทอง
องค์กรปกครองส่วนท้องถิ่น,เทศบาลตำบลธาตุทอง
องค์กรปกครองส่วนท้องถิ่น,เทศบาลเมืองปรกฟ้า
องค์กรปกครองส่วนท้องถิ่น,เทศบาลตำบลเกาะจันทร์
องค์กรปกครองส่วนท้องถิ่น,เทศบาลตำบลท่าบุญมี
องค์กรปกครองส่วนท้องถิ่น,เทศบาลเมืองชัยนาท
องค์กรปกครองส่วนท้องถิ่น,เทศบาลตำบลบ้านกล้วย
องค์กรปกครองส่วนท้องถิ่น,เทศบาลตำบลชัยนาท
องค์กรปกครองส่วนท้องถิ่น,องค์การบริหารส่วนจังหวัดชัยนาท
องค์กรปกครองส่วนท้องถิ่น,เทศบาลตำบลหาดท่าเสา
องค์กรปกครองส่วนท้องถิ่น,เทศบาลตำบลธรรมามูล
องค์กรปกครองส่วนท้องถิ่น,เทศบาลตำบลเสือโฮก
องค์กรปกครองส่วนท้องถิ่น,เทศบาลตำบลนางลือ
องค์กรปกครองส่วนท้องถิ่น,เทศบาลตำบลคุ้งสำเภา
องค์กรปกครองส่วนท้องถิ่น,เทศบาลตำบลมโนรมย์
องค์กรปกครองส่วนท้องถิ่น,เทศบาลตำบลศิลาดาน
องค์กรปกครองส่วนท้องถิ่น,เทศบาลตำบลหางน้ำสาคร
องค์กรปกครองส่วนท้องถิ่น,เทศบาลตำบลวัดสิงห์
องค์กรปกครองส่วนท้องถิ่น,เทศบาลตำบลหนองน้อย
องค์กรปกครองส่วนท้องถิ่น,เทศบาลตำบลหนองขุ่น
องค์กรปกครองส่วนท้องถิ่น,เทศบาลตำบลสรรพยา
องค์กรปกครองส่วนท้องถิ่น,เทศบาลตำบลเจ้าพระยา
องค์กรปกครองส่วนท้องถิ่น,เทศบาลตำบลตลุก
องค์กรปกครองส่วนท้องถิ่น,เทศบาลตำบลโพธิ์พิทักษ์
องค์กรปกครองส่วนท้องถิ่น,เทศบาลตำบลโพนางดำตก
องค์กรปกครองส่วนท้องถิ่น,เทศบาลตำบลโพนางดำออก
องค์กรปกครองส่วนท้องถิ่น,เทศบาลตำบลบางหลวง
องค์กรปกครองส่วนท้องถิ่น,เทศบาลตำบลหาดอาษา
องค์กรปกครองส่วนท้องถิ่น,เทศบาลตำบลสรรคบุรี
องค์กรปกครองส่วนท้องถิ่น,เทศบาลตำบลแพรกศรีราชา
องค์กรปกครองส่วนท้องถิ่น,เทศบาลตำบลห้วยกรด
องค์กรปกครองส่วนท้องถิ่น,เทศบาลตำบลโพงาม
องค์กรปกครองส่วนท้องถิ่น,เทศบาลตำบลบางขุด
องค์กรปกครองส่วนท้องถิ่น,เทศบาลตำบลดงคอน
องค์กรปกครองส่วนท้องถิ่น,เทศบาลตำบลดอนกำ
องค์กรปกครองส่วนท้องถิ่น,เทศบาลตำบลห้วยกรดพัฒนา
องค์กรปกครองส่วนท้องถิ่น,เทศบาลตำบลหันคา
องค์กรปกครองส่วนท้องถิ่น,เทศบาลตำบลบ้านเชี่ยน
องค์กรปกครองส่วนท้องถิ่น,เทศบาลตำบลหนองแซง
องค์กรปกครองส่วนท้องถิ่น,เทศบาลตำบลห้วยงู
องค์กรปกครองส่วนท้องถิ่น,เทศบาลตำบลสามง่ามท่าโบสถ์
องค์กรปกครองส่วนท้องถิ่น,เทศบาลตำบลสามง่ามพัฒนา
องค์กรปกครองส่วนท้องถิ่น,เทศบาลตำบลหนองมะโมง
องค์กรปกครองส่วนท้องถิ่น,เทศบาลตำบลวังตะเคียน
องค์กรปกครองส่วนท้องถิ่น,เทศบาลตำบลเนินขาม
องค์กรปกครองส่วนท้องถิ่น,องค์การบริหารส่วนจังหวัดชัยภูมิ
องค์กรปกครองส่วนท้องถิ่น,เทศบาลเมืองชัยภูมิ
องค์กรปกครองส่วนท้องถิ่น,เทศบาลตำบลบ้านค่ายหมื่นแผ้ว
องค์กรปกครองส่วนท้องถิ่น,เทศบาลตำบลชีลอง
องค์กรปกครองส่วนท้องถิ่น,เทศบาลตำบลลาดใหญ่
องค์กรปกครองส่วนท้องถิ่น,เทศบาลตำบลทุ่งทอง
องค์กรปกครองส่วนท้องถิ่น,เทศบาลตำบลบ้านเขว้า
องค์กรปกครองส่วนท้องถิ่น,เทศบาลตำบลตลาดแร้ง
องค์กรปกครองส่วนท้องถิ่น,เทศบาลตำบลลุ่มลำชี
องค์กรปกครองส่วนท้องถิ่น,เทศบาลตำบลคอนสวรรค์
องค์กรปกครองส่วนท้องถิ่น,เทศบาลตำบลเกษตรสมบูรณ์
องค์กรปกครองส่วนท้องถิ่น,เทศบาลตำบลบ้านเดื่อ
องค์กรปกครองส่วนท้องถิ่น,เทศบาลตำบลบ้านเป้า
องค์กรปกครองส่วนท้องถิ่น,เทศบาลตำบลหนองบัวแดง
องค์กรปกครองส่วนท้องถิ่น,เทศบาลตำบลหลวงศิริ
องค์กรปกครองส่วนท้องถิ่น,เทศบาลตำบลจัตุรัส
องค์กรปกครองส่วนท้องถิ่น,เทศบาลตำบลหนองบัวใหญ่
องค์กรปกครองส่วนท้องถิ่น,เทศบาลตำบลหนองบัวโคก
องค์กรปกครองส่วนท้องถิ่น,เทศบาลตำบลบำเหน็จณรงค์
องค์กรปกครองส่วนท้องถิ่น,เทศบาลตำบลบ้านเพชร
องค์กรปกครองส่วนท้องถิ่น,เทศบาลตำบลหนองบัวระเหว
องค์กรปกครองส่วนท้องถิ่น,เทศบาลตำบลห้วยแย้
องค์กรปกครองส่วนท้องถิ่น,เทศบาลตำบลโคกสะอาด
องค์กรปกครองส่วนท้องถิ่น,เทศบาลตำบลเทพสถิต
องค์กรปกครองส่วนท้องถิ่น,เทศบาลตำบลภูเขียว
องค์กรปกครองส่วนท้องถิ่น,เทศบาลตำบลบ้านแก้ง
องค์กรปกครองส่วนท้องถิ่น,เทศบาลตำบลบ้านเพชรภูเขียว
องค์กรปกครองส่วนท้องถิ่น,เทศบาลตำบลบ้านแท่น
องค์กรปกครองส่วนท้องถิ่น,เทศบาลตำบลบ้านเต่า
องค์กรปกครองส่วนท้องถิ่น,เทศบาลตำบลแก้งคร้อ
องค์กรปกครองส่วนท้องถิ่น,เทศบาลตำบลนาหนองทุ่ม
องค์กรปกครองส่วนท้องถิ่น,เทศบาลตำบลหนองสังข์
องค์กรปกครองส่วนท้องถิ่น,เทศบาลตำบลคอนสาร
องค์กรปกครองส่วนท้องถิ่น,เทศบาลตำบลทุ่งลุยลาย
องค์กรปกครองส่วนท้องถิ่น,องค์การบริหารส่วนจังหวัดชุมพร
องค์กรปกครองส่วนท้องถิ่น,เทศบาลเมืองชุมพร
องค์กรปกครองส่วนท้องถิ่น,เทศบาลตำบลปากน้ำชุมพร
องค์กรปกครองส่วนท้องถิ่น,เทศบาลตำบลบางหมาก
องค์กรปกครองส่วนท้องถิ่น,เทศบาลตำบลนาชะอัง
องค์กรปกครองส่วนท้องถิ่น,เทศบาลตำบลบางลึก
องค์กรปกครองส่วนท้องถิ่น,เทศบาลตำบลวังไผ่
องค์กรปกครองส่วนท้องถิ่น,เทศบาลตำบลวังใหม่
องค์กรปกครองส่วนท้องถิ่น,เทศบาลตำบลขุนกระทิง
องค์กรปกครองส่วนท้องถิ่น,เทศบาลตำบลหาดทรายรี
องค์กรปกครองส่วนท้องถิ่น,เทศบาลตำบลท่าแซะ
องค์กรปกครองส่วนท้องถิ่น,เทศบาลตำบลเนินสันติ
องค์กรปกครองส่วนท้องถิ่น,เทศบาลตำบลบางสน
องค์กรปกครองส่วนท้องถิ่น,เทศบาลตำบลปะทิว
องค์กรปกครองส่วนท้องถิ่น,เทศบาลตำบลทะเลทรัพย์
องค์กรปกครองส่วนท้องถิ่น,เทศบาลตำบลสะพลี
องค์กรปกครองส่วนท้องถิ่น,เทศบาลตำบลชุมโค
องค์กรปกครองส่วนท้องถิ่น,เทศบาลตำบลมาบอำมฤต
องค์กรปกครองส่วนท้องถิ่น,เทศบาลเมืองหลังสวน
องค์กรปกครองส่วนท้องถิ่น,เทศบาลตำบลท่ามะพลา
องค์กรปกครองส่วนท้องถิ่น,เทศบาลตำบลปากน้ำหลังสวน
องค์กรปกครองส่วนท้องถิ่น,เทศบาลตำบลวังตะกอ
องค์กรปกครองส่วนท้องถิ่น,เทศบาลตำบลละแม
องค์กรปกครองส่วนท้องถิ่น,เทศบาลตำบลพะโต๊ะ
องค์กรปกครองส่วนท้องถิ่น,เทศบาลตำบลนาโพธิ์
องค์กรปกครองส่วนท้องถิ่น,เทศบาลตำบลนาโพธิ์พัฒนา
องค์กรปกครองส่วนท้องถิ่น,เทศบาลตำบลปากตะโก
องค์กรปกครองส่วนท้องถิ่น,เทศบาลตำบลทุ่งตะไคร
องค์กรปกครองส่วนท้องถิ่น,เทศบาลนครเชียงราย
องค์กรปกครองส่วนท้องถิ่น,เทศบาลตำบลบ้านดู่
องค์กรปกครองส่วนท้องถิ่น,เทศบาลตำบลนางแล
องค์กรปกครองส่วนท้องถิ่น,เทศบาลตำบลแม่ยาว
องค์กรปกครองส่วนท้องถิ่น,เทศบาลตำบลสันทราย
องค์กรปกครองส่วนท้องถิ่น,เทศบาลตำบลห้วยสัก
องค์กรปกครองส่วนท้องถิ่น,องค์การบริหารส่วนจังหวัดเชียงราย
องค์กรปกครองส่วนท้องถิ่น,เทศบาลตำบลดอยลาน
องค์กรปกครองส่วนท้องถิ่น,เทศบาลตำบลป่าอ้อดอนชัย
องค์กรปกครองส่วนท้องถิ่น,เทศบาลตำบลท่าสาย
องค์กรปกครองส่วนท้องถิ่น,เทศบาลตำบลดอยฮาง
องค์กรปกครองส่วนท้องถิ่น,เทศบาลตำบลท่าสุด
องค์กรปกครองส่วนท้องถิ่น,เทศบาลตำบลสิริเวียงชัย
องค์กรปกครองส่วนท้องถิ่น,เทศบาลตำบลเวียงชัย
องค์กรปกครองส่วนท้องถิ่น,เทศบาลตำบลเวียงเหนือ
องค์กรปกครองส่วนท้องถิ่น,เทศบาลตำบลดอนศิลา
องค์กรปกครองส่วนท้องถิ่น,เทศบาลตำบลเมืองชุม
องค์กรปกครองส่วนท้องถิ่น,เทศบาลตำบลเวียง
องค์กรปกครองส่วนท้องถิ่น,เทศบาลตำบลเวียงเชียงของ
องค์กรปกครองส่วนท้องถิ่น,เทศบาลตำบลสถาน
องค์กรปกครองส่วนท้องถิ่น,เทศบาลตำบลครึ่ง
องค์กรปกครองส่วนท้องถิ่น,เทศบาลตำบลบุญเรือง
องค์กรปกครองส่วนท้องถิ่น,เทศบาลตำบลห้วยซ้อ
องค์กรปกครองส่วนท้องถิ่น,เทศบาลตำบลศรีดอนชัย
องค์กรปกครองส่วนท้องถิ่น,เทศบาลตำบลเวียงเทิง
องค์กรปกครองส่วนท้องถิ่น,เทศบาลตำบลงิ้ว
องค์กรปกครองส่วนท้องถิ่น,เทศบาลตำบลบ้านปล้อง
องค์กรปกครองส่วนท้องถิ่น,เทศบาลตำบลเชียงเคี่ยน
องค์กรปกครองส่วนท้องถิ่น,เทศบาลตำบลหงาว
องค์กรปกครองส่วนท้องถิ่น,เทศบาลตำบลสันทรายงาม
องค์กรปกครองส่วนท้องถิ่น,เทศบาลตำบลสันมะเค็ด
องค์กรปกครองส่วนท้องถิ่น,เทศบาลตำบลเมืองพาน
องค์กรปกครองส่วนท้องถิ่น,เทศบาลตำบลป่าแดด
องค์กรปกครองส่วนท้องถิ่น,เทศบาลตำบลป่าแงะ
องค์กรปกครองส่วนท้องถิ่น,เทศบาลตำบลสันมะค่า
องค์กรปกครองส่วนท้องถิ่น,เทศบาลตำบลโรงช้าง
องค์กรปกครองส่วนท้องถิ่น,เทศบาลตำบลศรีโพธิ์เงิน
องค์กรปกครองส่วนท้องถิ่น,เทศบาลตำบลแม่จัน
องค์กรปกครองส่วนท้องถิ่น,เทศบาลตำบลสายน้ำคำ
องค์กรปกครองส่วนท้องถิ่น,เทศบาลตำบลแม่คำ
องค์กรปกครองส่วนท้องถิ่น,เทศบาลตำบลป่าซาง
องค์กรปกครองส่วนท้องถิ่น,เทศบาลตำบลท่าข้าวเปลือก
องค์กรปกครองส่วนท้องถิ่น,เทศบาลตำบลแม่ไร่
องค์กรปกครองส่วนท้องถิ่น,เทศบาลตำบลจันจว้า
องค์กรปกครองส่วนท้องถิ่น,เทศบาลตำบลเวียงเชียงแสน
องค์กรปกครองส่วนท้องถิ่น,เทศบาลตำบลบ้านแซว
องค์กรปกครองส่วนท้องถิ่น,เทศบาลตำบลแม่เงิน
องค์กรปกครองส่วนท้องถิ่น,เทศบาลตำบลโยนก
องค์กรปกครองส่วนท้องถิ่น,เทศบาลตำบลแม่สาย
องค์กรปกครองส่วนท้องถิ่น,เทศบาลตำบลแม่สายมิตรภาพ
องค์กรปกครองส่วนท้องถิ่น,เทศบาลตำบลห้วยไคร้
องค์กรปกครองส่วนท้องถิ่น,เทศบาลตำบลเวียงพางคำ
องค์กรปกครองส่วนท้องถิ่น,เทศบาลตำบลเวียงสรวย
องค์กรปกครองส่วนท้องถิ่น,เทศบาลตำบลแม่สรวย
องค์กรปกครองส่วนท้องถิ่น,เทศบาลตำบลเจดีย์หลวง
องค์กรปกครองส่วนท้องถิ่น,เทศบาลตำบลเวียงป่าเป้า
องค์กรปกครองส่วนท้องถิ่น,เทศบาลตำบลป่างิ้ว
องค์กรปกครองส่วนท้องถิ่น,เทศบาลตำบลเวียงกาหลง
องค์กรปกครองส่วนท้องถิ่น,เทศบาลตำบลแม่ขะจาน
องค์กรปกครองส่วนท้องถิ่น,เทศบาลตำบลไม้ยา
องค์กรปกครองส่วนท้องถิ่น,เทศบาลตำบลพญาเม็งราย
องค์กรปกครองส่วนท้องถิ่น,เทศบาลตำบลเม็งราย
องค์กรปกครองส่วนท้องถิ่น,เทศบาลตำบลม่วงยาย
องค์กรปกครองส่วนท้องถิ่น,เทศบาลตำบลหล่ายงาว
องค์กรปกครองส่วนท้องถิ่น,เทศบาลตำบลบ้านต้า
องค์กรปกครองส่วนท้องถิ่น,เทศบาลตำบลป่าตาล
องค์กรปกครองส่วนท้องถิ่น,เทศบาลตำบลยางฮอม
องค์กรปกครองส่วนท้องถิ่น,เทศบาลตำบลดงมะดะ
องค์กรปกครองส่วนท้องถิ่น,เทศบาลตำบลแม่ลาว
องค์กรปกครองส่วนท้องถิ่น,เทศบาลตำบลป่าก่อดำ
องค์กรปกครองส่วนท้องถิ่น,เทศบาลตำบลบ้านเหล่า
องค์กรปกครองส่วนท้องถิ่น,เทศบาลนครเชียงใหม่
องค์กรปกครองส่วนท้องถิ่น,องค์การบริหารส่วนจังหวัดเชียงใหม่
องค์กรปกครองส่วนท้องถิ่น,เทศบาลตำบลช้างเผือก
องค์กรปกครองส่วนท้องถิ่น,เทศบาลเมืองสุเทพ
องค์กรปกครองส่วนท้องถิ่น,เทศบาลเมืองแม่เหียะ
องค์กรปกครองส่วนท้องถิ่น,เทศบาลตำบลหนองหอย
องค์กรปกครองส่วนท้องถิ่น,เทศบาลตำบลท่าศาลา
องค์กรปกครองส่วนท้องถิ่น,เทศบาลตำบลหนองป่าครั่ง
องค์กรปกครองส่วนท้องถิ่น,เทศบาลตำบลฟ้าฮ่าม
องค์กรปกครองส่วนท้องถิ่น,เทศบาลตำบลสันผีเสื้อ
องค์กรปกครองส่วนท้องถิ่น,เทศบาลตำบลจอมทอง
องค์กรปกครองส่วนท้องถิ่น,เทศบาลตำบลบ้านหลวง
องค์กรปกครองส่วนท้องถิ่น,เทศบาลตำบลสบเตี๊ยะ
องค์กรปกครองส่วนท้องถิ่น,เทศบาลตำบลบ้านแปะ
องค์กรปกครองส่วนท้องถิ่น,เทศบาลตำบลดอยแก้ว
องค์กรปกครองส่วนท้องถิ่น,เทศบาลตำบลแม่สอย
องค์กรปกครองส่วนท้องถิ่น,เทศบาลตำบลแม่แจ่ม
องค์กรปกครองส่วนท้องถิ่น,เทศบาลตำบลท่าผา
องค์กรปกครองส่วนท้องถิ่น,เทศบาลตำบลเชียงดาว
องค์กรปกครองส่วนท้องถิ่น,เทศบาลตำบลเมืองนะ
องค์กรปกครองส่วนท้องถิ่น,เทศบาลตำบลพระธาตุปู่ก่ำ
องค์กรปกครองส่วนท้องถิ่น,เทศบาลตำบลเมืองงาย
องค์กรปกครองส่วนท้องถิ่น,เทศบาลตำบลแม่นะ
องค์กรปกครองส่วนท้องถิ่น,เทศบาลตำบลปิงโค้ง
องค์กรปกครองส่วนท้องถิ่น,เทศบาลตำบลทุ่งข้าวพวง
องค์กรปกครองส่วนท้องถิ่น,เทศบาลตำบลดอยสะเก็ด
องค์กรปกครองส่วนท้องถิ่น,เทศบาลตำบลเชิงดอย
องค์กรปกครองส่วนท้องถิ่น,เทศบาลตำบลสันปูเลย
องค์กรปกครองส่วนท้องถิ่น,เทศบาลตำบลลวงเหนือ
องค์กรปกครองส่วนท้องถิ่น,เทศบาลตำบลป่าป้อง
องค์กรปกครองส่วนท้องถิ่น,เทศบาลตำบลสง่าบ้าน
องค์กรปกครองส่วนท้องถิ่น,เทศบาลตำบลตลาดขวัญ
องค์กรปกครองส่วนท้องถิ่น,เทศบาลตำบลสำราญราษฎร์
องค์กรปกครองส่วนท้องถิ่น,เทศบาลตำบลแม่คือ
องค์กรปกครองส่วนท้องถิ่น,เทศบาลตำบลตลาดใหญ่
องค์กรปกครองส่วนท้องถิ่น,เทศบาลตำบลแม่ฮ้อยเงิน
องค์กรปกครองส่วนท้องถิ่น,เทศบาลตำบลแม่โป่ง
องค์กรปกครองส่วนท้องถิ่น,เทศบาลตำบลป่าเมี่ยง
องค์กรปกครองส่วนท้องถิ่น,เทศบาลตำบลสันมหาพน
องค์กรปกครองส่วนท้องถิ่น,เทศบาลตำบลแม่แตง
องค์กรปกครองส่วนท้องถิ่น,เทศบาลตำบลจอมแจ้ง
องค์กรปกครองส่วนท้องถิ่น,เทศบาลตำบลแม่หอพระ
องค์กรปกครองส่วนท้องถิ่น,เทศบาลเมืองเมืองแกนพัฒนา
องค์กรปกครองส่วนท้องถิ่น,เทศบาลตำบลอินทขิล
องค์กรปกครองส่วนท้องถิ่น,เทศบาลตำบลแม่ริม
องค์กรปกครองส่วนท้องถิ่น,เทศบาลตำบลริมเหนือ
องค์กรปกครองส่วนท้องถิ่น,เทศบาลตำบลสันโป่ง
องค์กรปกครองส่วนท้องถิ่น,เทศบาลตำบลขี้เหล็ก
องค์กรปกครองส่วนท้องถิ่น,เทศบาลตำบลแม่แรม
องค์กรปกครองส่วนท้องถิ่น,เทศบาลตำบลเหมืองแก้ว
องค์กรปกครองส่วนท้องถิ่น,เทศบาลตำบลสะเมิงใต้
องค์กรปกครองส่วนท้องถิ่น,เทศบาลตำบลเวียงฝาง
องค์กรปกครองส่วนท้องถิ่น,เทศบาลตำบลบ้านแม่ข่า
องค์กรปกครองส่วนท้องถิ่น,เทศบาลตำบลแม่ข่า
องค์กรปกครองส่วนท้องถิ่น,เทศบาลตำบลแม่อาย
องค์กรปกครองส่วนท้องถิ่น,เทศบาลตำบลเวียงพร้าว
องค์กรปกครองส่วนท้องถิ่น,เทศบาลตำบลป่าตุ้ม
องค์กรปกครองส่วนท้องถิ่น,เทศบาลตำบลป่าไหน่
องค์กรปกครองส่วนท้องถิ่น,เทศบาลตำบลบ้านโป่ง
องค์กรปกครองส่วนท้องถิ่น,เทศบาลตำบลน้ำแพร่
องค์กรปกครองส่วนท้องถิ่น,เทศบาลตำบลแม่ปั๋ง
องค์กรปกครองส่วนท้องถิ่น,เทศบาลตำบลยุหว่า
องค์กรปกครองส่วนท้องถิ่น,เทศบาลตำบลสันป่าตอง
องค์กรปกครองส่วนท้องถิ่น,เทศบาลตำบลบ้านแม
องค์กรปกครองส่วนท้องถิ่น,เทศบาลตำบลบ้านกลาง
องค์กรปกครองส่วนท้องถิ่น,เทศบาลตำบลทุ่งสะโตก
องค์กรปกครองส่วนท้องถิ่น,เทศบาลตำบลทุ่งต้อม
องค์กรปกครองส่วนท้องถิ่น,เทศบาลตำบลสันกำแพง
องค์กรปกครองส่วนท้องถิ่น,เทศบาลตำบลบวกค้าง
องค์กรปกครองส่วนท้องถิ่น,เทศบาลตำบลออนใต้
องค์กรปกครองส่วนท้องถิ่น,เทศบาลตำบลแม่ปูคา
องค์กรปกครองส่วนท้องถิ่น,เทศบาลตำบลห้วยทราย
องค์กรปกครองส่วนท้องถิ่น,เทศบาลเมืองต้นเปา
องค์กรปกครองส่วนท้องถิ่น,เทศบาลตำบลสันกลาง
องค์กรปกครองส่วนท้องถิ่น,เทศบาลตำบลสันทรายหลวง
องค์กรปกครองส่วนท้องถิ่น,เทศบาลตำบลสันพระเนตร
องค์กรปกครองส่วนท้องถิ่น,เทศบาลตำบลสันนาเม็ง
องค์กรปกครองส่วนท้องถิ่น,เทศบาลตำบลสันป่าเปา
องค์กรปกครองส่วนท้องถิ่น,เทศบาลตำบลหนองแหย่ง
องค์กรปกครองส่วนท้องถิ่น,เทศบาลตำบลหนองจ๊อม
องค์กรปกครองส่วนท้องถิ่น,เทศบาลเมืองแม่โจ้
องค์กรปกครองส่วนท้องถิ่น,เทศบาลตำบลหนองหาร
องค์กรปกครองส่วนท้องถิ่น,เทศบาลตำบลแม่แฝก
องค์กรปกครองส่วนท้องถิ่น,เทศบาลตำบลเจดีย์แม่ครัว
องค์กรปกครองส่วนท้องถิ่น,เทศบาลตำบลเมืองเล็น
องค์กรปกครองส่วนท้องถิ่น,เทศบาลตำบลป่าไผ่
องค์กรปกครองส่วนท้องถิ่น,เทศบาลตำบลหางดง
องค์กรปกครองส่วนท้องถิ่น,เทศบาลตำบลแม่ท่าช้าง
องค์กรปกครองส่วนท้องถิ่น,เทศบาลตำบลหนองแก๋ว
องค์กรปกครองส่วนท้องถิ่น,เทศบาลตำบลหารแก้ว
องค์กรปกครองส่วนท้องถิ่น,เทศบาลตำบลหนองตองพัฒนา
องค์กรปกครองส่วนท้องถิ่น,เทศบาลตำบลบ้านแหวน
องค์กรปกครองส่วนท้องถิ่น,เทศบาลตำบลสันผักหวาน
องค์กรปกครองส่วนท้องถิ่น,เทศบาลตำบลหนองควาย
องค์กรปกครองส่วนท้องถิ่น,เทศบาลตำบลบ้านปง
องค์กรปกครองส่วนท้องถิ่น,เทศบาลตำบลน้ำแพร่พัฒนา
องค์กรปกครองส่วนท้องถิ่น,เทศบาลตำบลบ้านตาล
องค์กรปกครองส่วนท้องถิ่น,เทศบาลตำบลบ่อหลวง
องค์กรปกครองส่วนท้องถิ่น,เทศบาลตำบลท่าเดื่อ-มืดกา
องค์กรปกครองส่วนท้องถิ่น,เทศบาลตำบลอมก๋อย
องค์กรปกครองส่วนท้องถิ่น,เทศบาลตำบลยางเนิ้ง
องค์กรปกครองส่วนท้องถิ่น,เทศบาลตำบลสารภี
องค์กรปกครองส่วนท้องถิ่น,เทศบาลตำบลชมภู
องค์กรปกครองส่วนท้องถิ่น,เทศบาลตำบลไชยสถาน
องค์กรปกครองส่วนท้องถิ่น,เทศบาลตำบลขัวมุง
องค์กรปกครองส่วนท้องถิ่น,เทศบาลตำบลหนองแฝก
องค์กรปกครองส่วนท้องถิ่น,เทศบาลตำบลหนองผึ้ง
องค์กรปกครองส่วนท้องถิ่น,เทศบาลตำบลท่ากว้าง
องค์กรปกครองส่วนท้องถิ่น,เทศบาลตำบลดอนแก้ว
องค์กรปกครองส่วนท้องถิ่น,เทศบาลตำบลท่าวังตาล
องค์กรปกครองส่วนท้องถิ่น,เทศบาลตำบลสันทรายมหาวงศ์
องค์กรปกครองส่วนท้องถิ่น,เทศบาลตำบลป่าบง
องค์กรปกครองส่วนท้องถิ่น,เทศบาลตำบลแสนไห
องค์กรปกครองส่วนท้องถิ่น,เทศบาลตำบลไชยปราการ
องค์กรปกครองส่วนท้องถิ่น,เทศบาลตำบลแม่วาง
องค์กรปกครองส่วนท้องถิ่น,เทศบาลตำบลสองแคว
องค์กรปกครองส่วนท้องถิ่น,เทศบาลตำบลยางคราม
องค์กรปกครองส่วนท้องถิ่น,เทศบาลตำบลสันติสุข
องค์กรปกครองส่วนท้องถิ่น,องค์การบริหารส่วนจังหวัดตรัง
องค์กรปกครองส่วนท้องถิ่น,เทศบาลนครตรัง
องค์กรปกครองส่วนท้องถิ่น,เทศบาลตำบลโคกหล่อ
องค์กรปกครองส่วนท้องถิ่น,เทศบาลตำบลนาตาล่วง
องค์กรปกครองส่วนท้องถิ่น,เทศบาลตำบลคลองเต็ง
องค์กรปกครองส่วนท้องถิ่น,เทศบาลเมืองกันตัง
องค์กรปกครองส่วนท้องถิ่น,เทศบาลตำบลควนธานี
องค์กรปกครองส่วนท้องถิ่น,เทศบาลตำบลบางเป้า
องค์กรปกครองส่วนท้องถิ่น,เทศบาลตำบลควนโพธิ์
องค์กรปกครองส่วนท้องถิ่น,เทศบาลตำบลย่านตาขาว
องค์กรปกครองส่วนท้องถิ่น,เทศบาลตำบลทุ่งกระบือ
องค์กรปกครองส่วนท้องถิ่น,เทศบาลตำบลทุ่งยาว
องค์กรปกครองส่วนท้องถิ่น,เทศบาลตำบลท่าพญา
องค์กรปกครองส่วนท้องถิ่น,เทศบาลตำบลสิเกา
องค์กรปกครองส่วนท้องถิ่น,เทศบาลตำบลควนกุน
องค์กรปกครองส่วนท้องถิ่น,เทศบาลตำบลนาเมืองเพชร
องค์กรปกครองส่วนท้องถิ่น,เทศบาลตำบลห้วยยอด
องค์กรปกครองส่วนท้องถิ่น,เทศบาลตำบลท่างิ้ว
องค์กรปกครองส่วนท้องถิ่น,เทศบาลตำบลลำภูรา
องค์กรปกครองส่วนท้องถิ่น,เทศบาลตำบลห้วยนาง
องค์กรปกครองส่วนท้องถิ่น,เทศบาลตำบลนาวง
องค์กรปกครองส่วนท้องถิ่น,เทศบาลตำบลวังวิเศษ
องค์กรปกครองส่วนท้องถิ่น,เทศบาลตำบลนาโยงเหนือ
องค์กรปกครองส่วนท้องถิ่น,เทศบาลตำบลคลองปาง
องค์กรปกครองส่วนท้องถิ่น,เทศบาลเมืองตราด
องค์กรปกครองส่วนท้องถิ่น,เทศบาลตำบลหนองเสม็ด
องค์กรปกครองส่วนท้องถิ่น,องค์การบริหารส่วนจังหวัดตราด
องค์กรปกครองส่วนท้องถิ่น,เทศบาลตำบลท่าพริกเนินทราย
องค์กรปกครองส่วนท้องถิ่น,เทศบาลตำบลตะกาง
องค์กรปกครองส่วนท้องถิ่น,เทศบาลตำบลชำราก
องค์กรปกครองส่วนท้องถิ่น,เทศบาลตำบลหาดเล็ก
องค์กรปกครองส่วนท้องถิ่น,เทศบาลตำบลเขาสมิง
องค์กรปกครองส่วนท้องถิ่น,เทศบาลตำบลแสนตุ้ง
องค์กรปกครองส่วนท้องถิ่น,เทศบาลตำบลหนองบอน
องค์กรปกครองส่วนท้องถิ่น,เทศบาลตำบลแหลมงอบ
องค์กรปกครองส่วนท้องถิ่น,เทศบาลตำบลน้ำเชี่ยว
องค์กรปกครองส่วนท้องถิ่น,เทศบาลตำบลเกาะช้าง
องค์กรปกครองส่วนท้องถิ่น,เทศบาลตำบลเกาะช้างใต้
องค์กรปกครองส่วนท้องถิ่น,เทศบาลเมืองตาก
องค์กรปกครองส่วนท้องถิ่น,เทศบาลตำบลไม้งาม
องค์กรปกครองส่วนท้องถิ่น,องค์การบริหารส่วนจังหวัดตาก
องค์กรปกครองส่วนท้องถิ่น,เทศบาลตำบลหนองบัวใต้
องค์กรปกครองส่วนท้องถิ่น,เทศบาลตำบลบ้านตาก
องค์กรปกครองส่วนท้องถิ่น,เทศบาลตำบลทุ่งกระเชาะ
องค์กรปกครองส่วนท้องถิ่น,เทศบาลตำบลสามเงา
องค์กรปกครองส่วนท้องถิ่น,เทศบาลตำบลแม่ระมาด
องค์กรปกครองส่วนท้องถิ่น,เทศบาลตำบลทุ่งหลวง
องค์กรปกครองส่วนท้องถิ่น,เทศบาลตำบลแม่จะเรา
องค์กรปกครองส่วนท้องถิ่น,เทศบาลตำบลแม่ต้าน
องค์กรปกครองส่วนท้องถิ่น,เทศบาลนครแม่สอด
องค์กรปกครองส่วนท้องถิ่น,เทศบาลตำบลแม่กุ
องค์กรปกครองส่วนท้องถิ่น,เทศบาลตำบลแม่ตาว
องค์กรปกครองส่วนท้องถิ่น,เทศบาลตำบลท่าสายลวด
องค์กรปกครองส่วนท้องถิ่น,เทศบาลตำบลพบพระ
องค์กรปกครองส่วนท้องถิ่น,เทศบาลตำบลอุ้มผาง
องค์กรปกครองส่วนท้องถิ่น,เทศบาลตำบลแม่กลอง
องค์กรปกครองส่วนท้องถิ่น,เทศบาลตำบลวังเจ้า
องค์กรปกครองส่วนท้องถิ่น,เทศบาลเมืองนครนายก
องค์กรปกครองส่วนท้องถิ่น,เทศบาลตำบลท่าช้าง
องค์กรปกครองส่วนท้องถิ่น,องค์การบริหารส่วนจังหวัดนครนายก
องค์กรปกครองส่วนท้องถิ่น,เทศบาลตำบลเกาะหวาย
องค์กรปกครองส่วนท้องถิ่น,เทศบาลตำบลบ้านนา
องค์กรปกครองส่วนท้องถิ่น,เทศบาลตำบลพิกุลออก
องค์กรปกครองส่วนท้องถิ่น,เทศบาลตำบลองครักษ์
องค์กรปกครองส่วนท้องถิ่น,เทศบาลตำบลธรรมศาลา
องค์กรปกครองส่วนท้องถิ่น,เทศบาลตำบลตาก้อง
องค์กรปกครองส่วนท้องถิ่น,เทศบาลตำบลมาบแค
องค์กรปกครองส่วนท้องถิ่น,องค์การบริหารส่วนจังหวัดนครปฐม
องค์กรปกครองส่วนท้องถิ่น,เทศบาลตำบลดอนยายหอม
องค์กรปกครองส่วนท้องถิ่น,เทศบาลนครนครปฐม
องค์กรปกครองส่วนท้องถิ่น,เทศบาลตำบลบ่อพลับ
องค์กรปกครองส่วนท้องถิ่น,เทศบาลเมืองนครปฐม
องค์กรปกครองส่วนท้องถิ่น,เทศบาลเมืองสามควายเผือก
องค์กรปกครองส่วนท้องถิ่น,เทศบาลตำบลโพรงมะเดื่อ
องค์กรปกครองส่วนท้องถิ่น,เทศบาลตำบลกำแพงแสน
องค์กรปกครองส่วนท้องถิ่น,เทศบาลตำบลนครชัยศรี
องค์กรปกครองส่วนท้องถิ่น,เทศบาลตำบลขุนแก้ว
องค์กรปกครองส่วนท้องถิ่น,เทศบาลตำบลศีรษะทอง
องค์กรปกครองส่วนท้องถิ่น,เทศบาลตำบลห้วยพลู
องค์กรปกครองส่วนท้องถิ่น,เทศบาลตำบลสามง่าม
องค์กรปกครองส่วนท้องถิ่น,เทศบาลตำบลบางเลน
องค์กรปกครองส่วนท้องถิ่น,เทศบาลตำบลรางกระทุ่ม
องค์กรปกครองส่วนท้องถิ่น,เทศบาลตำบลลำพญา
องค์กรปกครองส่วนท้องถิ่น,เทศบาลตำบลบางกระทึก
องค์กรปกครองส่วนท้องถิ่น,เทศบาลเมืองสามพราน
องค์กรปกครองส่วนท้องถิ่น,เทศบาลเมืองไร่ขิง
องค์กรปกครองส่วนท้องถิ่น,เทศบาลเมืองกระทุ่มล้ม
องค์กรปกครองส่วนท้องถิ่น,เทศบาลตำบลอ้อมใหญ่
องค์กรปกครองส่วนท้องถิ่น,เทศบาลตำบลศาลายา
องค์กรปกครองส่วนท้องถิ่น,เทศบาลเมืองคลองโยง
องค์กรปกครองส่วนท้องถิ่น,เทศบาลเมืองนครพนม
องค์กรปกครองส่วนท้องถิ่น,องค์การบริหารส่วนจังหวัดนครพนม
องค์กรปกครองส่วนท้องถิ่น,เทศบาลตำบลหนองญาติ
องค์กรปกครองส่วนท้องถิ่น,เทศบาลตำบลปลาปาก
องค์กรปกครองส่วนท้องถิ่น,เทศบาลตำบลท่าอุเทน
องค์กรปกครองส่วนท้องถิ่น,เทศบาลตำบลเวินพระบาท
องค์กรปกครองส่วนท้องถิ่น,เทศบาลตำบลบ้านแพง
องค์กรปกครองส่วนท้องถิ่น,เทศบาลตำบลธาตุพนม
องค์กรปกครองส่วนท้องถิ่น,เทศบาลตำบลธาตุพนมใต้
องค์กรปกครองส่วนท้องถิ่น,เทศบาลตำบลฝั่งแดง
องค์กรปกครองส่วนท้องถิ่น,เทศบาลตำบลน้ำก่ำ
องค์กรปกครองส่วนท้องถิ่น,เทศบาลตำบลนาหนาด
องค์กรปกครองส่วนท้องถิ่น,เทศบาลตำบลเรณูนคร
องค์กรปกครองส่วนท้องถิ่น,เทศบาลตำบลนาแก
องค์กรปกครองส่วนท้องถิ่น,เทศบาลตำบลพระซอง
องค์กรปกครองส่วนท้องถิ่น,เทศบาลตำบลศรีสงคราม
องค์กรปกครองส่วนท้องถิ่น,เทศบาลตำบลสามผง
องค์กรปกครองส่วนท้องถิ่น,เทศบาลตำบลบ้านข่า
องค์กรปกครองส่วนท้องถิ่น,เทศบาลตำบลหาดแพง
องค์กรปกครองส่วนท้องถิ่น,เทศบาลตำบลนาหว้า
องค์กรปกครองส่วนท้องถิ่น,เทศบาลตำบลท่าเรือ
องค์กรปกครองส่วนท้องถิ่น,เทศบาลตำบลโพนสวรรค์
องค์กรปกครองส่วนท้องถิ่น,องค์การบริหารส่วนจังหวัดนครราชสีมา
องค์กรปกครองส่วนท้องถิ่น,เทศบาลนครนครราชสีมา
องค์กรปกครองส่วนท้องถิ่น,เทศบาลตำบลโพธิ์กลาง
องค์กรปกครองส่วนท้องถิ่น,เทศบาลตำบลปรุใหญ่
องค์กรปกครองส่วนท้องถิ่น,เทศบาลตำบลหนองไผ่ล้อม
องค์กรปกครองส่วนท้องถิ่น,เทศบาลตำบลหัวทะเล
องค์กรปกครองส่วนท้องถิ่น,เทศบาลตำบลบ้านใหม่
องค์กรปกครองส่วนท้องถิ่น,เทศบาลตำบลพุดซา
องค์กรปกครองส่วนท้องถิ่น,เทศบาลตำบลจอหอ
องค์กรปกครองส่วนท้องถิ่น,เทศบาลตำบลเมืองใหม่โคกกรวด
องค์กรปกครองส่วนท้องถิ่น,เทศบาลตำบลโคกกรวด
องค์กรปกครองส่วนท้องถิ่น,เทศบาลตำบลไชยมงคล
องค์กรปกครองส่วนท้องถิ่น,เทศบาลตำบลสุรนารี
องค์กรปกครองส่วนท้องถิ่น,เทศบาลตำบลตลาด
องค์กรปกครองส่วนท้องถิ่น,เทศบาลตำบลหนองไข่น้ำ
องค์กรปกครองส่วนท้องถิ่น,เทศบาลตำบลแชะ
องค์กรปกครองส่วนท้องถิ่น,เทศบาลตำบลไทรโยง-ไชยวาล
องค์กรปกครองส่วนท้องถิ่น,เทศบาลตำบลจระเข้หิน
องค์กรปกครองส่วนท้องถิ่น,เทศบาลตำบลอรพิมพ์
องค์กรปกครองส่วนท้องถิ่น,เทศบาลตำบลครบุรีใต้
องค์กรปกครองส่วนท้องถิ่น,เทศบาลตำบลเสิงสาง
องค์กรปกครองส่วนท้องถิ่น,เทศบาลตำบลเมืองคง
องค์กรปกครองส่วนท้องถิ่น,เทศบาลตำบลเทพาลัย
องค์กรปกครองส่วนท้องถิ่น,เทศบาลตำบลบ้านเหลื่อม
องค์กรปกครองส่วนท้องถิ่น,เทศบาลตำบลจักราช
องค์กรปกครองส่วนท้องถิ่น,เทศบาลตำบลท่าเยี่ยม
องค์กรปกครองส่วนท้องถิ่น,เทศบาลตำบลโชคชัย
องค์กรปกครองส่วนท้องถิ่น,เทศบาลตำบลด่านเกวียน
องค์กรปกครองส่วนท้องถิ่น,เทศบาลตำบลด่านขุนทด
องค์กรปกครองส่วนท้องถิ่น,เทศบาลตำบลหนองกราด
องค์กรปกครองส่วนท้องถิ่น,เทศบาลตำบลหนองบัวตะเกียด
องค์กรปกครองส่วนท้องถิ่น,เทศบาลตำบลโนนไทย
องค์กรปกครองส่วนท้องถิ่น,เทศบาลตำบลบัลลังก์
องค์กรปกครองส่วนท้องถิ่น,เทศบาลตำบลโคกสวาย
องค์กรปกครองส่วนท้องถิ่น,เทศบาลตำบลใหม่
องค์กรปกครองส่วนท้องถิ่น,เทศบาลตำบลตลาดแค
องค์กรปกครองส่วนท้องถิ่น,เทศบาลตำบลมะค่า
องค์กรปกครองส่วนท้องถิ่น,เทศบาลตำบลด่านคล้า
องค์กรปกครองส่วนท้องถิ่น,เทศบาลตำบลดอนหวาย
องค์กรปกครองส่วนท้องถิ่น,เทศบาลตำบลขามสะแกแสง
องค์กรปกครองส่วนท้องถิ่น,เทศบาลตำบลโนนเมือง
องค์กรปกครองส่วนท้องถิ่น,เทศบาลตำบลหนองหัวฟาน
องค์กรปกครองส่วนท้องถิ่น,เทศบาลเมืองบัวใหญ่
องค์กรปกครองส่วนท้องถิ่น,เทศบาลตำบลหนองบัวสะอาด
องค์กรปกครองส่วนท้องถิ่น,เทศบาลตำบลประทาย
องค์กรปกครองส่วนท้องถิ่น,เทศบาลเมืองเมืองปัก
องค์กรปกครองส่วนท้องถิ่น,เทศบาลตำบลปักธงชัย
องค์กรปกครองส่วนท้องถิ่น,เทศบาลตำบลตะขบ
องค์กรปกครองส่วนท้องถิ่น,เทศบาลตำบลนกออก
องค์กรปกครองส่วนท้องถิ่น,เทศบาลตำบลลำนางแก้ว
องค์กรปกครองส่วนท้องถิ่น,เทศบาลตำบลบ่อปลาทอง
องค์กรปกครองส่วนท้องถิ่น,เทศบาลตำบลพิมาย
องค์กรปกครองส่วนท้องถิ่น,เทศบาลตำบลรังกาใหญ่
องค์กรปกครองส่วนท้องถิ่น,เทศบาลตำบลห้วยแถลง
องค์กรปกครองส่วนท้องถิ่น,เทศบาลตำบลหินดาด
องค์กรปกครองส่วนท้องถิ่น,เทศบาลตำบลกงรถ
องค์กรปกครองส่วนท้องถิ่น,เทศบาลตำบลชุมพวง
องค์กรปกครองส่วนท้องถิ่น,เทศบาลตำบลสูงเนิน
องค์กรปกครองส่วนท้องถิ่น,เทศบาลตำบลขามทะเลสอ
องค์กรปกครองส่วนท้องถิ่น,เทศบาลตำบลพันดุง
องค์กรปกครองส่วนท้องถิ่น,เทศบาลตำบลลาดบัวขาว
องค์กรปกครองส่วนท้องถิ่น,เทศบาลตำบลหนองน้ำใส
องค์กรปกครองส่วนท้องถิ่น,เทศบาลเมืองสีคิ้ว
องค์กรปกครองส่วนท้องถิ่น,เทศบาลตำบลคลองไผ่
องค์กรปกครองส่วนท้องถิ่น,เทศบาลเมืองปากช่อง
องค์กรปกครองส่วนท้องถิ่น,เทศบาลตำบลกลางดง
องค์กรปกครองส่วนท้องถิ่น,เทศบาลตำบลสีมามงคล
องค์กรปกครองส่วนท้องถิ่น,เทศบาลตำบลหมูสี
องค์กรปกครองส่วนท้องถิ่น,เทศบาลตำบลวังไทร
องค์กรปกครองส่วนท้องถิ่น,เทศบาลตำบลหนองหัวแรต
องค์กรปกครองส่วนท้องถิ่น,เทศบาลตำบลแหลมทอง
องค์กรปกครองส่วนท้องถิ่น,เทศบาลตำบลบึงสำโรง
องค์กรปกครองส่วนท้องถิ่น,เทศบาลตำบลโนนแดง
องค์กรปกครองส่วนท้องถิ่น,เทศบาลตำบลวังหิน
องค์กรปกครองส่วนท้องถิ่น,เทศบาลตำบลศาลเจ้าพ่อ
องค์กรปกครองส่วนท้องถิ่น,เทศบาลตำบลเมืองยาง
องค์กรปกครองส่วนท้องถิ่น,เทศบาลตำบลพระทองคำ
องค์กรปกครองส่วนท้องถิ่น,เทศบาลตำบลสระพระ
องค์กรปกครองส่วนท้องถิ่น,เทศบาลตำบลขุย
องค์กรปกครองส่วนท้องถิ่น,เทศบาลตำบลหนองบัววง
องค์กรปกครองส่วนท้องถิ่น,เทศบาลตำบลบ้านยาง
องค์กรปกครองส่วนท้องถิ่น,เทศบาลตำบลช่องแมว
องค์กรปกครองส่วนท้องถิ่น,เทศบาลตำบลไพล
องค์กรปกครองส่วนท้องถิ่น,เทศบาลตำบลหนองบัวลาย
องค์กรปกครองส่วนท้องถิ่น,เทศบาลตำบลสีดา
องค์กรปกครองส่วนท้องถิ่น,เทศบาลนครนครศรีธรรมราช
องค์กรปกครองส่วนท้องถิ่น,เทศบาลตำบลปากนคร
องค์กรปกครองส่วนท้องถิ่น,องค์การบริหารส่วนจังหวัดนครศรีธรรมราช
องค์กรปกครองส่วนท้องถิ่น,เทศบาลตำบลโพธิ์เสด็จ
องค์กรปกครองส่วนท้องถิ่น,เทศบาลตำบลบางจาก
องค์กรปกครองส่วนท้องถิ่น,เทศบาลเมืองปากพูน
องค์กรปกครองส่วนท้องถิ่น,เทศบาลตำบลท่าแพ
องค์กรปกครองส่วนท้องถิ่น,เทศบาลตำบลพรหมคีรี
องค์กรปกครองส่วนท้องถิ่น,เทศบาลตำบลพรหมโลก
องค์กรปกครองส่วนท้องถิ่น,เทศบาลตำบลทอนหงส์
องค์กรปกครองส่วนท้องถิ่น,เทศบาลตำบลลานสกา
องค์กรปกครองส่วนท้องถิ่น,เทศบาลตำบลขุนทะเล
องค์กรปกครองส่วนท้องถิ่น,เทศบาลตำบลฉวาง
องค์กรปกครองส่วนท้องถิ่น,เทศบาลตำบลปากน้ำฉวาง
องค์กรปกครองส่วนท้องถิ่น,เทศบาลตำบลไม้เรียง
องค์กรปกครองส่วนท้องถิ่น,เทศบาลตำบลจันดี
องค์กรปกครองส่วนท้องถิ่น,เทศบาลตำบลพิปูน
องค์กรปกครองส่วนท้องถิ่น,เทศบาลตำบลกะทูน
องค์กรปกครองส่วนท้องถิ่น,เทศบาลตำบลเขาพระ
องค์กรปกครองส่วนท้องถิ่น,เทศบาลตำบลควนกลาง
องค์กรปกครองส่วนท้องถิ่น,เทศบาลตำบลเชียรใหญ่
องค์กรปกครองส่วนท้องถิ่น,เทศบาลตำบลการะเกด
องค์กรปกครองส่วนท้องถิ่น,เทศบาลตำบลชะอวด
องค์กรปกครองส่วนท้องถิ่น,เทศบาลตำบลท่าประจะ
องค์กรปกครองส่วนท้องถิ่น,เทศบาลเมืองทุ่งสง
องค์กรปกครองส่วนท้องถิ่น,เทศบาลเมืองชะมาย
องค์กรปกครองส่วนท้องถิ่น,เทศบาลตำบลกะปาง
องค์กรปกครองส่วนท้องถิ่น,เทศบาลตำบลที่วัง
องค์กรปกครองส่วนท้องถิ่น,เทศบาลตำบลถ้ำใหญ่
องค์กรปกครองส่วนท้องถิ่น,เทศบาลตำบลนาบอน
องค์กรปกครองส่วนท้องถิ่น,เทศบาลตำบลท่ายาง
องค์กรปกครองส่วนท้องถิ่น,เทศบาลตำบลทุ่งสัง
องค์กรปกครองส่วนท้องถิ่น,เทศบาลเมืองปากพนัง
องค์กรปกครองส่วนท้องถิ่น,เทศบาลตำบลชะเมา
องค์กรปกครองส่วนท้องถิ่น,เทศบาลตำบลเกาะทวด
องค์กรปกครองส่วนท้องถิ่น,เทศบาลตำบลร่อนพิบูลย์
องค์กรปกครองส่วนท้องถิ่น,เทศบาลตำบลหินตก
องค์กรปกครองส่วนท้องถิ่น,เทศบาลตำบลเขาชุมทอง
องค์กรปกครองส่วนท้องถิ่น,เทศบาลตำบลสิชล
องค์กรปกครองส่วนท้องถิ่น,เทศบาลตำบลทุ่งใส
องค์กรปกครองส่วนท้องถิ่น,เทศบาลตำบลขนอม
องค์กรปกครองส่วนท้องถิ่น,เทศบาลตำบลอ่าวขนอม
องค์กรปกครองส่วนท้องถิ่น,เทศบาลตำบลท้องเนียน
องค์กรปกครองส่วนท้องถิ่น,เทศบาลตำบลหัวไทร
องค์กรปกครองส่วนท้องถิ่น,เทศบาลตำบลหน้าสตน
องค์กรปกครองส่วนท้องถิ่น,เทศบาลตำบลเกาะเพชร
องค์กรปกครองส่วนท้องถิ่น,เทศบาลตำบลนาสาร
องค์กรปกครองส่วนท้องถิ่น,เทศบาลตำบลนาเหรง
องค์กรปกครองส่วนท้องถิ่น,เทศบาลตำบลหลักช้าง
องค์กรปกครองส่วนท้องถิ่น,เทศบาลตำบลสวนขัน
องค์กรปกครองส่วนท้องถิ่น,เทศบาลตำบลดอนตรอ
องค์กรปกครองส่วนท้องถิ่น,เทศบาลตำบลทางพูน
องค์กรปกครองส่วนท้องถิ่น,เทศบาลนครนครสวรรค์
องค์กรปกครองส่วนท้องถิ่น,องค์การบริหารส่วนจังหวัดนครสวรรค์
องค์กรปกครองส่วนท้องถิ่น,เทศบาลตำบลหนองเบน
องค์กรปกครองส่วนท้องถิ่น,เทศบาลตำบลโกรกพระ
องค์กรปกครองส่วนท้องถิ่น,เทศบาลตำบลบางมะฝ่อ
องค์กรปกครองส่วนท้องถิ่น,เทศบาลตำบลบางประมุง
องค์กรปกครองส่วนท้องถิ่น,เทศบาลเมืองชุมแสง
องค์กรปกครองส่วนท้องถิ่น,เทศบาลตำบลทับกฤช
องค์กรปกครองส่วนท้องถิ่น,เทศบาลเมืองหนองบัว
องค์กรปกครองส่วนท้องถิ่น,เทศบาลตำบลบรรพตพิสัย
องค์กรปกครองส่วนท้องถิ่น,เทศบาลตำบลบ้านแดน
องค์กรปกครองส่วนท้องถิ่น,เทศบาลตำบลเก้าเลี้ยว
องค์กรปกครองส่วนท้องถิ่น,เทศบาลเมืองตาคลี
องค์กรปกครองส่วนท้องถิ่น,เทศบาลตำบลช่องแค
องค์กรปกครองส่วนท้องถิ่น,เทศบาลตำบลท่าตะโก
องค์กรปกครองส่วนท้องถิ่น,เทศบาลตำบลไพศาลี
องค์กรปกครองส่วนท้องถิ่น,เทศบาลตำบลพยุหะ
องค์กรปกครองส่วนท้องถิ่น,เทศบาลตำบลท่าน้ำอ้อยม่วงหัก
องค์กรปกครองส่วนท้องถิ่น,เทศบาลตำบลลาดยาว
องค์กรปกครองส่วนท้องถิ่น,เทศบาลตำบลศาลเจ้าไก่ต่อ
องค์กรปกครองส่วนท้องถิ่น,เทศบาลตำบลตากฟ้า
องค์กรปกครองส่วนท้องถิ่น,เทศบาลตำบลอุดมธัญญา
องค์กรปกครองส่วนท้องถิ่น,องค์การบริหารส่วนจังหวัดนนทบุรี
องค์กรปกครองส่วนท้องถิ่น,เทศบาลนครนนทบุรี
องค์กรปกครองส่วนท้องถิ่น,เทศบาลเมืองบางศรีเมือง
องค์กรปกครองส่วนท้องถิ่น,เทศบาลเมืองบางกร่าง
องค์กรปกครองส่วนท้องถิ่น,เทศบาลเมืองไทรม้า
องค์กรปกครองส่วนท้องถิ่น,เทศบาลเมืองบางกรวย
องค์กรปกครองส่วนท้องถิ่น,เทศบาลตำบลบางสีทอง
องค์กรปกครองส่วนท้องถิ่น,เทศบาลเมืองปลายบาง
องค์กรปกครองส่วนท้องถิ่น,เทศบาลเมืองศาลากลาง
องค์กรปกครองส่วนท้องถิ่น,เทศบาลตำบลบางม่วง
องค์กรปกครองส่วนท้องถิ่น,เทศบาลเมืองบ้านบางม่วง
องค์กรปกครองส่วนท้องถิ่น,เทศบาลเมืองบางแม่นาง
องค์กรปกครองส่วนท้องถิ่น,เทศบาลเมืองใหม่บางบัวทอง
องค์กรปกครองส่วนท้องถิ่น,เทศบาลเมืองบางคูรัด
องค์กรปกครองส่วนท้องถิ่น,เทศบาลเมืองพิมลราช
องค์กรปกครองส่วนท้องถิ่น,เทศบาลเมืองบางรักพัฒนา
องค์กรปกครองส่วนท้องถิ่น,เทศบาลตำบลไทรน้อย
องค์กรปกครองส่วนท้องถิ่น,เทศบาลนครปากเกร็ด
องค์กรปกครองส่วนท้องถิ่น,องค์การบริหารส่วนจังหวัดนราธิวาส
องค์กรปกครองส่วนท้องถิ่น,เทศบาลเมืองนราธิวาส
องค์กรปกครองส่วนท้องถิ่น,เทศบาลตำบลกะลุวอเหนือ
องค์กรปกครองส่วนท้องถิ่น,เทศบาลเมืองตากใบ
องค์กรปกครองส่วนท้องถิ่น,เทศบาลตำบลบาเจาะ
องค์กรปกครองส่วนท้องถิ่น,เทศบาลตำบลต้นไทร
องค์กรปกครองส่วนท้องถิ่น,เทศบาลตำบลยี่งอ
องค์กรปกครองส่วนท้องถิ่น,เทศบาลตำบลตันหยงมัส
องค์กรปกครองส่วนท้องถิ่น,เทศบาลตำบลมะรือโบตก
องค์กรปกครองส่วนท้องถิ่น,เทศบาลตำบลรือเสาะ
องค์กรปกครองส่วนท้องถิ่น,เทศบาลตำบลศรีสาคร
องค์กรปกครองส่วนท้องถิ่น,เทศบาลตำบลแว้ง
องค์กรปกครองส่วนท้องถิ่น,เทศบาลตำบลบูเก๊ะตา
องค์กรปกครองส่วนท้องถิ่น,เทศบาลตำบลสุคิริน
องค์กรปกครองส่วนท้องถิ่น,เทศบาลเมืองสุไหงโก-ลก
องค์กรปกครองส่วนท้องถิ่น,เทศบาลตำบลปาเสมัส
องค์กรปกครองส่วนท้องถิ่น,เทศบาลตำบลปะลุรู
องค์กรปกครองส่วนท้องถิ่น,เทศบาลเมืองน่าน
องค์กรปกครองส่วนท้องถิ่น,องค์การบริหารส่วนจังหวัดน่าน
องค์กรปกครองส่วนท้องถิ่น,เทศบาลตำบลดู่ใต้
องค์กรปกครองส่วนท้องถิ่น,เทศบาลตำบลกองควาย
องค์กรปกครองส่วนท้องถิ่น,เทศบาลตำบลหนองแดง
องค์กรปกครองส่วนท้องถิ่น,เทศบาลตำบลนาน้อย
องค์กรปกครองส่วนท้องถิ่น,เทศบาลตำบลศรีษะเกษ
องค์กรปกครองส่วนท้องถิ่น,เทศบาลตำบลปัว
องค์กรปกครองส่วนท้องถิ่น,เทศบาลตำบลศิลาแลง
องค์กรปกครองส่วนท้องถิ่น,เทศบาลตำบลท่าวังผา
องค์กรปกครองส่วนท้องถิ่น,เทศบาลตำบลกลางเวียง
องค์กรปกครองส่วนท้องถิ่น,เทศบาลตำบลเวียงสา
องค์กรปกครองส่วนท้องถิ่น,เทศบาลตำบลขึ่ง
องค์กรปกครองส่วนท้องถิ่น,เทศบาลตำบลงอบ
องค์กรปกครองส่วนท้องถิ่น,เทศบาลตำบลทุ่งช้าง
องค์กรปกครองส่วนท้องถิ่น,เทศบาลตำบลเชียงกลาง
องค์กรปกครองส่วนท้องถิ่น,เทศบาลตำบลพระพุทธบาทเชียงคาน
องค์กรปกครองส่วนท้องถิ่น,เทศบาลตำบลบ่อแก้ว
องค์กรปกครองส่วนท้องถิ่น,เทศบาลตำบลบ่อเกลือใต้
องค์กรปกครองส่วนท้องถิ่น,เทศบาลตำบลยอด
องค์กรปกครองส่วนท้องถิ่น,องค์การบริหารส่วนจังหวัดบึงกาฬ
องค์กรปกครองส่วนท้องถิ่น,เทศบาลเมืองบึงกาฬ
องค์กรปกครองส่วนท้องถิ่น,เทศบาลตำบลโนนสว่าง
องค์กรปกครองส่วนท้องถิ่น,เทศบาลตำบลหอคำ
องค์กรปกครองส่วนท้องถิ่น,เทศบาลตำบลหนองเลิง
องค์กรปกครองส่วนท้องถิ่น,เทศบาลตำบลโคกก่อง
องค์กรปกครองส่วนท้องถิ่น,เทศบาลตำบลไคสี
องค์กรปกครองส่วนท้องถิ่น,เทศบาลตำบลดอนหญ้านาง
องค์กรปกครองส่วนท้องถิ่น,เทศบาลตำบลพรเจริญ
องค์กรปกครองส่วนท้องถิ่น,เทศบาลตำบลศรีสำราญ
องค์กรปกครองส่วนท้องถิ่น,เทศบาลตำบลโซ่พิสัย
องค์กรปกครองส่วนท้องถิ่น,เทศบาลตำบลศรีพนา
องค์กรปกครองส่วนท้องถิ่น,เทศบาลตำบลซาง
องค์กรปกครองส่วนท้องถิ่น,เทศบาลตำบลป่งไฮ
องค์กรปกครองส่วนท้องถิ่น,เทศบาลตำบลท่าสะอาด
องค์กรปกครองส่วนท้องถิ่น,เทศบาลตำบลปากคาด
องค์กรปกครองส่วนท้องถิ่น,เทศบาลตำบลบึงงาม
องค์กรปกครองส่วนท้องถิ่น,เทศบาลตำบลบึงโขงหลง
องค์กรปกครองส่วนท้องถิ่น,เทศบาลตำบลศรีวิไล
องค์กรปกครองส่วนท้องถิ่น,องค์การบริหารส่วนจังหวัดบุรีรัมย์
องค์กรปกครองส่วนท้องถิ่น,เทศบาลตำบลหนองตาด
องค์กรปกครองส่วนท้องถิ่น,เทศบาลเมืองชุมเห็ด
องค์กรปกครองส่วนท้องถิ่น,เทศบาลตำบลหลักเขต
องค์กรปกครองส่วนท้องถิ่น,เทศบาลตำบลคูเมือง
องค์กรปกครองส่วนท้องถิ่น,เทศบาลตำบลหินเหล็กไฟ
องค์กรปกครองส่วนท้องถิ่น,เทศบาลตำบลกระสัง
องค์กรปกครองส่วนท้องถิ่น,เทศบาลตำบลอุดมธรรม
องค์กรปกครองส่วนท้องถิ่น,เทศบาลตำบลสองชั้น
องค์กรปกครองส่วนท้องถิ่น,เทศบาลตำบลหนองเต็ง
องค์กรปกครองส่วนท้องถิ่น,เทศบาลเมืองนางรอง
องค์กรปกครองส่วนท้องถิ่น,เทศบาลตำบลทุ่งแสงทอง
องค์กรปกครองส่วนท้องถิ่น,เทศบาลตำบลศาลเจ้าพ่อขุนศรี
องค์กรปกครองส่วนท้องถิ่น,เทศบาลตำบลหนองกี่
องค์กรปกครองส่วนท้องถิ่น,เทศบาลตำบลดอนอะราง
องค์กรปกครองส่วนท้องถิ่น,เทศบาลตำบลละหานทราย
องค์กรปกครองส่วนท้องถิ่น,เทศบาลตำบลตาจง
องค์กรปกครองส่วนท้องถิ่น,เทศบาลตำบลสำโรงใหม่
องค์กรปกครองส่วนท้องถิ่น,เทศบาลตำบลหนองแวง
องค์กรปกครองส่วนท้องถิ่น,เทศบาลตำบลหนองตะครอง
องค์กรปกครองส่วนท้องถิ่น,เทศบาลเมืองประโคนชัย
องค์กรปกครองส่วนท้องถิ่น,เทศบาลตำบลแสลงโทน
องค์กรปกครองส่วนท้องถิ่น,เทศบาลตำบลโคกม้า
องค์กรปกครองส่วนท้องถิ่น,เทศบาลตำบลเขาคอก
องค์กรปกครองส่วนท้องถิ่น,เทศบาลตำบลบ้านกรวดปัญญาวัฒน์
องค์กรปกครองส่วนท้องถิ่น,เทศบาลตำบลโนนเจริญ
องค์กรปกครองส่วนท้องถิ่น,เทศบาลตำบลหนองไม้งาม
องค์กรปกครองส่วนท้องถิ่น,เทศบาลตำบลตลาดนิคมปราสาท
องค์กรปกครองส่วนท้องถิ่น,เทศบาลตำบลบ้านกรวด
องค์กรปกครองส่วนท้องถิ่น,เทศบาลตำบลปราสาท
องค์กรปกครองส่วนท้องถิ่น,เทศบาลตำบลบึงเจริญ
องค์กรปกครองส่วนท้องถิ่น,เทศบาลตำบลจันทบเพชร
องค์กรปกครองส่วนท้องถิ่น,เทศบาลตำบลพุทไธสง
องค์กรปกครองส่วนท้องถิ่น,เทศบาลเมืองลำปลายมาศ
องค์กรปกครองส่วนท้องถิ่น,เทศบาลตำบลทะเมนชัย
องค์กรปกครองส่วนท้องถิ่น,เทศบาลตำบลศรีสตึก
องค์กรปกครองส่วนท้องถิ่น,เทศบาลตำบลสตึก
องค์กรปกครองส่วนท้องถิ่น,เทศบาลตำบลดอนมนต์
องค์กรปกครองส่วนท้องถิ่น,เทศบาลตำบลสะแก
องค์กรปกครองส่วนท้องถิ่น,เทศบาลตำบลปะคำ
องค์กรปกครองส่วนท้องถิ่น,เทศบาลตำบลหนองหงส์
องค์กรปกครองส่วนท้องถิ่น,เทศบาลตำบลห้วยหิน
องค์กรปกครองส่วนท้องถิ่น,เทศบาลตำบลจันดุม
องค์กรปกครองส่วนท้องถิ่น,เทศบาลตำบลโคกขมิ้น
องค์กรปกครองส่วนท้องถิ่น,เทศบาลตำบลพลับพลาชัย
องค์กรปกครองส่วนท้องถิ่น,เทศบาลตำบลห้วยราช
องค์กรปกครองส่วนท้องถิ่น,เทศบาลตำบลสามแวง
องค์กรปกครองส่วนท้องถิ่น,เทศบาลตำบลโคกเหล็ก
องค์กรปกครองส่วนท้องถิ่น,เทศบาลตำบลโนนสุวรรณ
องค์กรปกครองส่วนท้องถิ่น,เทศบาลตำบลโกรกแก้ว
องค์กรปกครองส่วนท้องถิ่น,เทศบาลตำบลชำนิ
องค์กรปกครองส่วนท้องถิ่น,เทศบาลตำบลหนองปล่อง
องค์กรปกครองส่วนท้องถิ่น,เทศบาลตำบลบ้านใหม่ไชยพจน์
องค์กรปกครองส่วนท้องถิ่น,เทศบาลตำบลโนนดินแดง
องค์กรปกครองส่วนท้องถิ่น,เทศบาลตำบลบ้านด่าน
องค์กรปกครองส่วนท้องถิ่น,เทศบาลตำบลแคนดง
องค์กรปกครองส่วนท้องถิ่น,เทศบาลตำบลพนมรุ้ง
องค์กรปกครองส่วนท้องถิ่น,เทศบาลตำบลถาวร
องค์กรปกครองส่วนท้องถิ่น,เทศบาลตำบลยายแย้มวัฒนา
องค์กรปกครองส่วนท้องถิ่น,เทศบาลเมืองปทุมธานี
องค์กรปกครองส่วนท้องถิ่น,องค์การบริหารส่วนจังหวัดปทุมธานี
องค์กรปกครองส่วนท้องถิ่น,เทศบาลตำบลบางขะแยง
องค์กรปกครองส่วนท้องถิ่น,เทศบาลเมืองบางคูวัด
องค์กรปกครองส่วนท้องถิ่น,เทศบาลตำบลบางเดื่อ
องค์กรปกครองส่วนท้องถิ่น,เทศบาลตำบลบางพูน
องค์กรปกครองส่วนท้องถิ่น,เทศบาลเมืองบางกะดี
องค์กรปกครองส่วนท้องถิ่น,เทศบาลตำบลหลักหก
องค์กรปกครองส่วนท้องถิ่น,เทศบาลเมืองท่าโขลง
องค์กรปกครองส่วนท้องถิ่น,เทศบาลเมืองคลองหลวง
องค์กรปกครองส่วนท้องถิ่น,เทศบาลนครรังสิต
องค์กรปกครองส่วนท้องถิ่น,เทศบาลเมืองบึงยี่โถ
องค์กรปกครองส่วนท้องถิ่น,เทศบาลตำบลธัญบุรี
องค์กรปกครองส่วนท้องถิ่น,เทศบาลเมืองสนั่นรักษ์
องค์กรปกครองส่วนท้องถิ่น,เทศบาลตำบลหนองเสือ
องค์กรปกครองส่วนท้องถิ่น,เทศบาลตำบลหนองสามวัง
องค์กรปกครองส่วนท้องถิ่น,เทศบาลตำบลระแหง
องค์กรปกครองส่วนท้องถิ่น,เทศบาลตำบลคูขวาง
องค์กรปกครองส่วนท้องถิ่น,เทศบาลตำบลคลองพระอุดม
องค์กรปกครองส่วนท้องถิ่น,เทศบาลเมืองคูคต
องค์กรปกครองส่วนท้องถิ่น,เทศบาลเมืองลำสามแก้ว
องค์กรปกครองส่วนท้องถิ่น,เทศบาลเมืองลาดสวาย
องค์กรปกครองส่วนท้องถิ่น,เทศบาลตำบลลำลูกกา
องค์กรปกครองส่วนท้องถิ่น,เทศบาลตำบลลำไทร
องค์กรปกครองส่วนท้องถิ่น,เทศบาลตำบลบางเตย
องค์กรปกครองส่วนท้องถิ่น,เทศบาลตำบลสามโคก
องค์กรปกครองส่วนท้องถิ่น,เทศบาลตำบลเชียงรากใหญ่
องค์กรปกครองส่วนท้องถิ่น,องค์การบริหารส่วนจังหวัดประจวบคีรีขันธ์
องค์กรปกครองส่วนท้องถิ่น,เทศบาลเมืองประจวบคีรีขันธ์
องค์กรปกครองส่วนท้องถิ่น,เทศบาลตำบลคลองวาฬ
องค์กรปกครองส่วนท้องถิ่น,เทศบาลตำบลกม.5
องค์กรปกครองส่วนท้องถิ่น,เทศบาลตำบลกุยบุรี
องค์กรปกครองส่วนท้องถิ่น,เทศบาลตำบลไร่ใหม่
องค์กรปกครองส่วนท้องถิ่น,เทศบาลตำบลทับสะแก
องค์กรปกครองส่วนท้องถิ่น,เทศบาลตำบลกำเนิดนพคุณ
องค์กรปกครองส่วนท้องถิ่น,เทศบาลตำบลร่อนทอง
องค์กรปกครองส่วนท้องถิ่น,เทศบาลตำบลบ้านกรูด
องค์กรปกครองส่วนท้องถิ่น,เทศบาลตำบลบางสะพานน้อย
องค์กรปกครองส่วนท้องถิ่น,เทศบาลตำบลปราณบุรี
องค์กรปกครองส่วนท้องถิ่น,เทศบาลตำบลเขาน้อย
องค์กรปกครองส่วนท้องถิ่น,เทศบาลตำบลปากน้ำปราณ
องค์กรปกครองส่วนท้องถิ่น,เทศบาลตำบลหนองพลับ
องค์กรปกครองส่วนท้องถิ่น,เทศบาลตำบลไร่เก่า
องค์กรปกครองส่วนท้องถิ่น,องค์การบริหารส่วนจังหวัดปราจีนบุรี
องค์กรปกครองส่วนท้องถิ่น,เทศบาลเมืองปราจีนบุรี
องค์กรปกครองส่วนท้องถิ่น,เทศบาลตำบลบ้านนาปรือ
องค์กรปกครองส่วนท้องถิ่น,เทศบาลตำบลโคกมะกอก
องค์กรปกครองส่วนท้องถิ่น,เทศบาลตำบลกบินทร์
องค์กรปกครองส่วนท้องถิ่น,เทศบาลตำบลสระบัว
องค์กรปกครองส่วนท้องถิ่น,เทศบาลเมืองหนองกี่
องค์กรปกครองส่วนท้องถิ่น,เทศบาลตำบลนาดี
องค์กรปกครองส่วนท้องถิ่น,เทศบาลตำบลบ้านสร้าง
องค์กรปกครองส่วนท้องถิ่น,เทศบาลตำบลประจันตคาม
องค์กรปกครองส่วนท้องถิ่น,เทศบาลตำบลโพธิ์งาม
องค์กรปกครองส่วนท้องถิ่น,เทศบาลตำบลศรีมหาโพธิ
องค์กรปกครองส่วนท้องถิ่น,เทศบาลตำบลกรอกสมบูรณ์
องค์กรปกครองส่วนท้องถิ่น,เทศบาลตำบลโคกปีบ
องค์กรปกครองส่วนท้องถิ่น,องค์การบริหารส่วนจังหวัดปัตตานี
องค์กรปกครองส่วนท้องถิ่น,เทศบาลเมืองปัตตานี
องค์กรปกครองส่วนท้องถิ่น,เทศบาลเมืองรูสะมิแล
องค์กรปกครองส่วนท้องถิ่น,เทศบาลตำบลโคกโพธิ์
องค์กรปกครองส่วนท้องถิ่น,เทศบาลตำบลมะกรูด
องค์กรปกครองส่วนท้องถิ่น,เทศบาลตำบลนาประดู่
องค์กรปกครองส่วนท้องถิ่น,เทศบาลตำบลหนองจิก
องค์กรปกครองส่วนท้องถิ่น,เทศบาลตำบลปะนาเระ
องค์กรปกครองส่วนท้องถิ่น,เทศบาลตำบลพ่อมิ่ง
องค์กรปกครองส่วนท้องถิ่น,เทศบาลตำบลมายอ
องค์กรปกครองส่วนท้องถิ่น,เทศบาลเมืองตะลุบัน
องค์กรปกครองส่วนท้องถิ่น,เทศบาลตำบลเตราะบอน
องค์กรปกครองส่วนท้องถิ่น,เทศบาลตำบลตอหลัง
องค์กรปกครองส่วนท้องถิ่น,เทศบาลตำบลยะหริ่ง
องค์กรปกครองส่วนท้องถิ่น,เทศบาลตำบลบางปู
องค์กรปกครองส่วนท้องถิ่น,เทศบาลตำบลตันหยง
องค์กรปกครองส่วนท้องถิ่น,เทศบาลตำบลยะรัง
องค์กรปกครองส่วนท้องถิ่น,เทศบาลนครพระนครศรีอยุธยา
องค์กรปกครองส่วนท้องถิ่น,เทศบาลเมืองอโยธยา
องค์กรปกครองส่วนท้องถิ่น,องค์การบริหารส่วนจังหวัดพระนครศรีอยุธยา
องค์กรปกครองส่วนท้องถิ่น,เทศบาลตำบลนครหลวง
องค์กรปกครองส่วนท้องถิ่น,เทศบาลตำบลอรัญญิก
องค์กรปกครองส่วนท้องถิ่น,เทศบาลเมืองบางไทร
องค์กรปกครองส่วนท้องถิ่น,เทศบาลตำบลราชคราม
องค์กรปกครองส่วนท้องถิ่น,เทศบาลตำบลมหาพราหมณ์
องค์กรปกครองส่วนท้องถิ่น,เทศบาลตำบลบางบาล
องค์กรปกครองส่วนท้องถิ่น,เทศบาลตำบลบางปะอิน
องค์กรปกครองส่วนท้องถิ่น,เทศบาลตำบลปราสาททอง
องค์กรปกครองส่วนท้องถิ่น,เทศบาลตำบลพระอินทราชา
องค์กรปกครองส่วนท้องถิ่น,เทศบาลตำบลเชียงรากน้อย
องค์กรปกครองส่วนท้องถิ่น,เทศบาลเมืองบ้านกรด
องค์กรปกครองส่วนท้องถิ่น,เทศบาลตำบลบางกระสั้น
องค์กรปกครองส่วนท้องถิ่น,เทศบาลตำบลคลองจิก
องค์กรปกครองส่วนท้องถิ่น,เทศบาลเมืองบ้านสร้าง
องค์กรปกครองส่วนท้องถิ่น,เทศบาลตำบลตลาดเกรียบ
องค์กรปกครองส่วนท้องถิ่น,เทศบาลตำบลบางปะหัน
องค์กรปกครองส่วนท้องถิ่น,เทศบาลเมืองผักไห่
องค์กรปกครองส่วนท้องถิ่น,เทศบาลตำบลลาดชะโด
องค์กรปกครองส่วนท้องถิ่น,เทศบาลตำบลภาชี
องค์กรปกครองส่วนท้องถิ่น,เทศบาลตำบลลาดบัวหลวง
องค์กรปกครองส่วนท้องถิ่น,เทศบาลตำบลสามเมือง
องค์กรปกครองส่วนท้องถิ่น,เทศบาลเมืองลำตาเสา
องค์กรปกครองส่วนท้องถิ่น,เทศบาลเมืองเสนา
องค์กรปกครองส่วนท้องถิ่น,เทศบาลตำบลสามกอ
องค์กรปกครองส่วนท้องถิ่น,เทศบาลตำบลบางนมโค
องค์กรปกครองส่วนท้องถิ่น,เทศบาลตำบลหัวเวียง
องค์กรปกครองส่วนท้องถิ่น,เทศบาลตำบลบางซ้าย
องค์กรปกครองส่วนท้องถิ่น,เทศบาลตำบลอุทัย
องค์กรปกครองส่วนท้องถิ่น,เทศบาลตำบลมหาราช
องค์กรปกครองส่วนท้องถิ่น,เทศบาลตำบลบ้านแพรก
องค์กรปกครองส่วนท้องถิ่น,เทศบาลเมืองพะเยา
องค์กรปกครองส่วนท้องถิ่น,เทศบาลตำบลบ้านต๊ำ
องค์กรปกครองส่วนท้องถิ่น,องค์การบริหารส่วนจังหวัดพะเยา
องค์กรปกครองส่วนท้องถิ่น,เทศบาลตำบลบ้านต๋อม
องค์กรปกครองส่วนท้องถิ่น,เทศบาลตำบลแม่ปืม
องค์กรปกครองส่วนท้องถิ่น,เทศบาลตำบลแม่กา
องค์กรปกครองส่วนท้องถิ่น,เทศบาลตำบลท่าวังทอง
องค์กรปกครองส่วนท้องถิ่น,เทศบาลตำบลบ้านสาง
องค์กรปกครองส่วนท้องถิ่น,เทศบาลตำบลท่าจำปี
องค์กรปกครองส่วนท้องถิ่น,เทศบาลตำบลสันป่าม่วง
องค์กรปกครองส่วนท้องถิ่น,เทศบาลตำบลห้วยข้าวก่ำ
องค์กรปกครองส่วนท้องถิ่น,เทศบาลตำบลจุน
องค์กรปกครองส่วนท้องถิ่น,เทศบาลตำบลเวียงลอ
องค์กรปกครองส่วนท้องถิ่น,เทศบาลตำบลหงส์หิน
องค์กรปกครองส่วนท้องถิ่น,เทศบาลตำบลทุ่งรวงทอง
องค์กรปกครองส่วนท้องถิ่น,เทศบาลตำบลหย่วน
องค์กรปกครองส่วนท้องถิ่น,เทศบาลตำบลเชียงคำ
องค์กรปกครองส่วนท้องถิ่น,เทศบาลตำบลฝายกวาง
องค์กรปกครองส่วนท้องถิ่น,เทศบาลตำบลเชียงม่วน
องค์กรปกครองส่วนท้องถิ่น,เทศบาลเมืองดอกคำใต้
องค์กรปกครองส่วนท้องถิ่น,เทศบาลตำบลบ้านถ้ำ
องค์กรปกครองส่วนท้องถิ่น,เทศบาลตำบลห้วยลาน
องค์กรปกครองส่วนท้องถิ่น,เทศบาลตำบลหนองหล่ม
องค์กรปกครองส่วนท้องถิ่น,เทศบาลตำบลปง
องค์กรปกครองส่วนท้องถิ่น,เทศบาลตำบลแม่ยม
องค์กรปกครองส่วนท้องถิ่น,เทศบาลตำบลงิม
องค์กรปกครองส่วนท้องถิ่น,เทศบาลตำบลรวมใจพัฒนา
องค์กรปกครองส่วนท้องถิ่น,เทศบาลตำบลแม่ใจ
องค์กรปกครองส่วนท้องถิ่น,เทศบาลตำบลศรีถ้อย
องค์กรปกครองส่วนท้องถิ่น,เทศบาลตำบลป่าแฝก
องค์กรปกครองส่วนท้องถิ่น,เทศบาลตำบลเจริญราษฎร์
องค์กรปกครองส่วนท้องถิ่น,เทศบาลตำบลสบบง
องค์กรปกครองส่วนท้องถิ่น,เทศบาลตำบลดงเจน
องค์กรปกครองส่วนท้องถิ่น,องค์การบริหารส่วนจังหวัดพังงา
องค์กรปกครองส่วนท้องถิ่น,เทศบาลเมืองพังงา
องค์กรปกครองส่วนท้องถิ่น,เทศบาลตำบลเกาะยาว
องค์กรปกครองส่วนท้องถิ่น,เทศบาลตำบลเกาะยาวใหญ่
องค์กรปกครองส่วนท้องถิ่น,เทศบาลตำบลพรุใน
องค์กรปกครองส่วนท้องถิ่น,เทศบาลตำบลท่านา
องค์กรปกครองส่วนท้องถิ่น,เทศบาลตำบลกระโสม
องค์กรปกครองส่วนท้องถิ่น,เทศบาลเมืองโคกกลอย
องค์กรปกครองส่วนท้องถิ่น,เทศบาลเมืองตะกั่วป่า
องค์กรปกครองส่วนท้องถิ่น,เทศบาลตำบลบางนายสี
องค์กรปกครองส่วนท้องถิ่น,เทศบาลตำบลคึกคัก
องค์กรปกครองส่วนท้องถิ่น,เทศบาลตำบลคุระบุรี
องค์กรปกครองส่วนท้องถิ่น,เทศบาลตำบลทับปุด
องค์กรปกครองส่วนท้องถิ่น,เทศบาลตำบลท้ายเหมือง
องค์กรปกครองส่วนท้องถิ่น,เทศบาลตำบลลำแก่น
องค์กรปกครองส่วนท้องถิ่น,องค์การบริหารส่วนจังหวัดพัทลุง
องค์กรปกครองส่วนท้องถิ่น,เทศบาลเมืองพัทลุง
องค์กรปกครองส่วนท้องถิ่น,เทศบาลตำบลเขาเจียก
องค์กรปกครองส่วนท้องถิ่น,เทศบาลตำบลท่ามิหรำ
องค์กรปกครองส่วนท้องถิ่น,เทศบาลตำบลโคกชะงาย
องค์กรปกครองส่วนท้องถิ่น,เทศบาลตำบลนาท่อม
องค์กรปกครองส่วนท้องถิ่น,เทศบาลตำบลปรางหมู่
องค์กรปกครองส่วนท้องถิ่น,เทศบาลตำบลท่าแค
องค์กรปกครองส่วนท้องถิ่น,เทศบาลตำบลตำนาน
องค์กรปกครองส่วนท้องถิ่น,เทศบาลตำบลร่มเมือง
องค์กรปกครองส่วนท้องถิ่น,เทศบาลตำบลนาโหนด
องค์กรปกครองส่วนท้องถิ่น,เทศบาลตำบลพญาขัน
องค์กรปกครองส่วนท้องถิ่น,เทศบาลตำบลกงหรา
องค์กรปกครองส่วนท้องถิ่น,เทศบาลตำบลชะรัด
องค์กรปกครองส่วนท้องถิ่น,เทศบาลตำบลคลองทรายขาว
องค์กรปกครองส่วนท้องถิ่น,เทศบาลตำบลสมหวัง
องค์กรปกครองส่วนท้องถิ่น,เทศบาลตำบลเขาชัยสน
องค์กรปกครองส่วนท้องถิ่น,เทศบาลตำบลจองถนน
องค์กรปกครองส่วนท้องถิ่น,เทศบาลตำบลโคกม่วง
องค์กรปกครองส่วนท้องถิ่น,เทศบาลตำบลควนเสาธง
องค์กรปกครองส่วนท้องถิ่น,เทศบาลตำบลแม่ขรี
องค์กรปกครองส่วนท้องถิ่น,เทศบาลตำบลตะโหมด
องค์กรปกครองส่วนท้องถิ่น,เทศบาลตำบลเขาหัวช้าง
องค์กรปกครองส่วนท้องถิ่น,เทศบาลตำบลควนขนุน
องค์กรปกครองส่วนท้องถิ่น,เทศบาลตำบลหนองพ้อ
องค์กรปกครองส่วนท้องถิ่น,เทศบาลตำบลทะเลน้อย
องค์กรปกครองส่วนท้องถิ่น,เทศบาลตำบลนาขยาด
องค์กรปกครองส่วนท้องถิ่น,เทศบาลตำบลแหลมโตนด
องค์กรปกครองส่วนท้องถิ่น,เทศบาลตำบลโตนดด้วน
องค์กรปกครองส่วนท้องถิ่น,เทศบาลตำบลดอนทราย
องค์กรปกครองส่วนท้องถิ่น,เทศบาลตำบลบ้านสวน
องค์กรปกครองส่วนท้องถิ่น,เทศบาลตำบลมะกอกเหนือ
องค์กรปกครองส่วนท้องถิ่น,เทศบาลตำบลพนางตุง
องค์กรปกครองส่วนท้องถิ่น,เทศบาลตำบลแพรกหา
องค์กรปกครองส่วนท้องถิ่น,เทศบาลตำบลปากพะยูน
องค์กรปกครองส่วนท้องถิ่น,เทศบาลตำบลอ่าวพะยูน
องค์กรปกครองส่วนท้องถิ่น,เทศบาลตำบลดอนประดู่
องค์กรปกครองส่วนท้องถิ่น,เทศบาลตำบลเกาะนางคำ
องค์กรปกครองส่วนท้องถิ่น,เทศบาลตำบลหารเทา
องค์กรปกครองส่วนท้องถิ่น,เทศบาลตำบลป่าบอน
องค์กรปกครองส่วนท้องถิ่น,เทศบาลตำบลท่ามะเดื่อ
องค์กรปกครองส่วนท้องถิ่น,เทศบาลตำบลบางแก้ว
องค์กรปกครองส่วนท้องถิ่น,เทศบาลตำบลลานข่อย
องค์กรปกครองส่วนท้องถิ่น,เทศบาลตำบลบ้านพร้าว
องค์กรปกครองส่วนท้องถิ่น,เทศบาลตำบลชุมพล
องค์กรปกครองส่วนท้องถิ่น,เทศบาลตำบลอ่างทอง
องค์กรปกครองส่วนท้องถิ่น,เทศบาลตำบลลำสินธุ์
องค์กรปกครองส่วนท้องถิ่น,องค์การบริหารส่วนจังหวัดพิจิตร
องค์กรปกครองส่วนท้องถิ่น,เทศบาลเมืองพิจิตร
องค์กรปกครองส่วนท้องถิ่น,เทศบาลตำบลท่าฬ่อ
องค์กรปกครองส่วนท้องถิ่น,เทศบาลตำบลวังกรด
องค์กรปกครองส่วนท้องถิ่น,เทศบาลตำบลดงป่าคำ
องค์กรปกครองส่วนท้องถิ่น,เทศบาลตำบลหัวดง
องค์กรปกครองส่วนท้องถิ่น,เทศบาลตำบลวังทรายพูน
องค์กรปกครองส่วนท้องถิ่น,เทศบาลตำบลหนองปล้อง
องค์กรปกครองส่วนท้องถิ่น,เทศบาลตำบลโพธิ์ประทับช้าง
องค์กรปกครองส่วนท้องถิ่น,เทศบาลตำบลไผ่รอบ
องค์กรปกครองส่วนท้องถิ่น,เทศบาลเมืองตะพานหิน
องค์กรปกครองส่วนท้องถิ่น,เทศบาลตำบลหนองพยอม
องค์กรปกครองส่วนท้องถิ่น,เทศบาลเมืองบางมูลนาก
องค์กรปกครองส่วนท้องถิ่น,เทศบาลตำบลบางไผ่
องค์กรปกครองส่วนท้องถิ่น,เทศบาลตำบลหอไกร
องค์กรปกครองส่วนท้องถิ่น,เทศบาลตำบลเนินมะกอก
องค์กรปกครองส่วนท้องถิ่น,เทศบาลตำบลวังตะกู
องค์กรปกครองส่วนท้องถิ่น,เทศบาลตำบลโพทะเล
องค์กรปกครองส่วนท้องถิ่น,เทศบาลตำบลทุ่งน้อย
องค์กรปกครองส่วนท้องถิ่น,เทศบาลตำบลท่าเสา
องค์กรปกครองส่วนท้องถิ่น,เทศบาลตำบลบางคลาน
องค์กรปกครองส่วนท้องถิ่น,เทศบาลตำบลกำแพงดิน
องค์กรปกครองส่วนท้องถิ่น,เทศบาลตำบลเนินปอ
องค์กรปกครองส่วนท้องถิ่น,เทศบาลตำบลทับคล้อ
องค์กรปกครองส่วนท้องถิ่น,เทศบาลตำบลเขาทราย
องค์กรปกครองส่วนท้องถิ่น,เทศบาลตำบลสากเหล็ก
องค์กรปกครองส่วนท้องถิ่น,เทศบาลตำบลวังบงค์
องค์กรปกครองส่วนท้องถิ่น,เทศบาลตำบลสำนักขุนเณร
องค์กรปกครองส่วนท้องถิ่น,องค์การบริหารส่วนจังหวัดพิษณุโลก
องค์กรปกครองส่วนท้องถิ่น,เทศบาลนครพิษณุโลก
องค์กรปกครองส่วนท้องถิ่น,เทศบาลตำบลท่าทอง
องค์กรปกครองส่วนท้องถิ่น,เทศบาลตำบลหัวรอ
องค์กรปกครองส่วนท้องถิ่น,เทศบาลตำบลบ้านคลอง
องค์กรปกครองส่วนท้องถิ่น,เทศบาลตำบลพลายชุมพล
องค์กรปกครองส่วนท้องถิ่น,เทศบาลเมืองอรัญญิก
องค์กรปกครองส่วนท้องถิ่น,เทศบาลตำบลนครไทย
องค์กรปกครองส่วนท้องถิ่น,เทศบาลตำบลบ้านแยง
องค์กรปกครองส่วนท้องถิ่น,เทศบาลตำบลป่าแดง
องค์กรปกครองส่วนท้องถิ่น,เทศบาลตำบลบางระกำ
องค์กรปกครองส่วนท้องถิ่น,เทศบาลตำบลบางระกำเมืองใหม่
องค์กรปกครองส่วนท้องถิ่น,เทศบาลตำบลบึงระมาณ
องค์กรปกครองส่วนท้องถิ่น,เทศบาลตำบลปลักแรด
องค์กรปกครองส่วนท้องถิ่น,เทศบาลตำบลพันเสา
องค์กรปกครองส่วนท้องถิ่น,เทศบาลตำบลบางกระทุ่ม
องค์กรปกครองส่วนท้องถิ่น,เทศบาลตำบลห้วยแก้ว
องค์กรปกครองส่วนท้องถิ่น,เทศบาลตำบลสนามคลี
องค์กรปกครองส่วนท้องถิ่น,เทศบาลตำบลเนินกุ่ม
องค์กรปกครองส่วนท้องถิ่น,เทศบาลตำบลพรหมพิราม
องค์กรปกครองส่วนท้องถิ่น,เทศบาลตำบลวงฆ้อง
องค์กรปกครองส่วนท้องถิ่น,เทศบาลตำบลวัดโบสถ์
องค์กรปกครองส่วนท้องถิ่น,เทศบาลตำบลวังทอง
องค์กรปกครองส่วนท้องถิ่น,เทศบาลตำบลบ้านมุง
องค์กรปกครองส่วนท้องถิ่น,เทศบาลตำบลไทรย้อย
องค์กรปกครองส่วนท้องถิ่น,เทศบาลตำบลเนินมะปราง
องค์กรปกครองส่วนท้องถิ่น,องค์การบริหารส่วนจังหวัดเพชรบุรี
องค์กรปกครองส่วนท้องถิ่น,เทศบาลเมืองเพชรบุรี
องค์กรปกครองส่วนท้องถิ่น,เทศบาลตำบลหาดเจ้าสำราญ
องค์กรปกครองส่วนท้องถิ่น,เทศบาลตำบลหัวสะพาน
องค์กรปกครองส่วนท้องถิ่น,เทศบาลตำบลหนองขนาน
องค์กรปกครองส่วนท้องถิ่น,เทศบาลตำบลเขาย้อย
องค์กรปกครองส่วนท้องถิ่น,เทศบาลเมืองชะอำ
องค์กรปกครองส่วนท้องถิ่น,เทศบาลตำบลบางเก่า
องค์กรปกครองส่วนท้องถิ่น,เทศบาลตำบลนายาง
องค์กรปกครองส่วนท้องถิ่น,เทศบาลตำบลหนองจอก
องค์กรปกครองส่วนท้องถิ่น,เทศบาลตำบลท่าไม้รวก
องค์กรปกครองส่วนท้องถิ่น,เทศบาลตำบลท่าแลง
องค์กรปกครองส่วนท้องถิ่น,เทศบาลตำบลบ้านลาด
องค์กรปกครองส่วนท้องถิ่น,เทศบาลตำบลบ้านแหลม
องค์กรปกครองส่วนท้องถิ่น,เทศบาลตำบลบางตะบูน
องค์กรปกครองส่วนท้องถิ่น,เทศบาลเมืองเพชรบูรณ์
องค์กรปกครองส่วนท้องถิ่น,องค์การบริหารส่วนจังหวัดเพชรบูรณ์
องค์กรปกครองส่วนท้องถิ่น,เทศบาลตำบลนางั่ว
องค์กรปกครองส่วนท้องถิ่น,เทศบาลตำบลท่าพล
องค์กรปกครองส่วนท้องถิ่น,เทศบาลตำบลวังชมภู
องค์กรปกครองส่วนท้องถิ่น,เทศบาลตำบลชนแดน
องค์กรปกครองส่วนท้องถิ่น,เทศบาลตำบลดงขุย
องค์กรปกครองส่วนท้องถิ่น,เทศบาลตำบลศาลาลาย
องค์กรปกครองส่วนท้องถิ่น,เทศบาลเมืองหล่มสัก
องค์กรปกครองส่วนท้องถิ่น,เทศบาลตำบลตาลเดี่ยว
องค์กรปกครองส่วนท้องถิ่น,เทศบาลตำบลหล่มเก่า
องค์กรปกครองส่วนท้องถิ่น,เทศบาลเมืองวิเชียรบุรี
องค์กรปกครองส่วนท้องถิ่น,เทศบาลตำบลพุเตย
องค์กรปกครองส่วนท้องถิ่น,เทศบาลตำบลสว่างวัฒนา
องค์กรปกครองส่วนท้องถิ่น,เทศบาลตำบลเฉลียงทอง
องค์กรปกครองส่วนท้องถิ่น,เทศบาลตำบลบ้านโภชน์
องค์กรปกครองส่วนท้องถิ่น,เทศบาลตำบลบ่อไทย
องค์กรปกครองส่วนท้องถิ่น,เทศบาลตำบลบัววัฒนา
องค์กรปกครองส่วนท้องถิ่น,เทศบาลตำบลนาเฉลียง
องค์กรปกครองส่วนท้องถิ่น,เทศบาลตำบลซับสมอทอด
องค์กรปกครองส่วนท้องถิ่น,เทศบาลตำบลวังโป่ง
องค์กรปกครองส่วนท้องถิ่น,เทศบาลตำบลท้ายดง
องค์กรปกครองส่วนท้องถิ่น,เทศบาลตำบลแคมป์สน
องค์กรปกครองส่วนท้องถิ่น,องค์การบริหารส่วนจังหวัดแพร่
องค์กรปกครองส่วนท้องถิ่น,เทศบาลเมืองแพร่
องค์กรปกครองส่วนท้องถิ่น,เทศบาลตำบลช่อแฮ
องค์กรปกครองส่วนท้องถิ่น,เทศบาลตำบลทุ่งโฮ้ง
องค์กรปกครองส่วนท้องถิ่น,เทศบาลตำบลแม่หล่าย
องค์กรปกครองส่วนท้องถิ่น,เทศบาลตำบลป่าแมต
องค์กรปกครองส่วนท้องถิ่น,เทศบาลตำบลบ้านถิ่น
องค์กรปกครองส่วนท้องถิ่น,เทศบาลตำบลสวนเขื่อน
องค์กรปกครองส่วนท้องถิ่น,เทศบาลตำบลวังหงส์
องค์กรปกครองส่วนท้องถิ่น,เทศบาลตำบลแม่คำมี
องค์กรปกครองส่วนท้องถิ่น,เทศบาลตำบลทุ่งกวาว
องค์กรปกครองส่วนท้องถิ่น,เทศบาลตำบลร้องกวาง
องค์กรปกครองส่วนท้องถิ่น,เทศบาลตำบลบ้านเวียง
องค์กรปกครองส่วนท้องถิ่น,เทศบาลตำบลห้วยอ้อ
องค์กรปกครองส่วนท้องถิ่น,เทศบาลตำบลแม่ลานนา
องค์กรปกครองส่วนท้องถิ่น,เทศบาลตำบลบ้านปิน
องค์กรปกครองส่วนท้องถิ่น,เทศบาลตำบลเวียงต้า
องค์กรปกครองส่วนท้องถิ่น,เทศบาลตำบลปากกาง
องค์กรปกครองส่วนท้องถิ่น,เทศบาลตำบลแม่ปาน
องค์กรปกครองส่วนท้องถิ่น,เทศบาลตำบลสูงเม่น
องค์กรปกครองส่วนท้องถิ่น,เทศบาลตำบลเด่นชัย
องค์กรปกครองส่วนท้องถิ่น,เทศบาลตำบลแม่จั๊วะ
องค์กรปกครองส่วนท้องถิ่น,เทศบาลตำบลปงป่าหวาย
องค์กรปกครองส่วนท้องถิ่น,เทศบาลตำบลสอง
องค์กรปกครองส่วนท้องถิ่น,เทศบาลตำบลห้วยหม้าย
องค์กรปกครองส่วนท้องถิ่น,เทศบาลตำบลวังชิ้น
องค์กรปกครองส่วนท้องถิ่น,เทศบาลตำบลหนองม่วงไข่
องค์กรปกครองส่วนท้องถิ่น,องค์การบริหารส่วนจังหวัดภูเก็ต
องค์กรปกครองส่วนท้องถิ่น,เทศบาลนครภูเก็ต
องค์กรปกครองส่วนท้องถิ่น,เทศบาลตำบลรัษฎา
องค์กรปกครองส่วนท้องถิ่น,เทศบาลตำบลวิชิต
องค์กรปกครองส่วนท้องถิ่น,เทศบาลตำบลฉลอง
องค์กรปกครองส่วนท้องถิ่น,เทศบาลตำบลราไวย์
องค์กรปกครองส่วนท้องถิ่น,เทศบาลตำบลกะรน
องค์กรปกครองส่วนท้องถิ่น,เทศบาลเมืองกะทู้
องค์กรปกครองส่วนท้องถิ่น,เทศบาลเมืองป่าตอง
องค์กรปกครองส่วนท้องถิ่น,เทศบาลตำบลเทพกระษัตรี
องค์กรปกครองส่วนท้องถิ่น,เทศบาลตำบลศรีสุนทร
องค์กรปกครองส่วนท้องถิ่น,เทศบาลตำบลเชิงทะเล
องค์กรปกครองส่วนท้องถิ่น,เทศบาลตำบลป่าคลอก
องค์กรปกครองส่วนท้องถิ่น,องค์การบริหารส่วนจังหวัดมหาสารคาม
องค์กรปกครองส่วนท้องถิ่น,เทศบาลเมืองมหาสารคาม
องค์กรปกครองส่วนท้องถิ่น,เทศบาลตำบลแวงน่าง
องค์กรปกครองส่วนท้องถิ่น,เทศบาลตำบลแกดำ
องค์กรปกครองส่วนท้องถิ่น,เทศบาลตำบลมิตรภาพ
องค์กรปกครองส่วนท้องถิ่น,เทศบาลตำบลโกสุมพิสัย
องค์กรปกครองส่วนท้องถิ่น,เทศบาลตำบลกันทรวิชัย
องค์กรปกครองส่วนท้องถิ่น,เทศบาลตำบลท่าขอนยาง
องค์กรปกครองส่วนท้องถิ่น,เทศบาลตำบลขามเรียง
องค์กรปกครองส่วนท้องถิ่น,เทศบาลตำบลเชียงยืน
องค์กรปกครองส่วนท้องถิ่น,เทศบาลตำบลบรบือ
องค์กรปกครองส่วนท้องถิ่น,เทศบาลตำบลนาเชือก
องค์กรปกครองส่วนท้องถิ่น,เทศบาลตำบลพยัคฆภูมิพิสัย
องค์กรปกครองส่วนท้องถิ่น,เทศบาลตำบลวาปีปทุม
องค์กรปกครองส่วนท้องถิ่น,เทศบาลตำบลนาดูน
องค์กรปกครองส่วนท้องถิ่น,เทศบาลตำบลกุดปลาดุก
องค์กรปกครองส่วนท้องถิ่น,เทศบาลตำบลหนองกุง
องค์กรปกครองส่วนท้องถิ่น,องค์การบริหารส่วนจังหวัดมุกดาหาร
องค์กรปกครองส่วนท้องถิ่น,เทศบาลเมืองมุกดาหาร
องค์กรปกครองส่วนท้องถิ่น,เทศบาลตำบลมุก
องค์กรปกครองส่วนท้องถิ่น,เทศบาลตำบลบางทรายใหญ่
องค์กรปกครองส่วนท้องถิ่น,เทศบาลตำบลโพนทราย
องค์กรปกครองส่วนท้องถิ่น,เทศบาลตำบลผึ่งแดด
องค์กรปกครองส่วนท้องถิ่น,เทศบาลตำบลนาโสก
องค์กรปกครองส่วนท้องถิ่น,เทศบาลตำบลนาสีนวน
องค์กรปกครองส่วนท้องถิ่น,เทศบาลตำบลคำป่าหลาย
องค์กรปกครองส่วนท้องถิ่น,เทศบาลตำบลคำอาฮวน
องค์กรปกครองส่วนท้องถิ่น,เทศบาลตำบลดงเย็น
องค์กรปกครองส่วนท้องถิ่น,เทศบาลตำบลดงมอน
องค์กรปกครองส่วนท้องถิ่น,เทศบาลตำบลนิคมคำสร้อย
องค์กรปกครองส่วนท้องถิ่น,เทศบาลตำบลร่มเกล้า
องค์กรปกครองส่วนท้องถิ่น,เทศบาลตำบลดอนตาล
องค์กรปกครองส่วนท้องถิ่น,เทศบาลตำบลดอนตาลผาสุก
องค์กรปกครองส่วนท้องถิ่น,เทศบาลตำบลดงหลวง
องค์กรปกครองส่วนท้องถิ่น,เทศบาลตำบลกกตูม
องค์กรปกครองส่วนท้องถิ่น,เทศบาลตำบลหนองแคน
องค์กรปกครองส่วนท้องถิ่น,เทศบาลตำบลคำชะอี
องค์กรปกครองส่วนท้องถิ่น,เทศบาลตำบลหว้านใหญ่
องค์กรปกครองส่วนท้องถิ่น,เทศบาลตำบลชะโนด
องค์กรปกครองส่วนท้องถิ่น,เทศบาลตำบลภูวง
องค์กรปกครองส่วนท้องถิ่น,เทศบาลตำบลหนองสูงเหนือ
องค์กรปกครองส่วนท้องถิ่น,องค์การบริหารส่วนจังหวัดแม่ฮ่องสอน
องค์กรปกครองส่วนท้องถิ่น,เทศบาลเมืองแม่ฮ่องสอน
องค์กรปกครองส่วนท้องถิ่น,เทศบาลตำบลขุนยวม
องค์กรปกครองส่วนท้องถิ่น,เทศบาลตำบลปาย
องค์กรปกครองส่วนท้องถิ่น,เทศบาลตำบลเมืองยวมใต้
องค์กรปกครองส่วนท้องถิ่น,เทศบาลตำบลแม่สะเรียง
องค์กรปกครองส่วนท้องถิ่น,เทศบาลตำบลแม่ยวม
องค์กรปกครองส่วนท้องถิ่น,เทศบาลตำบลแม่ลาน้อย
องค์กรปกครองส่วนท้องถิ่น,องค์การบริหารส่วนจังหวัดยโสธร
องค์กรปกครองส่วนท้องถิ่น,เทศบาลเมืองยโสธร
องค์กรปกครองส่วนท้องถิ่น,เทศบาลตำบลน้ำคำใหญ่
องค์กรปกครองส่วนท้องถิ่น,เทศบาลตำบลตาดทอง
องค์กรปกครองส่วนท้องถิ่น,เทศบาลตำบลเดิด
องค์กรปกครองส่วนท้องถิ่น,เทศบาลตำบลทุ่งแต้
องค์กรปกครองส่วนท้องถิ่น,เทศบาลตำบลทรายมูล
องค์กรปกครองส่วนท้องถิ่น,เทศบาลตำบลนาเวียง
องค์กรปกครองส่วนท้องถิ่น,เทศบาลตำบลกุดชุมพัฒนา
องค์กรปกครองส่วนท้องถิ่น,เทศบาลตำบลคำเขื่อนแก้ว
องค์กรปกครองส่วนท้องถิ่น,เทศบาลตำบลดงแคนใหญ่
องค์กรปกครองส่วนท้องถิ่น,เทศบาลตำบลป่าติ้ว
องค์กรปกครองส่วนท้องถิ่น,เทศบาลตำบลฟ้าหยาด
องค์กรปกครองส่วนท้องถิ่น,เทศบาลตำบลค้อวัง
องค์กรปกครองส่วนท้องถิ่น,เทศบาลตำบลบุ่งค้า
องค์กรปกครองส่วนท้องถิ่น,เทศบาลตำบลสวาท
องค์กรปกครองส่วนท้องถิ่น,เทศบาลตำบลเลิงนกทา
องค์กรปกครองส่วนท้องถิ่น,เทศบาลตำบลห้องแซง
องค์กรปกครองส่วนท้องถิ่น,เทศบาลตำบลสามัคคี
องค์กรปกครองส่วนท้องถิ่น,เทศบาลตำบลกุดเชียงหมี
องค์กรปกครองส่วนท้องถิ่น,เทศบาลตำบลสามแยก
องค์กรปกครองส่วนท้องถิ่น,เทศบาลตำบลกุดแห่
องค์กรปกครองส่วนท้องถิ่น,เทศบาลตำบลศรีแก้ว
องค์กรปกครองส่วนท้องถิ่น,เทศบาลตำบลคำเตย
องค์กรปกครองส่วนท้องถิ่น,องค์การบริหารส่วนจังหวัดยะลา
องค์กรปกครองส่วนท้องถิ่น,เทศบาลนครยะลา
องค์กรปกครองส่วนท้องถิ่น,เทศบาลตำบลบุดี
องค์กรปกครองส่วนท้องถิ่น,เทศบาลตำบลยุโป
องค์กรปกครองส่วนท้องถิ่น,เทศบาลตำบลท่าสาป
องค์กรปกครองส่วนท้องถิ่น,เทศบาลตำบลลำใหม่
องค์กรปกครองส่วนท้องถิ่น,เทศบาลเมืองสะเตงนอก
องค์กรปกครองส่วนท้องถิ่น,เทศบาลเมืองเบตง
องค์กรปกครองส่วนท้องถิ่น,เทศบาลตำบลธารน้ำทิพย์
องค์กรปกครองส่วนท้องถิ่น,เทศบาลตำบลบันนังสตา
องค์กรปกครองส่วนท้องถิ่น,เทศบาลตำบลเขื่อนบางลาง
องค์กรปกครองส่วนท้องถิ่น,เทศบาลตำบลคอกช้าง
องค์กรปกครองส่วนท้องถิ่น,เทศบาลตำบลยะหา
องค์กรปกครองส่วนท้องถิ่น,เทศบาลตำบลปะแต
องค์กรปกครองส่วนท้องถิ่น,เทศบาลตำบลเมืองรามันห์
องค์กรปกครองส่วนท้องถิ่น,เทศบาลตำบลโกตาบารู
องค์กรปกครองส่วนท้องถิ่น,เทศบาลตำบลบาลอ
องค์กรปกครองส่วนท้องถิ่น,องค์การบริหารส่วนจังหวัดร้อยเอ็ด
องค์กรปกครองส่วนท้องถิ่น,เทศบาลเมืองร้อยเอ็ด
องค์กรปกครองส่วนท้องถิ่น,เทศบาลตำบลสีแก้ว
องค์กรปกครองส่วนท้องถิ่น,เทศบาลตำบลปอภาร
องค์กรปกครองส่วนท้องถิ่น,เทศบาลตำบลโนนตาล
องค์กรปกครองส่วนท้องถิ่น,เทศบาลตำบลเกษตรวิสัย
องค์กรปกครองส่วนท้องถิ่น,เทศบาลตำบลเมืองบัว
องค์กรปกครองส่วนท้องถิ่น,เทศบาลตำบลกู่กาสิงห์
องค์กรปกครองส่วนท้องถิ่น,เทศบาลตำบลปทุมรัตต์
องค์กรปกครองส่วนท้องถิ่น,เทศบาลตำบลโพนสูง
องค์กรปกครองส่วนท้องถิ่น,เทศบาลตำบลโนนสวรรค์
องค์กรปกครองส่วนท้องถิ่น,เทศบาลตำบลจตุรพักตรพิมาน
องค์กรปกครองส่วนท้องถิ่น,เทศบาลตำบลหัวช้าง
องค์กรปกครองส่วนท้องถิ่น,เทศบาลตำบลหนองผือ
องค์กรปกครองส่วนท้องถิ่น,เทศบาลตำบลเมืองหงส์
องค์กรปกครองส่วนท้องถิ่น,เทศบาลตำบลโคกล่าม
องค์กรปกครองส่วนท้องถิ่น,เทศบาลตำบลดงแดง
องค์กรปกครองส่วนท้องถิ่น,เทศบาลตำบลลิ้นฟ้า
องค์กรปกครองส่วนท้องถิ่น,เทศบาลตำบลนิเวศน์
องค์กรปกครองส่วนท้องถิ่น,เทศบาลตำบลบ้านนิเวศน์
องค์กรปกครองส่วนท้องถิ่น,เทศบาลตำบลธงธานี
องค์กรปกครองส่วนท้องถิ่น,เทศบาลตำบลอุ่มเม้า
องค์กรปกครองส่วนท้องถิ่น,เทศบาลตำบลมะอึ
องค์กรปกครองส่วนท้องถิ่น,เทศบาลตำบลพนมไพร
องค์กรปกครองส่วนท้องถิ่น,เทศบาลตำบลโพธิ์ชัย
องค์กรปกครองส่วนท้องถิ่น,เทศบาลตำบลแวง
องค์กรปกครองส่วนท้องถิ่น,เทศบาลตำบลโคกกกม่วง
องค์กรปกครองส่วนท้องถิ่น,เทศบาลตำบลโพธิ์ทอง
องค์กรปกครองส่วนท้องถิ่น,เทศบาลตำบลโนนชัยศรี
องค์กรปกครองส่วนท้องถิ่น,เทศบาลตำบลชัยวารี
องค์กรปกครองส่วนท้องถิ่น,เทศบาลตำบลเชียงใหม่
องค์กรปกครองส่วนท้องถิ่น,เทศบาลตำบลอัคคะคำ
องค์กรปกครองส่วนท้องถิ่น,เทศบาลตำบลคำพอุง
องค์กรปกครองส่วนท้องถิ่น,เทศบาลตำบลหนองพอก
องค์กรปกครองส่วนท้องถิ่น,เทศบาลตำบลท่าสีดา
องค์กรปกครองส่วนท้องถิ่น,เทศบาลตำบลเสลภูมิ
องค์กรปกครองส่วนท้องถิ่น,เทศบาลตำบลเมืองไพร
องค์กรปกครองส่วนท้องถิ่น,เทศบาลตำบลนาแซง
องค์กรปกครองส่วนท้องถิ่น,เทศบาลตำบลนาเมือง
องค์กรปกครองส่วนท้องถิ่น,เทศบาลตำบลวังหลวง
องค์กรปกครองส่วนท้องถิ่น,เทศบาลตำบลขวาว
องค์กรปกครองส่วนท้องถิ่น,เทศบาลตำบลเกาะแก้ว
องค์กรปกครองส่วนท้องถิ่น,เทศบาลตำบลหนองหลวง
องค์กรปกครองส่วนท้องถิ่น,เทศบาลตำบลพรสวรรค์
องค์กรปกครองส่วนท้องถิ่น,เทศบาลตำบลสุวรรณภูมิ
องค์กรปกครองส่วนท้องถิ่น,เทศบาลตำบลดอกไม้
องค์กรปกครองส่วนท้องถิ่น,เทศบาลตำบลหินกอง
องค์กรปกครองส่วนท้องถิ่น,เทศบาลตำบลทุ่งกุลา
องค์กรปกครองส่วนท้องถิ่น,เทศบาลตำบลจำปาขัน
องค์กรปกครองส่วนท้องถิ่น,เทศบาลตำบลเมืองสรวง
องค์กรปกครองส่วนท้องถิ่น,เทศบาลตำบลกกกุง
องค์กรปกครองส่วนท้องถิ่น,เทศบาลตำบลสามขา
องค์กรปกครองส่วนท้องถิ่น,เทศบาลตำบลอาจสามารถ
องค์กรปกครองส่วนท้องถิ่น,เทศบาลตำบลโพนเมือง
องค์กรปกครองส่วนท้องถิ่น,เทศบาลตำบลเมยวดี
องค์กรปกครองส่วนท้องถิ่น,เทศบาลตำบลชุมพร
องค์กรปกครองส่วนท้องถิ่น,เทศบาลตำบลบุ่งเลิศ
องค์กรปกครองส่วนท้องถิ่น,เทศบาลตำบลชมสะอาด
องค์กรปกครองส่วนท้องถิ่น,เทศบาลตำบลศรีสมเด็จ
องค์กรปกครองส่วนท้องถิ่น,เทศบาลตำบลบ้านบาก
องค์กรปกครองส่วนท้องถิ่น,เทศบาลตำบลดินดำ
องค์กรปกครองส่วนท้องถิ่น,เทศบาลตำบลจังหาร
องค์กรปกครองส่วนท้องถิ่น,เทศบาลตำบลดงสิงห์
องค์กรปกครองส่วนท้องถิ่น,เทศบาลตำบลผักแว่น
องค์กรปกครองส่วนท้องถิ่น,เทศบาลตำบลเชียงขวัญ
องค์กรปกครองส่วนท้องถิ่น,เทศบาลตำบลหนองฮี
องค์กรปกครองส่วนท้องถิ่น,เทศบาลเมืองระนอง
องค์กรปกครองส่วนท้องถิ่น,เทศบาลตำบลราชกรูด
องค์กรปกครองส่วนท้องถิ่น,องค์การบริหารส่วนจังหวัดระนอง
องค์กรปกครองส่วนท้องถิ่น,เทศบาลเมืองบางริ้น
องค์กรปกครองส่วนท้องถิ่น,เทศบาลตำบลปากน้ำท่าเรือ
องค์กรปกครองส่วนท้องถิ่น,เทศบาลตำบลบางนอน
องค์กรปกครองส่วนท้องถิ่น,เทศบาลตำบลละอุ่น
องค์กรปกครองส่วนท้องถิ่น,เทศบาลตำบลกะเปอร์
องค์กรปกครองส่วนท้องถิ่น,เทศบาลตำบลน้ำจืด
องค์กรปกครองส่วนท้องถิ่น,เทศบาลตำบล จ.ป.ร.
องค์กรปกครองส่วนท้องถิ่น,เทศบาลตำบลกำพวน
องค์กรปกครองส่วนท้องถิ่น,เทศบาลนครระยอง
องค์กรปกครองส่วนท้องถิ่น,เทศบาลตำบลเชิงเนิน
องค์กรปกครองส่วนท้องถิ่น,เทศบาลตำบลบ้านเพ
องค์กรปกครองส่วนท้องถิ่น,เทศบาลตำบลแกลงกะเฉด
องค์กรปกครองส่วนท้องถิ่น,องค์การบริหารส่วนจังหวัดระยอง
องค์กรปกครองส่วนท้องถิ่น,เทศบาลเมืองเนินพระ
องค์กรปกครองส่วนท้องถิ่น,เทศบาลตำบลทับมา
องค์กรปกครองส่วนท้องถิ่น,เทศบาลตำบลน้ำคอก
องค์กรปกครองส่วนท้องถิ่น,เทศบาลนครมาบตาพุด
องค์กรปกครองส่วนท้องถิ่น,เทศบาลตำบลสำนักท้อน
องค์กรปกครองส่วนท้องถิ่น,เทศบาลตำบลพลา
องค์กรปกครองส่วนท้องถิ่น,เทศบาลเมืองบ้านฉาง
องค์กรปกครองส่วนท้องถิ่น,เทศบาลตำบลบ้านฉาง
องค์กรปกครองส่วนท้องถิ่น,เทศบาลตำบลเมืองแกลง
องค์กรปกครองส่วนท้องถิ่น,เทศบาลตำบลเนินฆ้อ
องค์กรปกครองส่วนท้องถิ่น,เทศบาลตำบลสุนทรภู่
องค์กรปกครองส่วนท้องถิ่น,เทศบาลตำบลทุ่งควายกิน
องค์กรปกครองส่วนท้องถิ่น,เทศบาลตำบลกองดิน
องค์กรปกครองส่วนท้องถิ่น,เทศบาลตำบลปากน้ำประแส
องค์กรปกครองส่วนท้องถิ่น,เทศบาลตำบลสองสลึง
องค์กรปกครองส่วนท้องถิ่น,เทศบาลตำบลชุมแสง
องค์กรปกครองส่วนท้องถิ่น,เทศบาลตำบลบ้านค่ายพัฒนา
องค์กรปกครองส่วนท้องถิ่น,เทศบาลตำบลบ้านค่าย
องค์กรปกครองส่วนท้องถิ่น,เทศบาลตำบลชากบก
องค์กรปกครองส่วนท้องถิ่น,เทศบาลตำบลบ้านปลวกแดง
องค์กรปกครองส่วนท้องถิ่น,เทศบาลตำบลจอมพลเจ้าพระยา
องค์กรปกครองส่วนท้องถิ่น,เทศบาลตำบลชำฆ้อ
องค์กรปกครองส่วนท้องถิ่น,เทศบาลเมืองนิคมพัฒนา
องค์กรปกครองส่วนท้องถิ่น,เทศบาลตำบลมาบข่าพัฒนา
องค์กรปกครองส่วนท้องถิ่น,เทศบาลเมืองมะขามคู่
องค์กรปกครองส่วนท้องถิ่น,องค์การบริหารส่วนจังหวัดราชบุรี
องค์กรปกครองส่วนท้องถิ่น,เทศบาลเมืองราชบุรี
องค์กรปกครองส่วนท้องถิ่น,เทศบาลตำบลห้วยชินสีห์
องค์กรปกครองส่วนท้องถิ่น,เทศบาลตำบลเขางู
องค์กรปกครองส่วนท้องถิ่น,เทศบาลตำบลหลุมดิน
องค์กรปกครองส่วนท้องถิ่น,เทศบาลตำบลจอมบึง
องค์กรปกครองส่วนท้องถิ่น,เทศบาลเมืองจอมพล
องค์กรปกครองส่วนท้องถิ่น,เทศบาลตำบลด่านทับตะโก
องค์กรปกครองส่วนท้องถิ่น,เทศบาลตำบลสวนผึ้ง
องค์กรปกครองส่วนท้องถิ่น,เทศบาลตำบลบ้านชัฏป่าหวาย
องค์กรปกครองส่วนท้องถิ่น,เทศบาลตำบลดำเนินสะดวก
องค์กรปกครองส่วนท้องถิ่น,เทศบาลตำบลประสาทสิทธิ์
องค์กรปกครองส่วนท้องถิ่น,เทศบาลตำบลบัวงาม
องค์กรปกครองส่วนท้องถิ่น,เทศบาลตำบลบ้านไร่
องค์กรปกครองส่วนท้องถิ่น,เทศบาลตำบลศรีดอนไผ่
องค์กรปกครองส่วนท้องถิ่น,เทศบาลเมืองบ้านโป่ง
องค์กรปกครองส่วนท้องถิ่น,เทศบาลเมืองท่าผา
องค์กรปกครองส่วนท้องถิ่น,เทศบาลตำบลกรับใหญ่
องค์กรปกครองส่วนท้องถิ่น,เทศบาลตำบลห้วยกระบอก
องค์กรปกครองส่วนท้องถิ่น,เทศบาลตำบลกระจับ
องค์กรปกครองส่วนท้องถิ่น,เทศบาลตำบลเบิกไพร
องค์กรปกครองส่วนท้องถิ่น,เทศบาลตำบลบางแพ
องค์กรปกครองส่วนท้องถิ่น,เทศบาลตำบลโพหัก
องค์กรปกครองส่วนท้องถิ่น,เทศบาลเมืองโพธาราม
องค์กรปกครองส่วนท้องถิ่น,เทศบาลตำบลหนองโพ
องค์กรปกครองส่วนท้องถิ่น,เทศบาลตำบลบ้านเลือก
องค์กรปกครองส่วนท้องถิ่น,เทศบาลตำบลคลองตาคต
องค์กรปกครองส่วนท้องถิ่น,เทศบาลตำบลบ้านฆ้อง
องค์กรปกครองส่วนท้องถิ่น,เทศบาลตำบลบ้านสิงห์
องค์กรปกครองส่วนท้องถิ่น,เทศบาลตำบลเจ็ดเสมียน
องค์กรปกครองส่วนท้องถิ่น,เทศบาลตำบลเขาขวาง
องค์กรปกครองส่วนท้องถิ่น,เทศบาลตำบลปากท่อ
องค์กรปกครองส่วนท้องถิ่น,เทศบาลตำบลวัดเพลง
องค์กรปกครองส่วนท้องถิ่น,องค์การบริหารส่วนจังหวัดลพบุรี
องค์กรปกครองส่วนท้องถิ่น,เทศบาลเมืองลพบุรี
องค์กรปกครองส่วนท้องถิ่น,เทศบาลตำบลกกโก
องค์กรปกครองส่วนท้องถิ่น,เทศบาลตำบลเขาพระงาม
องค์กรปกครองส่วนท้องถิ่น,เทศบาลเมืองเขาสามยอด
องค์กรปกครองส่วนท้องถิ่น,เทศบาลตำบลโคกตูม
องค์กรปกครองส่วนท้องถิ่น,เทศบาลตำบลถนนใหญ่
องค์กรปกครองส่วนท้องถิ่น,เทศบาลตำบลพัฒนานิคม
องค์กรปกครองส่วนท้องถิ่น,เทศบาลตำบลเขาพระยาเดินธง
องค์กรปกครองส่วนท้องถิ่น,เทศบาลตำบลดีลัง
องค์กรปกครองส่วนท้องถิ่น,เทศบาลตำบลแก่งเสือเต้น
องค์กรปกครองส่วนท้องถิ่น,เทศบาลตำบลโคกสำโรง
องค์กรปกครองส่วนท้องถิ่น,เทศบาลตำบลลำนารายณ์
องค์กรปกครองส่วนท้องถิ่น,เทศบาลตำบลท่าวุ้ง
องค์กรปกครองส่วนท้องถิ่น,เทศบาลตำบลโพตลาดแก้ว
องค์กรปกครองส่วนท้องถิ่น,เทศบาลตำบลบางงา
องค์กรปกครองส่วนท้องถิ่น,เทศบาลตำบลโคกสลุด
องค์กรปกครองส่วนท้องถิ่น,เทศบาลตำบลท่าโขลง
องค์กรปกครองส่วนท้องถิ่น,เทศบาลเมืองบ้านหมี่
องค์กรปกครองส่วนท้องถิ่น,เทศบาลตำบลบ้านท่าหลวง
องค์กรปกครองส่วนท้องถิ่น,เทศบาลตำบลสระโบสถ์
องค์กรปกครองส่วนท้องถิ่น,เทศบาลตำบลหนองม่วง
องค์กรปกครองส่วนท้องถิ่น,เทศบาลเมืองเขลางค์นคร
องค์กรปกครองส่วนท้องถิ่น,เทศบาลนครลำปาง
องค์กรปกครองส่วนท้องถิ่น,เทศบาลเมืองพิชัย
องค์กรปกครองส่วนท้องถิ่น,เทศบาลตำบลบ่อแฮ้ว
องค์กรปกครองส่วนท้องถิ่น,เทศบาลตำบลต้นธงชัย
องค์กรปกครองส่วนท้องถิ่น,เทศบาลตำบลแม่เมาะ
องค์กรปกครองส่วนท้องถิ่น,เทศบาลตำบลลำปางหลวง
องค์กรปกครองส่วนท้องถิ่น,เทศบาลตำบลนาแก้ว
องค์กรปกครองส่วนท้องถิ่น,เทศบาลตำบลไหล่หิน
องค์กรปกครองส่วนท้องถิ่น,เทศบาลตำบลวังพร้าว
องค์กรปกครองส่วนท้องถิ่น,องค์การบริหารส่วนจังหวัดลำปาง
องค์กรปกครองส่วนท้องถิ่น,เทศบาลตำบลศาลา
องค์กรปกครองส่วนท้องถิ่น,เทศบาลตำบลเกาะคา
องค์กรปกครองส่วนท้องถิ่น,เทศบาลตำบลเกาะคาแม่ยาว
องค์กรปกครองส่วนท้องถิ่น,เทศบาลตำบลทุ่งงาม
องค์กรปกครองส่วนท้องถิ่น,เทศบาลตำบลเสริมงาม
องค์กรปกครองส่วนท้องถิ่น,เทศบาลตำบลเสริมซ้าย
องค์กรปกครองส่วนท้องถิ่น,เทศบาลตำบลหลวงเหนือ
องค์กรปกครองส่วนท้องถิ่น,เทศบาลตำบลหลวงใต้
องค์กรปกครองส่วนท้องถิ่น,เทศบาลตำบลแจ้ห่ม
องค์กรปกครองส่วนท้องถิ่น,เทศบาลตำบลบ้านสา
องค์กรปกครองส่วนท้องถิ่น,เทศบาลตำบลทุ่งผึ้ง
องค์กรปกครองส่วนท้องถิ่น,เทศบาลตำบลวังเหนือ
องค์กรปกครองส่วนท้องถิ่น,เทศบาลเมืองล้อมแรด
องค์กรปกครองส่วนท้องถิ่น,เทศบาลตำบลแม่มอก
องค์กรปกครองส่วนท้องถิ่น,เทศบาลตำบลเวียงมอก
องค์กรปกครองส่วนท้องถิ่น,เทศบาลตำบลเถินบุรี
องค์กรปกครองส่วนท้องถิ่น,เทศบาลตำบลแม่พริก
องค์กรปกครองส่วนท้องถิ่น,เทศบาลตำบลแม่ปุ
องค์กรปกครองส่วนท้องถิ่น,เทศบาลตำบลพระบาทวังตวง
องค์กรปกครองส่วนท้องถิ่น,เทศบาลตำบลแม่ทะ
องค์กรปกครองส่วนท้องถิ่น,เทศบาลตำบลนาครัว
องค์กรปกครองส่วนท้องถิ่น,เทศบาลตำบลป่าตันนาครัว
องค์กรปกครองส่วนท้องถิ่น,เทศบาลตำบลน้ำโจ้
องค์กรปกครองส่วนท้องถิ่น,เทศบาลตำบลสิริราช
องค์กรปกครองส่วนท้องถิ่น,เทศบาลตำบลสบปราบ
องค์กรปกครองส่วนท้องถิ่น,เทศบาลตำบลห้างฉัตร
องค์กรปกครองส่วนท้องถิ่น,เทศบาลตำบลห้างฉัตรแม่ตาล
องค์กรปกครองส่วนท้องถิ่น,เทศบาลตำบลเมืองยาว
องค์กรปกครองส่วนท้องถิ่น,เทศบาลตำบลปงยางคก
องค์กรปกครองส่วนท้องถิ่น,เทศบาลตำบลเวียงตาล
องค์กรปกครองส่วนท้องถิ่น,เทศบาลตำบลเมืองปาน
องค์กรปกครองส่วนท้องถิ่น,เทศบาลเมืองลำพูน
องค์กรปกครองส่วนท้องถิ่น,เทศบาลตำบลเหมืองง่า
องค์กรปกครองส่วนท้องถิ่น,เทศบาลตำบลอุโมงค์
องค์กรปกครองส่วนท้องถิ่น,เทศบาลตำบลหนองช้างคืน
องค์กรปกครองส่วนท้องถิ่น,เทศบาลตำบลประตูป่า
องค์กรปกครองส่วนท้องถิ่น,เทศบาลตำบลริมปิง
องค์กรปกครองส่วนท้องถิ่น,เทศบาลตำบลต้นธง
องค์กรปกครองส่วนท้องถิ่น,เทศบาลตำบลท่าเชียงทอง
องค์กรปกครองส่วนท้องถิ่น,เทศบาลตำบลบ้านแป้น
องค์กรปกครองส่วนท้องถิ่น,เทศบาลตำบลเหมืองจี้
องค์กรปกครองส่วนท้องถิ่น,องค์การบริหารส่วนจังหวัดลำพูน
องค์กรปกครองส่วนท้องถิ่น,เทศบาลตำบลป่าสัก
องค์กรปกครองส่วนท้องถิ่น,เทศบาลตำบลเวียงยอง
องค์กรปกครองส่วนท้องถิ่น,เทศบาลตำบลมะเขือแจ้
องค์กรปกครองส่วนท้องถิ่น,เทศบาลตำบลศรีบัวบาน
องค์กรปกครองส่วนท้องถิ่น,เทศบาลตำบลทาปลาดุก
องค์กรปกครองส่วนท้องถิ่น,เทศบาลตำบลทาสบชัย
องค์กรปกครองส่วนท้องถิ่น,เทศบาลตำบลทาสบเส้า
องค์กรปกครองส่วนท้องถิ่น,เทศบาลตำบลทากาศ
องค์กรปกครองส่วนท้องถิ่น,เทศบาลตำบลทากาศเหนือ
องค์กรปกครองส่วนท้องถิ่น,เทศบาลตำบลทาขุมเงิน
องค์กรปกครองส่วนท้องถิ่น,เทศบาลตำบลทาทุ่งหลวง
องค์กรปกครองส่วนท้องถิ่น,เทศบาลตำบลบ้านโฮ่ง
องค์กรปกครองส่วนท้องถิ่น,เทศบาลตำบลศรีเตี้ย
องค์กรปกครองส่วนท้องถิ่น,เทศบาลตำบลลี้
องค์กรปกครองส่วนท้องถิ่น,เทศบาลตำบลวังดิน
องค์กรปกครองส่วนท้องถิ่น,เทศบาลตำบลแม่ตืน
องค์กรปกครองส่วนท้องถิ่น,เทศบาลตำบลดงดำ
องค์กรปกครองส่วนท้องถิ่น,เทศบาลตำบลก้อ
องค์กรปกครองส่วนท้องถิ่น,เทศบาลตำบลศรีวิชัย
องค์กรปกครองส่วนท้องถิ่น,เทศบาลตำบลทุ่งหัวช้าง
องค์กรปกครองส่วนท้องถิ่น,เทศบาลตำบลแม่แรง
องค์กรปกครองส่วนท้องถิ่น,เทศบาลตำบลม่วงน้อย
องค์กรปกครองส่วนท้องถิ่น,เทศบาลตำบลมะกอก
องค์กรปกครองส่วนท้องถิ่น,เทศบาลตำบลบ้านธิ
องค์กรปกครองส่วนท้องถิ่น,เทศบาลตำบลหนองล่อง
องค์กรปกครองส่วนท้องถิ่น,เทศบาลตำบลหนองยวง
องค์กรปกครองส่วนท้องถิ่น,เทศบาลตำบลวังผาง
องค์กรปกครองส่วนท้องถิ่น,องค์การบริหารส่วนจังหวัดเลย
องค์กรปกครองส่วนท้องถิ่น,เทศบาลเมืองเลย
องค์กรปกครองส่วนท้องถิ่น,เทศบาลตำบลนาอ้อ
องค์กรปกครองส่วนท้องถิ่น,เทศบาลตำบลนาอาน
องค์กรปกครองส่วนท้องถิ่น,เทศบาลตำบลนาโป่ง
องค์กรปกครองส่วนท้องถิ่น,เทศบาลตำบลนาดินดำ
องค์กรปกครองส่วนท้องถิ่น,เทศบาลตำบลน้ำสวย
องค์กรปกครองส่วนท้องถิ่น,เทศบาลตำบลนาด้วง
องค์กรปกครองส่วนท้องถิ่น,เทศบาลตำบลนาดอกคำ
องค์กรปกครองส่วนท้องถิ่น,เทศบาลตำบลเชียงคาน
องค์กรปกครองส่วนท้องถิ่น,เทศบาลตำบลธาตุ
องค์กรปกครองส่วนท้องถิ่น,เทศบาลตำบลเขาแก้ว
องค์กรปกครองส่วนท้องถิ่น,เทศบาลตำบลปากชม
องค์กรปกครองส่วนท้องถิ่น,เทศบาลตำบลคอนสา
องค์กรปกครองส่วนท้องถิ่น,เทศบาลตำบลเชียงกลม
องค์กรปกครองส่วนท้องถิ่น,เทศบาลตำบลด่านซ้าย
องค์กรปกครองส่วนท้องถิ่น,เทศบาลตำบลศรีสองรัก
องค์กรปกครองส่วนท้องถิ่น,เทศบาลตำบลนาแห้ว
องค์กรปกครองส่วนท้องถิ่น,เทศบาลตำบลภูเรือ
องค์กรปกครองส่วนท้องถิ่น,เทศบาลตำบลร่องจิก
องค์กรปกครองส่วนท้องถิ่น,เทศบาลตำบลท่าลี่
องค์กรปกครองส่วนท้องถิ่น,เทศบาลเมืองวังสะพุง
องค์กรปกครองส่วนท้องถิ่น,เทศบาลตำบลปากปวน
องค์กรปกครองส่วนท้องถิ่น,เทศบาลตำบลภูกระดึง
องค์กรปกครองส่วนท้องถิ่น,เทศบาลตำบลท่าช้างคล้อง
องค์กรปกครองส่วนท้องถิ่น,เทศบาลตำบลโนนปอแดง
องค์กรปกครองส่วนท้องถิ่น,เทศบาลตำบลผาอินทร์แปลง
องค์กรปกครองส่วนท้องถิ่น,เทศบาลเมืองศรีสะเกษ
องค์กรปกครองส่วนท้องถิ่น,เทศบาลตำบลน้ำคำ
องค์กรปกครองส่วนท้องถิ่น,องค์การบริหารส่วนจังหวัดศรีสะเกษ
องค์กรปกครองส่วนท้องถิ่น,เทศบาลตำบลยางชุมน้อย
องค์กรปกครองส่วนท้องถิ่น,เทศบาลตำบลกันทรารมย์
องค์กรปกครองส่วนท้องถิ่น,เทศบาลเมืองกันทรลักษ์
องค์กรปกครองส่วนท้องถิ่น,เทศบาลตำบลหนองหญ้าลาด
องค์กรปกครองส่วนท้องถิ่น,เทศบาลตำบลสวนกล้วย
องค์กรปกครองส่วนท้องถิ่น,เทศบาลตำบลเมืองขุขันธ์
องค์กรปกครองส่วนท้องถิ่น,เทศบาลตำบลศรีสะอาด
องค์กรปกครองส่วนท้องถิ่น,เทศบาลตำบลไพรบึง
องค์กรปกครองส่วนท้องถิ่น,เทศบาลตำบลสำโรงพลัน
องค์กรปกครองส่วนท้องถิ่น,เทศบาลตำบลปรางค์กู่
องค์กรปกครองส่วนท้องถิ่น,เทศบาลตำบลขุนหาญ
องค์กรปกครองส่วนท้องถิ่น,เทศบาลตำบลสิ
องค์กรปกครองส่วนท้องถิ่น,เทศบาลตำบลกระหวัน
องค์กรปกครองส่วนท้องถิ่น,เทศบาลตำบลกันทรอม
องค์กรปกครองส่วนท้องถิ่น,เทศบาลตำบลโพธิ์กระสังข์
องค์กรปกครองส่วนท้องถิ่น,เทศบาลตำบลบัวหุ่ง
องค์กรปกครองส่วนท้องถิ่น,เทศบาลตำบลส้มป่อย
องค์กรปกครองส่วนท้องถิ่น,เทศบาลตำบลกำแพง
องค์กรปกครองส่วนท้องถิ่น,เทศบาลตำบลอุทุมพรพิสัย
องค์กรปกครองส่วนท้องถิ่น,เทศบาลตำบลแต้
องค์กรปกครองส่วนท้องถิ่น,เทศบาลตำบลสระกำแพงใหญ่
องค์กรปกครองส่วนท้องถิ่น,เทศบาลตำบลโคกจาน
องค์กรปกครองส่วนท้องถิ่น,เทศบาลตำบลบึงบูรพ์
องค์กรปกครองส่วนท้องถิ่น,เทศบาลตำบลห้วยทับทัน
องค์กรปกครองส่วนท้องถิ่น,เทศบาลตำบลจานแสนไชย
องค์กรปกครองส่วนท้องถิ่น,เทศบาลตำบลศรีรัตนะ
องค์กรปกครองส่วนท้องถิ่น,เทศบาลตำบลบุสูง
องค์กรปกครองส่วนท้องถิ่น,เทศบาลตำบลเมืองจันทร์
องค์กรปกครองส่วนท้องถิ่น,เทศบาลตำบลพยุห์
องค์กรปกครองส่วนท้องถิ่น,เทศบาลตำบลโดด
องค์กรปกครองส่วนท้องถิ่น,เทศบาลตำบลผือใหญ่
องค์กรปกครองส่วนท้องถิ่น,องค์การบริหารส่วนจังหวัดสกลนคร
องค์กรปกครองส่วนท้องถิ่น,เทศบาลนครสกลนคร
องค์กรปกครองส่วนท้องถิ่น,เทศบาลตำบลดงมะไฟ
องค์กรปกครองส่วนท้องถิ่น,เทศบาลตำบลงิ้วด่อน
องค์กรปกครองส่วนท้องถิ่น,เทศบาลตำบลท่าแร่
องค์กรปกครองส่วนท้องถิ่น,เทศบาลตำบลเมืองทองท่าแร่
องค์กรปกครองส่วนท้องถิ่น,เทศบาลตำบลธาตุนาเวง
องค์กรปกครองส่วนท้องถิ่น,เทศบาลตำบลเหล่าปอแดง
องค์กรปกครองส่วนท้องถิ่น,เทศบาลตำบลหนองลาด
องค์กรปกครองส่วนท้องถิ่น,เทศบาลตำบลฮางโฮง
องค์กรปกครองส่วนท้องถิ่น,เทศบาลตำบลกุสุมาลย์
องค์กรปกครองส่วนท้องถิ่น,เทศบาลตำบลกุดบาก
องค์กรปกครองส่วนท้องถิ่น,เทศบาลตำบลกุดแฮด
องค์กรปกครองส่วนท้องถิ่น,เทศบาลตำบลนาม่อง
องค์กรปกครองส่วนท้องถิ่น,เทศบาลตำบลกุดไห
องค์กรปกครองส่วนท้องถิ่น,เทศบาลตำบลพรรณานคร
องค์กรปกครองส่วนท้องถิ่น,เทศบาลตำบลพรรณานิคม
องค์กรปกครองส่วนท้องถิ่น,เทศบาลตำบลพอกน้อย
องค์กรปกครองส่วนท้องถิ่น,เทศบาลตำบลนาหัวบ่อ
องค์กรปกครองส่วนท้องถิ่น,เทศบาลตำบลไร่
องค์กรปกครองส่วนท้องถิ่น,เทศบาลตำบลนาใน
องค์กรปกครองส่วนท้องถิ่น,เทศบาลตำบลบัวสว่าง
องค์กรปกครองส่วนท้องถิ่น,เทศบาลตำบลพังโคน
องค์กรปกครองส่วนท้องถิ่น,เทศบาลตำบลพังโคนศรีจำปา
องค์กรปกครองส่วนท้องถิ่น,เทศบาลตำบลแร่
องค์กรปกครองส่วนท้องถิ่น,เทศบาลตำบลไฮหย่อง
องค์กรปกครองส่วนท้องถิ่น,เทศบาลตำบลวาริชภูมิ
องค์กรปกครองส่วนท้องถิ่น,เทศบาลตำบลปลาโหล
องค์กรปกครองส่วนท้องถิ่น,เทศบาลตำบลคำบ่อ
องค์กรปกครองส่วนท้องถิ่น,เทศบาลตำบลวานรนิวาส
องค์กรปกครองส่วนท้องถิ่น,เทศบาลตำบลหนองสนม
องค์กรปกครองส่วนท้องถิ่น,เทศบาลตำบลคูสะคาม
องค์กรปกครองส่วนท้องถิ่น,เทศบาลตำบลนาซอ
องค์กรปกครองส่วนท้องถิ่น,เทศบาลตำบลกุดเรือคำ
องค์กรปกครองส่วนท้องถิ่น,เทศบาลตำบลคำตากล้า
องค์กรปกครองส่วนท้องถิ่น,เทศบาลตำบลแพด
องค์กรปกครองส่วนท้องถิ่น,เทศบาลตำบลบ้านม่วง
องค์กรปกครองส่วนท้องถิ่น,เทศบาลตำบลห้วยหลัว
องค์กรปกครองส่วนท้องถิ่น,เทศบาลตำบลอากาศอำนวย
องค์กรปกครองส่วนท้องถิ่น,เทศบาลตำบลโพนแพง
องค์กรปกครองส่วนท้องถิ่น,เทศบาลตำบลวาใหญ่
องค์กรปกครองส่วนท้องถิ่น,เทศบาลตำบลท่าก้อน
องค์กรปกครองส่วนท้องถิ่น,เทศบาลตำบลบะหว้า
องค์กรปกครองส่วนท้องถิ่น,เทศบาลตำบลสามัคคีพัฒนา
องค์กรปกครองส่วนท้องถิ่น,เทศบาลตำบลสว่างแดนดิน
องค์กรปกครองส่วนท้องถิ่น,เทศบาลตำบลบ้านต้าย
องค์กรปกครองส่วนท้องถิ่น,เทศบาลตำบลโคกสี
องค์กรปกครองส่วนท้องถิ่น,เทศบาลตำบลบงใต้
องค์กรปกครองส่วนท้องถิ่น,เทศบาลตำบลพันนา
องค์กรปกครองส่วนท้องถิ่น,เทศบาลตำบลดอนเขือง
องค์กรปกครองส่วนท้องถิ่น,เทศบาลตำบลส่องดาว
องค์กรปกครองส่วนท้องถิ่น,เทศบาลตำบลส่องดาวหนองแดง
องค์กรปกครองส่วนท้องถิ่น,เทศบาลตำบลท่าศิลา
องค์กรปกครองส่วนท้องถิ่น,เทศบาลตำบลวัฒนา
องค์กรปกครองส่วนท้องถิ่น,เทศบาลตำบลปทุมวาปี
องค์กรปกครองส่วนท้องถิ่น,เทศบาลตำบลตองโขบ
องค์กรปกครองส่วนท้องถิ่น,เทศบาลตำบลเจริญศิลป์
องค์กรปกครองส่วนท้องถิ่น,เทศบาลตำบลบ้านโพน
องค์กรปกครองส่วนท้องถิ่น,เทศบาลตำบลเชียงสือ
องค์กรปกครองส่วนท้องถิ่น,เทศบาลตำบลสร้างค้อ
องค์กรปกครองส่วนท้องถิ่น,เทศบาลตำบลโคกภู
องค์กรปกครองส่วนท้องถิ่น,เทศบาลนครสงขลา
องค์กรปกครองส่วนท้องถิ่น,เทศบาลเมืองเขารูปช้าง
องค์กรปกครองส่วนท้องถิ่น,เทศบาลตำบลเกาะแต้ว
องค์กรปกครองส่วนท้องถิ่น,องค์การบริหารส่วนจังหวัดสงขลา
องค์กรปกครองส่วนท้องถิ่น,เทศบาลตำบลพะวง
องค์กรปกครองส่วนท้องถิ่น,เทศบาลตำบลสทิงพระ
องค์กรปกครองส่วนท้องถิ่น,เทศบาลตำบลจะนะ
องค์กรปกครองส่วนท้องถิ่น,เทศบาลตำบลนาทับ
องค์กรปกครองส่วนท้องถิ่น,เทศบาลตำบลนาทวี
องค์กรปกครองส่วนท้องถิ่น,เทศบาลตำบลนาทวีนอก
องค์กรปกครองส่วนท้องถิ่น,เทศบาลตำบลเทพา
องค์กรปกครองส่วนท้องถิ่น,เทศบาลตำบลลำไพล
องค์กรปกครองส่วนท้องถิ่น,เทศบาลตำบลท่าพระยา
องค์กรปกครองส่วนท้องถิ่น,เทศบาลตำบลสะบ้าย้อย
องค์กรปกครองส่วนท้องถิ่น,เทศบาลตำบลระโนด
องค์กรปกครองส่วนท้องถิ่น,เทศบาลตำบลบ่อตรุ
องค์กรปกครองส่วนท้องถิ่น,เทศบาลตำบลปากแตระ
องค์กรปกครองส่วนท้องถิ่น,เทศบาลตำบลเชิงแส
องค์กรปกครองส่วนท้องถิ่น,เทศบาลตำบลกระแสสินธุ์
องค์กรปกครองส่วนท้องถิ่น,เทศบาลตำบลกำแพงเพชร
องค์กรปกครองส่วนท้องถิ่น,เทศบาลตำบลคูหาใต้
องค์กรปกครองส่วนท้องถิ่น,เทศบาลตำบลนาสีทอง
องค์กรปกครองส่วนท้องถิ่น,เทศบาลเมืองสะเดา
องค์กรปกครองส่วนท้องถิ่น,เทศบาลตำบลปริก
องค์กรปกครองส่วนท้องถิ่น,เทศบาลตำบลคลองแงะ
องค์กรปกครองส่วนท้องถิ่น,เทศบาลเมืองปาดังเบซาร์
องค์กรปกครองส่วนท้องถิ่น,เทศบาลตำบลปาดัง
องค์กรปกครองส่วนท้องถิ่น,เทศบาลตำบลสำนักขาม
องค์กรปกครองส่วนท้องถิ่น,เทศบาลนครหาดใหญ่
องค์กรปกครองส่วนท้องถิ่น,เทศบาลเมืองควนลัง
องค์กรปกครองส่วนท้องถิ่น,เทศบาลตำบลคูเต่า
องค์กรปกครองส่วนท้องถิ่น,เทศบาลเมืองคอหงส์
องค์กรปกครองส่วนท้องถิ่น,เทศบาลเมืองคลองแห
องค์กรปกครองส่วนท้องถิ่น,เทศบาลเมืองทุ่งตำเสา
องค์กรปกครองส่วนท้องถิ่น,เทศบาลตำบลน้ำน้อย
องค์กรปกครองส่วนท้องถิ่น,เทศบาลเมืองบ้านพรุ
องค์กรปกครองส่วนท้องถิ่น,เทศบาลตำบลพะตง
องค์กรปกครองส่วนท้องถิ่น,เทศบาลตำบลควนเนียง
องค์กรปกครองส่วนท้องถิ่น,เทศบาลตำบลบางเหรียง
องค์กรปกครองส่วนท้องถิ่น,เทศบาลตำบลบ้านหาร
องค์กรปกครองส่วนท้องถิ่น,เทศบาลเมืองสิงหนคร
องค์กรปกครองส่วนท้องถิ่น,เทศบาลตำบลชะแล้
องค์กรปกครองส่วนท้องถิ่น,เทศบาลเมืองม่วงงาม
องค์กรปกครองส่วนท้องถิ่น,เทศบาลตำบลทุ่งลาน
องค์กรปกครองส่วนท้องถิ่น,เทศบาลเมืองสตูล
องค์กรปกครองส่วนท้องถิ่น,องค์การบริหารส่วนจังหวัดสตูล
องค์กรปกครองส่วนท้องถิ่น,เทศบาลตำบลคลองขุด
องค์กรปกครองส่วนท้องถิ่น,เทศบาลตำบลฉลุง
องค์กรปกครองส่วนท้องถิ่น,เทศบาลตำบลเจ๊ะบิลัง
องค์กรปกครองส่วนท้องถิ่น,เทศบาลตำบลควนโดน
องค์กรปกครองส่วนท้องถิ่น,เทศบาลตำบลทุ่งหว้า
องค์กรปกครองส่วนท้องถิ่น,องค์การบริหารส่วนจังหวัดสมุทรปราการ
องค์กรปกครองส่วนท้องถิ่น,เทศบาลนครสมุทรปราการ
องค์กรปกครองส่วนท้องถิ่น,เทศบาลตำบลด่านสำโรง
องค์กรปกครองส่วนท้องถิ่น,เทศบาลเมืองปากน้ำสมุทรปราการ
องค์กรปกครองส่วนท้องถิ่น,เทศบาลตำบลบางเมือง
องค์กรปกครองส่วนท้องถิ่น,เทศบาลตำบลแพรกษา
องค์กรปกครองส่วนท้องถิ่น,เทศบาลเมืองแพรกษา
องค์กรปกครองส่วนท้องถิ่น,เทศบาลตำบลสำโรงเหนือ
องค์กรปกครองส่วนท้องถิ่น,เทศบาลตำบลเทพารักษ์
องค์กรปกครองส่วนท้องถิ่น,เทศบาลเมืองแพรกษาใหม่
องค์กรปกครองส่วนท้องถิ่น,เทศบาลตำบลบางบ่อ
องค์กรปกครองส่วนท้องถิ่น,เทศบาลตำบลบางพลีน้อย
องค์กรปกครองส่วนท้องถิ่น,เทศบาลตำบลคลองด่าน
องค์กรปกครองส่วนท้องถิ่น,เทศบาลตำบลคลองสวน
องค์กรปกครองส่วนท้องถิ่น,เทศบาลตำบลบางพลี
องค์กรปกครองส่วนท้องถิ่น,เทศบาลเมืองบางแก้ว
องค์กรปกครองส่วนท้องถิ่น,เทศบาลเมืองพระประแดง
องค์กรปกครองส่วนท้องถิ่น,เทศบาลเมืองลัดหลวง
องค์กรปกครองส่วนท้องถิ่น,เทศบาลเมืองปู่เจ้าสมิงพราย
องค์กรปกครองส่วนท้องถิ่น,เทศบาลตำบลแหลมฟ้าผ่า
องค์กรปกครองส่วนท้องถิ่น,เทศบาลตำบลพระสมุทรเจดีย์
องค์กรปกครองส่วนท้องถิ่น,เทศบาลตำบลบางเสาธง
องค์กรปกครองส่วนท้องถิ่น,องค์การบริหารส่วนจังหวัดสมุทรสงคราม
องค์กรปกครองส่วนท้องถิ่น,เทศบาลเมืองสมุทรสงคราม
องค์กรปกครองส่วนท้องถิ่น,เทศบาลตำบลบางจะเกร็ง
องค์กรปกครองส่วนท้องถิ่น,เทศบาลตำบลกระดังงา
องค์กรปกครองส่วนท้องถิ่น,เทศบาลตำบลบางยี่รงค์
องค์กรปกครองส่วนท้องถิ่น,เทศบาลตำบลบางนกแขวก
องค์กรปกครองส่วนท้องถิ่น,เทศบาลตำบลบางกระบือ
องค์กรปกครองส่วนท้องถิ่น,เทศบาลตำบลอัมพวา
องค์กรปกครองส่วนท้องถิ่น,เทศบาลตำบลสวนหลวง
องค์กรปกครองส่วนท้องถิ่น,เทศบาลตำบลเหมืองใหม่
องค์กรปกครองส่วนท้องถิ่น,องค์การบริหารส่วนจังหวัดสมุทรสาคร
องค์กรปกครองส่วนท้องถิ่น,เทศบาลนครสมุทรสาคร
องค์กรปกครองส่วนท้องถิ่น,เทศบาลตำบลท่าจีน
องค์กรปกครองส่วนท้องถิ่น,เทศบาลตำบลคอกกระบือ
องค์กรปกครองส่วนท้องถิ่น,เทศบาลตำบลบางปลา
องค์กรปกครองส่วนท้องถิ่น,เทศบาลตำบลบางหญ้าแพรก
องค์กรปกครองส่วนท้องถิ่น,เทศบาลเมืองกระทุ่มแบน
องค์กรปกครองส่วนท้องถิ่น,เทศบาลนครอ้อมน้อย
องค์กรปกครองส่วนท้องถิ่น,เทศบาลเมืองคลองมะเดื่อ
องค์กรปกครองส่วนท้องถิ่น,เทศบาลตำบลดอนไก่ดี
องค์กรปกครองส่วนท้องถิ่น,เทศบาลตำบลแคราย
องค์กรปกครองส่วนท้องถิ่น,เทศบาลตำบลบ้านแพ้ว
องค์กรปกครองส่วนท้องถิ่น,เทศบาลตำบลหลักห้า
องค์กรปกครองส่วนท้องถิ่น,เทศบาลตำบลเกษตรพัฒนา
องค์กรปกครองส่วนท้องถิ่น,เทศบาลเมืองสระแก้ว
องค์กรปกครองส่วนท้องถิ่น,เทศบาลตำบลศาลาลำดวน
องค์กรปกครองส่วนท้องถิ่น,องค์การบริหารส่วนจังหวัดสระแก้ว
องค์กรปกครองส่วนท้องถิ่น,เทศบาลตำบลท่าเกษม
องค์กรปกครองส่วนท้องถิ่น,เทศบาลตำบลคลองหาด
องค์กรปกครองส่วนท้องถิ่น,เทศบาลตำบลตาพระยา
องค์กรปกครองส่วนท้องถิ่น,เทศบาลเมืองวังน้ำเย็น
องค์กรปกครองส่วนท้องถิ่น,เทศบาลตำบลวัฒนานคร
องค์กรปกครองส่วนท้องถิ่น,เทศบาลเมืองอรัญญประเทศ
องค์กรปกครองส่วนท้องถิ่น,เทศบาลตำบลป่าไร่
องค์กรปกครองส่วนท้องถิ่น,เทศบาลตำบลบ้านใหม่หนองไทร
องค์กรปกครองส่วนท้องถิ่น,เทศบาลตำบลฟากห้วย
องค์กรปกครองส่วนท้องถิ่น,เทศบาลตำบลเขาฉกรรจ์
องค์กรปกครองส่วนท้องถิ่น,เทศบาลตำบลวังสมบูรณ์
องค์กรปกครองส่วนท้องถิ่น,เทศบาลเมืองสระบุรี
องค์กรปกครองส่วนท้องถิ่น,องค์การบริหารส่วนจังหวัดสระบุรี
องค์กรปกครองส่วนท้องถิ่น,เทศบาลตำบลป๊อกแป๊ก
องค์กรปกครองส่วนท้องถิ่น,เทศบาลตำบลกุดนกเปล้า
องค์กรปกครองส่วนท้องถิ่น,เทศบาลตำบลตะกุด
องค์กรปกครองส่วนท้องถิ่น,เทศบาลเมืองแก่งคอย
องค์กรปกครองส่วนท้องถิ่น,เทศบาลเมืองทับกวาง
องค์กรปกครองส่วนท้องถิ่น,เทศบาลตำบลหนองแค
องค์กรปกครองส่วนท้องถิ่น,เทศบาลตำบลคชสิทธิ์
องค์กรปกครองส่วนท้องถิ่น,เทศบาลตำบลไผ่ต่ำ
องค์กรปกครองส่วนท้องถิ่น,เทศบาลตำบลหนองหมู
องค์กรปกครองส่วนท้องถิ่น,เทศบาลตำบลวิหารแดง
องค์กรปกครองส่วนท้องถิ่น,เทศบาลตำบลบ้านหมอ
องค์กรปกครองส่วนท้องถิ่น,เทศบาลตำบลบางโขมด
องค์กรปกครองส่วนท้องถิ่น,เทศบาลตำบลสร่างโศก
องค์กรปกครองส่วนท้องถิ่น,เทศบาลตำบลตลาดน้อย
องค์กรปกครองส่วนท้องถิ่น,เทศบาลตำบลท่าลาน
องค์กรปกครองส่วนท้องถิ่น,เทศบาลตำบลดอนพุด
องค์กรปกครองส่วนท้องถิ่น,เทศบาลตำบลหนองโดน
องค์กรปกครองส่วนท้องถิ่น,เทศบาลเมืองพระพุทธบาท
องค์กรปกครองส่วนท้องถิ่น,เทศบาลตำบลธารเกษม
องค์กรปกครองส่วนท้องถิ่น,เทศบาลตำบลนายาว
องค์กรปกครองส่วนท้องถิ่น,เทศบาลตำบลห้วยป่าหวาย
องค์กรปกครองส่วนท้องถิ่น,เทศบาลตำบลพุกร่าง
องค์กรปกครองส่วนท้องถิ่น,เทศบาลตำบลเสาไห้
องค์กรปกครองส่วนท้องถิ่น,เทศบาลตำบลหัวปลวก
องค์กรปกครองส่วนท้องถิ่น,เทศบาลตำบลต้นตาล-พระยาทด
องค์กรปกครองส่วนท้องถิ่น,เทศบาลตำบลสวนดอกไม้
องค์กรปกครองส่วนท้องถิ่น,เทศบาลตำบลมวกเหล็ก
องค์กรปกครองส่วนท้องถิ่น,เทศบาลตำบลแสลงพัน
องค์กรปกครองส่วนท้องถิ่น,เทศบาลตำบลคำพราน
องค์กรปกครองส่วนท้องถิ่น,เทศบาลตำบลวังม่วง
องค์กรปกครองส่วนท้องถิ่น,เทศบาลตำบลหน้าพระลาน
องค์กรปกครองส่วนท้องถิ่น,เทศบาลเมืองสิงห์บุรี
องค์กรปกครองส่วนท้องถิ่น,องค์การบริหารส่วนจังหวัดสิงห์บุรี
องค์กรปกครองส่วนท้องถิ่น,เทศบาลเมืองบางระจัน
องค์กรปกครองส่วนท้องถิ่น,เทศบาลตำบลโพสังโฆ
องค์กรปกครองส่วนท้องถิ่น,เทศบาลตำบลพรหมบุรี
องค์กรปกครองส่วนท้องถิ่น,เทศบาลตำบลบางน้ำเชี่ยว
องค์กรปกครองส่วนท้องถิ่น,เทศบาลตำบลถอนสมอ
องค์กรปกครองส่วนท้องถิ่น,เทศบาลตำบลอินทร์บุรี
องค์กรปกครองส่วนท้องถิ่น,เทศบาลตำบลทับยา
องค์กรปกครองส่วนท้องถิ่น,เทศบาลเมืองสุโขทัยธานี
องค์กรปกครองส่วนท้องถิ่น,องค์การบริหารส่วนจังหวัดสุโขทัย
องค์กรปกครองส่วนท้องถิ่น,เทศบาลตำบลลานหอย
องค์กรปกครองส่วนท้องถิ่น,เทศบาลตำบลตลิ่งชัน
องค์กรปกครองส่วนท้องถิ่น,เทศบาลตำบลบ้านโตนด
องค์กรปกครองส่วนท้องถิ่น,เทศบาลตำบลกงไกรลาศ
องค์กรปกครองส่วนท้องถิ่น,เทศบาลตำบลหาดเสี้ยว
องค์กรปกครองส่วนท้องถิ่น,เทศบาลเมืองศรีสัชนาลัย
องค์กรปกครองส่วนท้องถิ่น,เทศบาลตำบลศรีสำโรง
องค์กรปกครองส่วนท้องถิ่น,เทศบาลเมืองสวรรคโลก
องค์กรปกครองส่วนท้องถิ่น,เทศบาลตำบลคลองยาง
องค์กรปกครองส่วนท้องถิ่น,เทศบาลตำบลป่ากุมเกาะ
องค์กรปกครองส่วนท้องถิ่น,เทศบาลตำบลเมืองบางขลัง
องค์กรปกครองส่วนท้องถิ่น,เทศบาลตำบลศรีนคร
องค์กรปกครองส่วนท้องถิ่น,เทศบาลตำบลทุ่งเสลี่ยม
องค์กรปกครองส่วนท้องถิ่น,เทศบาลตำบลเขาแก้วศรีสมบูรณ์
องค์กรปกครองส่วนท้องถิ่น,องค์การบริหารส่วนจังหวัดสุพรรณบุรี
องค์กรปกครองส่วนท้องถิ่น,เทศบาลเมืองสุพรรณบุรี
องค์กรปกครองส่วนท้องถิ่น,เทศบาลตำบลรั้วใหญ่
องค์กรปกครองส่วนท้องถิ่น,เทศบาลตำบลท่าระหัด
องค์กรปกครองส่วนท้องถิ่น,เทศบาลตำบลท่าเสด็จ
องค์กรปกครองส่วนท้องถิ่น,เทศบาลตำบลบางกุ้ง
องค์กรปกครองส่วนท้องถิ่น,เทศบาลตำบลสวนแตง
องค์กรปกครองส่วนท้องถิ่น,เทศบาลตำบลห้วยวังทอง
องค์กรปกครองส่วนท้องถิ่น,เทศบาลตำบลโพธิ์พระยา
องค์กรปกครองส่วนท้องถิ่น,เทศบาลตำบลเดิมบาง
องค์กรปกครองส่วนท้องถิ่น,เทศบาลตำบลนางบวช
องค์กรปกครองส่วนท้องถิ่น,เทศบาลตำบลเขาดิน
องค์กรปกครองส่วนท้องถิ่น,เทศบาลตำบลทุ่งคลี
องค์กรปกครองส่วนท้องถิ่น,เทศบาลตำบลบ่อกรุ
องค์กรปกครองส่วนท้องถิ่น,เทศบาลตำบลหนองกระทุ่ม
องค์กรปกครองส่วนท้องถิ่น,เทศบาลตำบลด่านช้าง
องค์กรปกครองส่วนท้องถิ่น,เทศบาลตำบลต้นคราม
องค์กรปกครองส่วนท้องถิ่น,เทศบาลตำบลโคกคราม
องค์กรปกครองส่วนท้องถิ่น,เทศบาลตำบลบางปลาม้า
องค์กรปกครองส่วนท้องถิ่น,เทศบาลตำบลตะค่า
องค์กรปกครองส่วนท้องถิ่น,เทศบาลตำบลไผ่กองดิน
องค์กรปกครองส่วนท้องถิ่น,เทศบาลตำบลบ้านแหลมพัฒนา
องค์กรปกครองส่วนท้องถิ่น,เทศบาลตำบลศรีประจันต์
องค์กรปกครองส่วนท้องถิ่น,เทศบาลตำบลบ้านกร่าง
องค์กรปกครองส่วนท้องถิ่น,เทศบาลตำบลปลายนา
องค์กรปกครองส่วนท้องถิ่น,เทศบาลตำบลวังหว้า
องค์กรปกครองส่วนท้องถิ่น,เทศบาลตำบลวังน้ำซับ
องค์กรปกครองส่วนท้องถิ่น,เทศบาลตำบลสระกระโจม
องค์กรปกครองส่วนท้องถิ่น,เทศบาลเมืองสองพี่น้อง
องค์กรปกครองส่วนท้องถิ่น,เทศบาลตำบลทุ่งคอก
องค์กรปกครองส่วนท้องถิ่น,เทศบาลตำบลสามชุก
องค์กรปกครองส่วนท้องถิ่น,เทศบาลตำบลท้าวอู่ทอง
องค์กรปกครองส่วนท้องถิ่น,เทศบาลตำบลอู่ทอง
องค์กรปกครองส่วนท้องถิ่น,เทศบาลตำบลขุนพัดเพ็ง
องค์กรปกครองส่วนท้องถิ่น,เทศบาลตำบลสระยายโสม
องค์กรปกครองส่วนท้องถิ่น,เทศบาลตำบลจรเข้สามพัน
องค์กรปกครองส่วนท้องถิ่น,เทศบาลตำบลบ้านดอน
องค์กรปกครองส่วนท้องถิ่น,เทศบาลตำบลบ้านโข้ง
องค์กรปกครองส่วนท้องถิ่น,เทศบาลตำบลเจดีย์
องค์กรปกครองส่วนท้องถิ่น,เทศบาลตำบลกระจัน
องค์กรปกครองส่วนท้องถิ่น,เทศบาลตำบลหนองหญ้าไซ
องค์กรปกครองส่วนท้องถิ่น,เทศบาลนครสุราษฎร์ธานี
องค์กรปกครองส่วนท้องถิ่น,องค์การบริหารส่วนจังหวัดสุราษฎร์ธานี
องค์กรปกครองส่วนท้องถิ่น,เทศบาลตำบลวัดประดู่
องค์กรปกครองส่วนท้องถิ่น,เทศบาลตำบลท่าทองใหม่
องค์กรปกครองส่วนท้องถิ่น,เทศบาลตำบลกาญจนดิษฐ์
องค์กรปกครองส่วนท้องถิ่น,เทศบาลตำบลกรูด
องค์กรปกครองส่วนท้องถิ่น,เทศบาลตำบลช้างซ้าย
องค์กรปกครองส่วนท้องถิ่น,เทศบาลตำบลช้างขวา
องค์กรปกครองส่วนท้องถิ่น,เทศบาลเมืองดอนสัก
องค์กรปกครองส่วนท้องถิ่น,เทศบาลนครเกาะสมุย
องค์กรปกครองส่วนท้องถิ่น,เทศบาลตำบลเกาะพะงัน
องค์กรปกครองส่วนท้องถิ่น,เทศบาลตำบลเพชรพะงัน
องค์กรปกครองส่วนท้องถิ่น,เทศบาลตำบลบ้านใต้
องค์กรปกครองส่วนท้องถิ่น,เทศบาลตำบลเกาะเต่า
องค์กรปกครองส่วนท้องถิ่น,เทศบาลตำบลตลาดไชยา
องค์กรปกครองส่วนท้องถิ่น,เทศบาลตำบลพุมเรียง
องค์กรปกครองส่วนท้องถิ่น,เทศบาลตำบลท่าชนะ
องค์กรปกครองส่วนท้องถิ่น,เทศบาลตำบลท่าขนอน
องค์กรปกครองส่วนท้องถิ่น,เทศบาลตำบลบ้านตาขุน
องค์กรปกครองส่วนท้องถิ่น,เทศบาลตำบลบ้านเชี่ยวหลาน
องค์กรปกครองส่วนท้องถิ่น,เทศบาลตำบลพนม
องค์กรปกครองส่วนท้องถิ่น,เทศบาลตำบลคลองชะอุ่น
องค์กรปกครองส่วนท้องถิ่น,เทศบาลตำบลท่าฉาง
องค์กรปกครองส่วนท้องถิ่น,เทศบาลเมืองนาสาร
องค์กรปกครองส่วนท้องถิ่น,เทศบาลตำบลพรุพี
องค์กรปกครองส่วนท้องถิ่น,เทศบาลตำบลท่าชี
องค์กรปกครองส่วนท้องถิ่น,เทศบาลตำบลควนศรี
องค์กรปกครองส่วนท้องถิ่น,เทศบาลตำบลคลองปราบ
องค์กรปกครองส่วนท้องถิ่น,เทศบาลตำบลเคียนซา
องค์กรปกครองส่วนท้องถิ่น,เทศบาลตำบลบ้านเสด็จ
องค์กรปกครองส่วนท้องถิ่น,เทศบาลตำบลเมืองเวียง
องค์กรปกครองส่วนท้องถิ่น,เทศบาลตำบลบ้านส้อง
องค์กรปกครองส่วนท้องถิ่น,เทศบาลเมืองเวียงสระ
องค์กรปกครองส่วนท้องถิ่น,เทศบาลตำบลเขานิพันธ์
องค์กรปกครองส่วนท้องถิ่น,เทศบาลตำบลย่านดินแดง
องค์กรปกครองส่วนท้องถิ่น,เทศบาลตำบลบางสวรรค์
องค์กรปกครองส่วนท้องถิ่น,เทศบาลเมืองท่าข้าม
องค์กรปกครองส่วนท้องถิ่น,องค์การบริหารส่วนจังหวัดสุรินทร์
องค์กรปกครองส่วนท้องถิ่น,เทศบาลเมืองสุรินทร์
องค์กรปกครองส่วนท้องถิ่น,เทศบาลตำบลเมืองที
องค์กรปกครองส่วนท้องถิ่น,เทศบาลตำบลชุมพลบุรี
องค์กรปกครองส่วนท้องถิ่น,เทศบาลตำบลทุ่งศรีชุมพล
องค์กรปกครองส่วนท้องถิ่น,เทศบาลตำบลนาหนองไผ่
องค์กรปกครองส่วนท้องถิ่น,เทศบาลตำบลยะวึก
องค์กรปกครองส่วนท้องถิ่น,เทศบาลตำบลสระขุด
องค์กรปกครองส่วนท้องถิ่น,เทศบาลตำบลท่าตูม
องค์กรปกครองส่วนท้องถิ่น,เทศบาลตำบลเมืองแก
องค์กรปกครองส่วนท้องถิ่น,เทศบาลตำบลจอมพระ
องค์กรปกครองส่วนท้องถิ่น,เทศบาลตำบลกระหาด
องค์กรปกครองส่วนท้องถิ่น,เทศบาลตำบลบุแกรง
องค์กรปกครองส่วนท้องถิ่น,เทศบาลตำบลกังแอน
องค์กรปกครองส่วนท้องถิ่น,เทศบาลตำบลนิคมปราสาท
องค์กรปกครองส่วนท้องถิ่น,เทศบาลตำบลกันตวจระมวล
องค์กรปกครองส่วนท้องถิ่น,เทศบาลตำบลกาบเชิง
องค์กรปกครองส่วนท้องถิ่น,เทศบาลตำบลโคกตะเคียน
องค์กรปกครองส่วนท้องถิ่น,เทศบาลตำบลรัตนบุรี
องค์กรปกครองส่วนท้องถิ่น,เทศบาลตำบลสนม
องค์กรปกครองส่วนท้องถิ่น,เทศบาลตำบลแคน
องค์กรปกครองส่วนท้องถิ่น,เทศบาลตำบลศีขรภูมิ
องค์กรปกครองส่วนท้องถิ่น,เทศบาลตำบลผักไหม
องค์กรปกครองส่วนท้องถิ่น,เทศบาลตำบลสังขะ
องค์กรปกครองส่วนท้องถิ่น,เทศบาลตำบลลำดวนสุรพินท์
องค์กรปกครองส่วนท้องถิ่น,เทศบาลตำบลสำโรงทาบ
องค์กรปกครองส่วนท้องถิ่น,เทศบาลตำบลหมื่นศรี
องค์กรปกครองส่วนท้องถิ่น,เทศบาลตำบลบัวเชด
องค์กรปกครองส่วนท้องถิ่น,เทศบาลตำบลเขวาสินรินทร์
องค์กรปกครองส่วนท้องถิ่น,เทศบาลเมืองหนองคาย
องค์กรปกครองส่วนท้องถิ่น,เทศบาลตำบลกวนวัน
องค์กรปกครองส่วนท้องถิ่น,เทศบาลตำบลเวียงคุก
องค์กรปกครองส่วนท้องถิ่น,เทศบาลตำบลวัดธาตุ
องค์กรปกครองส่วนท้องถิ่น,เทศบาลตำบลหาดคำ
องค์กรปกครองส่วนท้องถิ่น,องค์การบริหารส่วนจังหวัดหนองคาย
องค์กรปกครองส่วนท้องถิ่น,เทศบาลตำบลปะโค
องค์กรปกครองส่วนท้องถิ่น,เทศบาลเมืองท่าบ่อ
องค์กรปกครองส่วนท้องถิ่น,เทศบาลตำบลกองนาง
องค์กรปกครองส่วนท้องถิ่น,เทศบาลตำบลบ้านถ่อน
องค์กรปกครองส่วนท้องถิ่น,เทศบาลตำบลโพนสา
องค์กรปกครองส่วนท้องถิ่น,เทศบาลตำบลโพนพิสัย
องค์กรปกครองส่วนท้องถิ่น,เทศบาลตำบลสร้างนางขาว
องค์กรปกครองส่วนท้องถิ่น,เทศบาลตำบลศรีเชียงใหม่
องค์กรปกครองส่วนท้องถิ่น,เทศบาลตำบลหนองปลาปาก
องค์กรปกครองส่วนท้องถิ่น,เทศบาลตำบลสังคม
องค์กรปกครองส่วนท้องถิ่น,เทศบาลตำบลเฝ้าไร่
องค์กรปกครองส่วนท้องถิ่น,เทศบาลเมืองหนองบัวลำภู
องค์กรปกครองส่วนท้องถิ่น,เทศบาลตำบลหัวนา
องค์กรปกครองส่วนท้องถิ่น,เทศบาลตำบลนามะเฟือง
องค์กรปกครองส่วนท้องถิ่น,องค์การบริหารส่วนจังหวัดหนองบัวลำภู
องค์กรปกครองส่วนท้องถิ่น,เทศบาลตำบลนาคำไฮ
องค์กรปกครองส่วนท้องถิ่น,เทศบาลตำบลนากลาง
องค์กรปกครองส่วนท้องถิ่น,เทศบาลตำบลกุดดินจี่
องค์กรปกครองส่วนท้องถิ่น,เทศบาลตำบลเก่ากลอย
องค์กรปกครองส่วนท้องถิ่น,เทศบาลตำบลโนนสัง
องค์กรปกครองส่วนท้องถิ่น,เทศบาลตำบลกุดดู่
องค์กรปกครองส่วนท้องถิ่น,เทศบาลตำบลโนนสูงเปลือย
องค์กรปกครองส่วนท้องถิ่น,เทศบาลตำบลยางหล่อ
องค์กรปกครองส่วนท้องถิ่น,เทศบาลตำบลนาด่าน
องค์กรปกครองส่วนท้องถิ่น,เทศบาลตำบลสุวรรณคูหา
องค์กรปกครองส่วนท้องถิ่น,เทศบาลตำบลบุญทัน
องค์กรปกครองส่วนท้องถิ่น,เทศบาลตำบลนาเหล่า
องค์กรปกครองส่วนท้องถิ่น,เทศบาลเมืองอ่างทอง
องค์กรปกครองส่วนท้องถิ่น,องค์การบริหารส่วนจังหวัดอ่างทอง
องค์กรปกครองส่วนท้องถิ่น,เทศบาลตำบลโพสะ
องค์กรปกครองส่วนท้องถิ่น,เทศบาลตำบลไชโย
องค์กรปกครองส่วนท้องถิ่น,เทศบาลตำบลเกษไชโย
องค์กรปกครองส่วนท้องถิ่น,เทศบาลตำบลป่าโมก
องค์กรปกครองส่วนท้องถิ่น,เทศบาลตำบลม่วงคัน
องค์กรปกครองส่วนท้องถิ่น,เทศบาลตำบลรำมะสัก
องค์กรปกครองส่วนท้องถิ่น,เทศบาลตำบลโคกพุทรา
องค์กรปกครองส่วนท้องถิ่น,เทศบาลตำบลทางพระ
องค์กรปกครองส่วนท้องถิ่น,เทศบาลตำบลเพชรเมืองทอง
องค์กรปกครองส่วนท้องถิ่น,เทศบาลตำบลแสวงหา
องค์กรปกครองส่วนท้องถิ่น,เทศบาลตำบลวิเศษไชยชาญ
องค์กรปกครองส่วนท้องถิ่น,เทศบาลตำบลไผ่ดำพัฒนา
องค์กรปกครองส่วนท้องถิ่น,เทศบาลตำบลสาวร้องไห้
องค์กรปกครองส่วนท้องถิ่น,เทศบาลตำบลบางจัก
องค์กรปกครองส่วนท้องถิ่น,เทศบาลตำบลห้วยคันแหลน
องค์กรปกครองส่วนท้องถิ่น,เทศบาลตำบลม่วงเตี้ย
องค์กรปกครองส่วนท้องถิ่น,เทศบาลตำบลสามโก้
องค์กรปกครองส่วนท้องถิ่น,เทศบาลเมืองอำนาจเจริญ
องค์กรปกครองส่วนท้องถิ่น,เทศบาลตำบลไก่คำ
องค์กรปกครองส่วนท้องถิ่น,เทศบาลตำบลน้ำปลีก
องค์กรปกครองส่วนท้องถิ่น,เทศบาลตำบลนาวัง
องค์กรปกครองส่วนท้องถิ่น,เทศบาลตำบลนาหมอม้า
องค์กรปกครองส่วนท้องถิ่น,องค์การบริหารส่วนจังหวัดอำนาจเจริญ
องค์กรปกครองส่วนท้องถิ่น,เทศบาลตำบลนายม
องค์กรปกครองส่วนท้องถิ่น,เทศบาลตำบลชานุมาน
องค์กรปกครองส่วนท้องถิ่น,เทศบาลตำบลโคกก่ง
องค์กรปกครองส่วนท้องถิ่น,เทศบาลตำบลหนองข่า
องค์กรปกครองส่วนท้องถิ่น,เทศบาลตำบลปทุมราชวงศา
องค์กรปกครองส่วนท้องถิ่น,เทศบาลตำบลห้วย
องค์กรปกครองส่วนท้องถิ่น,เทศบาลตำบลนาป่าแซง
องค์กรปกครองส่วนท้องถิ่น,เทศบาลตำบลพนา
องค์กรปกครองส่วนท้องถิ่น,เทศบาลตำบลพระเหลา
องค์กรปกครองส่วนท้องถิ่น,เทศบาลตำบลสิริเสนางค์
องค์กรปกครองส่วนท้องถิ่น,เทศบาลตำบลเสนางคนิคม
องค์กรปกครองส่วนท้องถิ่น,เทศบาลตำบลรัตนวารีศรีเจริญ
องค์กรปกครองส่วนท้องถิ่น,เทศบาลตำบลหัวตะพาน
องค์กรปกครองส่วนท้องถิ่น,เทศบาลตำบลเค็งใหญ่
องค์กรปกครองส่วนท้องถิ่น,เทศบาลตำบลสามหนอง
องค์กรปกครองส่วนท้องถิ่น,เทศบาลตำบลอำนาจ
องค์กรปกครองส่วนท้องถิ่น,เทศบาลตำบลดงมะยาง
องค์กรปกครองส่วนท้องถิ่น,เทศบาลตำบลเปือย
องค์กรปกครองส่วนท้องถิ่น,เทศบาลตำบลโคกกลาง
องค์กรปกครองส่วนท้องถิ่น,องค์การบริหารส่วนจังหวัดอุดรธานี
องค์กรปกครองส่วนท้องถิ่น,เทศบาลนครอุดรธานี
องค์กรปกครองส่วนท้องถิ่น,เทศบาลตำบลบ้านตาด
องค์กรปกครองส่วนท้องถิ่น,เทศบาลเมืองโนนสูง-น้ำคำ
องค์กรปกครองส่วนท้องถิ่น,เทศบาลเมืองหนองสำโรง
องค์กรปกครองส่วนท้องถิ่น,เทศบาลตำบลบ้านจั่น
องค์กรปกครองส่วนท้องถิ่น,เทศบาลตำบลหนองขอนกว้าง
องค์กรปกครองส่วนท้องถิ่น,เทศบาลตำบลนิคมสงเคราะห์
องค์กรปกครองส่วนท้องถิ่น,เทศบาลตำบลยางชุม
องค์กรปกครองส่วนท้องถิ่น,เทศบาลตำบลเชียงเพ็ง
องค์กรปกครองส่วนท้องถิ่น,เทศบาลตำบลสร้างก่อ
องค์กรปกครองส่วนท้องถิ่น,เทศบาลตำบลกุดจับ
องค์กรปกครองส่วนท้องถิ่น,เทศบาลตำบลเมืองเพีย
องค์กรปกครองส่วนท้องถิ่น,เทศบาลตำบลตาลเลียน
องค์กรปกครองส่วนท้องถิ่น,เทศบาลตำบลหนองวัวซอ
องค์กรปกครองส่วนท้องถิ่น,เทศบาลตำบลอูบมุง
องค์กรปกครองส่วนท้องถิ่น,เทศบาลตำบลกุดหมากไฟ
องค์กรปกครองส่วนท้องถิ่น,เทศบาลตำบลหนองบัวบาน
องค์กรปกครองส่วนท้องถิ่น,เทศบาลตำบลโนนหวาย
องค์กรปกครองส่วนท้องถิ่น,เทศบาลตำบลกงพานพันดอน
องค์กรปกครองส่วนท้องถิ่น,เทศบาลตำบลพันดอน
องค์กรปกครองส่วนท้องถิ่น,เทศบาลตำบลเวียงคำ
องค์กรปกครองส่วนท้องถิ่น,เทศบาลตำบลแชแล
องค์กรปกครองส่วนท้องถิ่น,เทศบาลตำบลเชียงแหว
องค์กรปกครองส่วนท้องถิ่น,เทศบาลตำบลห้วยเกิ้ง
องค์กรปกครองส่วนท้องถิ่น,เทศบาลตำบลกุมภวาปี
องค์กรปกครองส่วนท้องถิ่น,เทศบาลตำบลหนองหว้า
องค์กรปกครองส่วนท้องถิ่น,เทศบาลตำบลหนองแวงโนนสะอาด
องค์กรปกครองส่วนท้องถิ่น,เทศบาลตำบลหนองหาน
องค์กรปกครองส่วนท้องถิ่น,เทศบาลตำบลหนองเม็ก
องค์กรปกครองส่วนท้องถิ่น,เทศบาลตำบลบ้านเชียง
องค์กรปกครองส่วนท้องถิ่น,เทศบาลตำบลผักตบ
องค์กรปกครองส่วนท้องถิ่น,เทศบาลตำบลทุ่งฝน
องค์กรปกครองส่วนท้องถิ่น,เทศบาลตำบลทุ่งใหญ่
องค์กรปกครองส่วนท้องถิ่น,เทศบาลตำบลหนองแวงแก้มหอม
องค์กรปกครองส่วนท้องถิ่น,เทศบาลตำบลไชยวาน
องค์กรปกครองส่วนท้องถิ่น,เทศบาลตำบลศรีธาตุ
องค์กรปกครองส่วนท้องถิ่น,เทศบาลตำบลจำปี
องค์กรปกครองส่วนท้องถิ่น,เทศบาลตำบลบ้านโปร่ง
องค์กรปกครองส่วนท้องถิ่น,เทศบาลตำบลบะยาว
องค์กรปกครองส่วนท้องถิ่น,เทศบาลตำบลผาสุก
องค์กรปกครองส่วนท้องถิ่น,เทศบาลตำบลลำพันชาด
องค์กรปกครองส่วนท้องถิ่น,เทศบาลตำบลวังสามหมอ
องค์กรปกครองส่วนท้องถิ่น,เทศบาลเมืองบ้านดุง
องค์กรปกครองส่วนท้องถิ่น,เทศบาลตำบลกลางใหญ่
องค์กรปกครองส่วนท้องถิ่น,เทศบาลตำบลนางัว
องค์กรปกครองส่วนท้องถิ่น,เทศบาลตำบลน้ำโสม
องค์กรปกครองส่วนท้องถิ่น,เทศบาลตำบลเพ็ญ
องค์กรปกครองส่วนท้องถิ่น,เทศบาลตำบลบ้านธาตุ
องค์กรปกครองส่วนท้องถิ่น,เทศบาลตำบลสร้างคอม
องค์กรปกครองส่วนท้องถิ่น,เทศบาลตำบลบ้านยวด
องค์กรปกครองส่วนท้องถิ่น,เทศบาลตำบลแสงสว่าง
องค์กรปกครองส่วนท้องถิ่น,เทศบาลตำบลนายูง
องค์กรปกครองส่วนท้องถิ่น,เทศบาลตำบลกู่แก้ว
องค์กรปกครองส่วนท้องถิ่น,เทศบาลตำบลคอนสาย
องค์กรปกครองส่วนท้องถิ่น,องค์การบริหารส่วนจังหวัดอุตรดิตถ์
องค์กรปกครองส่วนท้องถิ่น,เทศบาลเมืองอุตรดิตถ์
องค์กรปกครองส่วนท้องถิ่น,เทศบาลตำบลบ้านเกาะ
องค์กรปกครองส่วนท้องถิ่น,เทศบาลตำบลป่าเซ่า
องค์กรปกครองส่วนท้องถิ่น,เทศบาลตำบลคุ้งตะเภา
องค์กรปกครองส่วนท้องถิ่น,เทศบาลตำบลวังกะพี้
องค์กรปกครองส่วนท้องถิ่น,เทศบาลตำบลหาดกรวด
องค์กรปกครองส่วนท้องถิ่น,เทศบาลตำบลน้ำริด
องค์กรปกครองส่วนท้องถิ่น,เทศบาลตำบลงิ้วงาม
องค์กรปกครองส่วนท้องถิ่น,เทศบาลตำบลบ้านด่านนาขาม
องค์กรปกครองส่วนท้องถิ่น,เทศบาลตำบลผาจุก
องค์กรปกครองส่วนท้องถิ่น,เทศบาลตำบลตรอน
องค์กรปกครองส่วนท้องถิ่น,เทศบาลตำบลบ้านแก่ง
องค์กรปกครองส่วนท้องถิ่น,เทศบาลตำบลท่าปลา
องค์กรปกครองส่วนท้องถิ่น,เทศบาลตำบลจริม
องค์กรปกครองส่วนท้องถิ่น,เทศบาลตำบลร่วมจิต
องค์กรปกครองส่วนท้องถิ่น,เทศบาลตำบลน้ำปาด
องค์กรปกครองส่วนท้องถิ่น,เทศบาลตำบลฟากท่า
องค์กรปกครองส่วนท้องถิ่น,เทศบาลตำบลท่าสัก
องค์กรปกครองส่วนท้องถิ่น,เทศบาลตำบลศรีพนมมาศ
องค์กรปกครองส่วนท้องถิ่น,เทศบาลตำบลทุ่งยั้ง
องค์กรปกครองส่วนท้องถิ่น,เทศบาลตำบลพระเสด็จ
องค์กรปกครองส่วนท้องถิ่น,เทศบาลตำบลทองแสนขัน
องค์กรปกครองส่วนท้องถิ่น,องค์การบริหารส่วนจังหวัดอุทัยธานี
องค์กรปกครองส่วนท้องถิ่น,เทศบาลเมืองอุทัยธานี
องค์กรปกครองส่วนท้องถิ่น,เทศบาลตำบลหาดทนง
องค์กรปกครองส่วนท้องถิ่น,เทศบาลตำบลทัพทัน
องค์กรปกครองส่วนท้องถิ่น,เทศบาลตำบลหนองสระ
องค์กรปกครองส่วนท้องถิ่น,เทศบาลตำบลตลุกดู่
องค์กรปกครองส่วนท้องถิ่น,เทศบาลตำบลสว่างอารมณ์
องค์กรปกครองส่วนท้องถิ่น,เทศบาลตำบลสว่างแจ้งสบายใจ
องค์กรปกครองส่วนท้องถิ่น,เทศบาลตำบลพลวงสองนาง
องค์กรปกครองส่วนท้องถิ่น,เทศบาลตำบลหนองฉาง
องค์กรปกครองส่วนท้องถิ่น,เทศบาลตำบลเขาบางแกรก
องค์กรปกครองส่วนท้องถิ่น,เทศบาลตำบลหนองขาหย่าง
องค์กรปกครองส่วนท้องถิ่น,เทศบาลตำบลเมืองการุ้ง
องค์กรปกครองส่วนท้องถิ่น,เทศบาลตำบลลานสัก
องค์กรปกครองส่วนท้องถิ่น,องค์การบริหารส่วนจังหวัดอุบลราชธานี
องค์กรปกครองส่วนท้องถิ่น,เทศบาลนครอุบลราชธานี
องค์กรปกครองส่วนท้องถิ่น,เทศบาลตำบลปทุม
องค์กรปกครองส่วนท้องถิ่น,เทศบาลตำบลขามใหญ่
องค์กรปกครองส่วนท้องถิ่น,เทศบาลตำบลอุบล
องค์กรปกครองส่วนท้องถิ่น,เทศบาลเมืองแจระแม
องค์กรปกครองส่วนท้องถิ่น,เทศบาลตำบลศรีเมืองใหม่
องค์กรปกครองส่วนท้องถิ่น,เทศบาลตำบลบ้านด่านโขงเจียม
องค์กรปกครองส่วนท้องถิ่น,เทศบาลตำบลห้วยเรือ
องค์กรปกครองส่วนท้องถิ่น,เทศบาลตำบลเขื่องใน
องค์กรปกครองส่วนท้องถิ่น,เทศบาลตำบลบ้านกอก
องค์กรปกครองส่วนท้องถิ่น,เทศบาลตำบลเขมราฐ
องค์กรปกครองส่วนท้องถิ่น,เทศบาลเมืองเทพวงศา
องค์กรปกครองส่วนท้องถิ่น,เทศบาลตำบลขามป้อม
องค์กรปกครองส่วนท้องถิ่น,เทศบาลตำบลหนองนกทา
องค์กรปกครองส่วนท้องถิ่น,เทศบาลเมืองเดชอุดม
องค์กรปกครองส่วนท้องถิ่น,เทศบาลตำบลนาส่วง
องค์กรปกครองส่วนท้องถิ่น,เทศบาลตำบลกุดประทาย
องค์กรปกครองส่วนท้องถิ่น,เทศบาลตำบลโพนงาม
องค์กรปกครองส่วนท้องถิ่น,เทศบาลตำบลนาจะหลวย
องค์กรปกครองส่วนท้องถิ่น,เทศบาลตำบลภูจองนายอย
องค์กรปกครองส่วนท้องถิ่น,เทศบาลตำบลโซง
องค์กรปกครองส่วนท้องถิ่น,เทศบาลตำบลน้ำยืน
องค์กรปกครองส่วนท้องถิ่น,เทศบาลตำบลสีวิเชียร
องค์กรปกครองส่วนท้องถิ่น,เทศบาลตำบลคอแลน
องค์กรปกครองส่วนท้องถิ่น,เทศบาลตำบลบุณฑริก
องค์กรปกครองส่วนท้องถิ่น,เทศบาลตำบลตระการพืชผล
องค์กรปกครองส่วนท้องถิ่น,เทศบาลตำบลกุดข้าวปุ้น
องค์กรปกครองส่วนท้องถิ่น,เทศบาลตำบลม่วงสามสิบ
องค์กรปกครองส่วนท้องถิ่น,เทศบาลเมืองวารินชำราบ
องค์กรปกครองส่วนท้องถิ่น,เทศบาลตำบลคำน้ำแซบ
องค์กรปกครองส่วนท้องถิ่น,เทศบาลตำบลคำขวาง
องค์กรปกครองส่วนท้องถิ่น,เทศบาลตำบลแสนสุข
องค์กรปกครองส่วนท้องถิ่น,เทศบาลตำบลเมืองศรีไค
องค์กรปกครองส่วนท้องถิ่น,เทศบาลตำบลห้วยขะยุง
องค์กรปกครองส่วนท้องถิ่น,เทศบาลตำบลบุ่งไหม
องค์กรปกครองส่วนท้องถิ่น,เทศบาลเมืองพิบูลมังสาหาร
องค์กรปกครองส่วนท้องถิ่น,เทศบาลตำบลกุดชมภู
องค์กรปกครองส่วนท้องถิ่น,เทศบาลตำบลโพธิ์ไทร
องค์กรปกครองส่วนท้องถิ่น,เทศบาลตำบลโพธิ์ศรี
องค์กรปกครองส่วนท้องถิ่น,เทศบาลตำบลอ่างศิลา
องค์กรปกครองส่วนท้องถิ่น,เทศบาลตำบลตาลสุม
องค์กรปกครองส่วนท้องถิ่น,เทศบาลตำบลสำโรง
องค์กรปกครองส่วนท้องถิ่น,เทศบาลตำบลช่องเม็ก
องค์กรปกครองส่วนท้องถิ่น,เทศบาลตำบลนิคมสร้างตนเองลำโดมน้อย
องค์กรปกครองส่วนท้องถิ่น,เทศบาลตำบลนาเยีย
องค์กรปกครองส่วนท้องถิ่น,เทศบาลตำบลนาเรือง
องค์กรปกครองส่วนท้องถิ่น,เทศบาลตำบลเหล่าเสือโก้ก
องค์กรปกครองส่วนท้องถิ่น,เทศบาลตำบลบุ่งมะแลง
องค์กรปกครองส่วนท้องถิ่น,เทศบาลตำบลสว่าง
องค์กรปกครองส่วนท้องถิ่น,เทศบาลตำบลตาเกา
องค์กรปกครองส่วนท้องถิ่น,เทศบาลเมืองท่ายาง
องค์กรปกครองส่วนท้องถิ่น,เทศบาลนครบุรีรัมย์
องค์กรปกครองส่วนท้องถิ่น,เทศบาลเมืองบ้านบัว
องค์กรปกครองส่วนท้องถิ่น,เทศบาลตำบลคลองหิน
องค์กรปกครองส่วนท้องถิ่น,เทศบาลเมืองเสาธงหิน
องค์กรปกครองส่วนท้องถิ่น,เทศบาลนครหัวหิน
องค์กรปกครองส่วนท้องถิ่น,เทศบาลเมืองเจ้าเจ็ด
องค์กรปกครองส่วนท้องถิ่น,เทศบาลเมืองกลางดง
องค์กรปกครองส่วนท้องถิ่น,เทศบาลเมืองบางใหญ่
องค์กรปกครองส่วนท้องถิ่น,เทศบาลเมืองบ้านเป็ด
องค์กรปกครองส่วนท้องถิ่น,เทศบาลเมืองบางเลน
องค์กรปกครองส่วนท้องถิ่น,เทศบาลนครบางบัวทอง
องค์กรปกครองส่วนท้องถิ่น,เทศบาลเมืองบางพลับ
ทุนหมุนเวียน,กองทุนหมู่บ้านและชุมชนเมืองแห่งชาติ เพื่อกองทุนหมู่บ้านและชุมชนเมืองแห่งชาติ
ทุนหมุนเวียน,กองทุนฟื้นฟูและพัฒนาเกษตรกร
ทุนหมุนเวียน,กองทุนการออมแห่งชาติ
ทุนหมุนเวียน,กองทุนจัดรูปที่ดินเพื่อพัฒนาพื้นที่
ทุนหมุนเวียน,กองทุนยุติธรรม
ทุนหมุนเวียน,กองทุนเพื่อความเสมอภาคทางการศึกษา เพื่อกองทุนเพื่อความเสมอภาคทางการศึกษา
ทุนหมุนเวียน,กองทุนเงินให้กู้ยืมเพื่อการศึกษา เพื่อกองทุนเงินให้กู้ยืมเพื่อการศึกษา
กองทุนและเงินทุนหมุนเวียน,สำนักงานคณะกรรมการการเลือกตั้ง เพื่อกองทุนเพื่อการพัฒนาพรรคการเมือง
กองทุนและเงินทุนหมุนเวียน,สำนักงานปลัดกระทรวงการพัฒนาสังคมและความมั่นคงของมนุษย์ เพื่อกองทุนเพื่อการป้องกันและปราบปรามการค้ามนุษย์
กองทุนและเงินทุนหมุนเวียน,กรมการค้าภายใน เพื่อกองทุนรวมเพื่อช่วยเหลือเกษตรกร
กองทุนและเงินทุนหมุนเวียน,สำนักงานปลัดกระทรวงการท่องเที่ยวและกีฬา เพื่อกองทุนเพื่อส่งเสริมการท่องเที่ยวไทย
กองทุนและเงินทุนหมุนเวียน,กรมส่งเสริมการค้าระหว่างประเทศ เพื่อกองทุนส่งเสริมการค้าระหว่างประเทศ
กองทุนและเงินทุนหมุนเวียน,สำนักงานส่งเสริมวิสาหกิจขนาดกลางและขนาดย่อม เพื่อกองทุนส่งเสริมวิสาหกิจขนาดกลางและขนาดย่อม
กองทุนและเงินทุนหมุนเวียน,สำนักงานคณะกรรมการส่งเสริมวิทยาศาสตร์  วิจัยและนวัตกรรม เพื่อกองทุนส่งเสริมวิทยาศาสตร์ วิจัยและนวัตกรรม
กองทุนและเงินทุนหมุนเวียน,สำนักงานศิลปวัฒนธรรมร่วมสมัย เพื่อกองทุนส่งเสริมศิลปะร่วมสมัย
กองทุนและเงินทุนหมุนเวียน,สำนักงานคณะกรรมการนโยบายเขตพัฒนาพิเศษภาคตะวันออก เพื่อกองทุนพัฒนาเขตพัฒนาพิเศษภาคตะวันออก
กองทุนและเงินทุนหมุนเวียน,สำนักงานคณะกรรมการส่งเสริมการลงทุน เพื่อกองทุนเพิ่มขีดความสามารถในการแข่งขันของประเทศสำหรับอุตสาหกรรมเป้าหมาย
กองทุนและเงินทุนหมุนเวียน,กรมการศาสนา เพื่อกองทุนส่งเสริมการเผยแผ่พระพุทธศาสนาเฉลิมพระเกียรติ 80 พรรษา
กองทุนและเงินทุนหมุนเวียน,กรมส่งเสริมวัฒนธรรม เพื่อกองทุนส่งเสริมงานวัฒนธรรม
กองทุนและเงินทุนหมุนเวียน,กรมศิลปากร เพื่อกองทุนส่งเสริมงานจดหมายเหตุ
กองทุนและเงินทุนหมุนเวียน,กองทุนและเงินทุนหมุนเวียน
กองทุนและเงินทุนหมุนเวียน,กรมการแพทย์แผนไทยและการแพทย์ทางเลือก เพื่อกองทุนภูมิปัญญาการแพทย์แผนไทย
กองทุนและเงินทุนหมุนเวียน,สถาบันการแพทย์ฉุกเฉินแห่งชาติ เพื่อกองทุนการแพทย์ฉุกเฉิน
กองทุนและเงินทุนหมุนเวียน,กรมการพัฒนาชุมชน เพื่อกองทุนพัฒนาบทบาทสตรี
กองทุนและเงินทุนหมุนเวียน,กรมพัฒนาสังคมและสวัสดิการ เพื่อกองทุนส่งเสริมการจัดสวัสดิการสังคม
กองทุนและเงินทุนหมุนเวียน,กรมกิจการสตรีและสถาบันครอบครัว เพื่อกองทุนส่งเสริมความเท่าเทียมระหว่างเพศ
กองทุนและเงินทุนหมุนเวียน,สำนักงานหลักประกันสุขภาพแห่งชาติ เพื่อกองทุนหลักประกันสุขภาพแห่งชาติ
กองทุนและเงินทุนหมุนเวียน,สำนักงานปลัดกระทรวงการคลัง เพื่อกองทุนประชารัฐสวัสดิการเพื่อเศรษฐกิจฐานรากและสังคม
กองทุนและเงินทุนหมุนเวียน,กรมสวัสดิการและคุ้มครองแรงงาน เพื่อกองทุนสงเคราะห์ลูกจ้าง
กองทุนและเงินทุนหมุนเวียน,กรมกิจการเด็กและเยาวชน เพื่อกองทุนคุ้มครองเด็ก
กองทุนและเงินทุนหมุนเวียน,กรมกิจการผู้สูงอายุ เพื่อกองทุนผู้สูงอายุ
กองทุนและเงินทุนหมุนเวียน,กรมชลประทาน เพื่อกองทุนจัดรูปที่ดิน
กองทุนและเงินทุนหมุนเวียน,สำนักงานตำรวจแห่งชาติ เพื่อกองทุนเพื่อการสืบสวน สอบสวน การป้องกันและปราบปรามการกระทำความผิดทางอาญา
กองทุนและเงินทุนหมุนเวียน,สำนักงานเลขาธิการสภาผู้แทนราษฎร เพื่อกองทุนเพื่อผู้เคยเป็นสมาชิกรัฐสภา
กองทุนและเงินทุนหมุนเวียน,สำนักงานคณะกรรมการป้องกันและปราบปรามการทุจริตแห่งชาติ เพื่อกองทุนป้องกันและปราบปรามการทุจริตแห่งชาติ
กองทุนและเงินทุนหมุนเวียน,สำนักงานปลัดกระทรวงการอุดมศึกษา วิทยาศาสตร์ วิจัยและนวัตกรรม สำหรับ กองทุนเพื่อพัฒนาการอุดมศึกษา
กองทุนและเงินทุนหมุนเวียน,สำนักงานคณะกรรมการการศึกษาขั้นพื้นฐาน สำหรับ กองทุนส่งเสริมและพัฒนาการศึกษาสำหรับคนพิการ
กองทุนและเงินทุนหมุนเวียน,สำนักงานปลัดกระทรวงศึกษาธิการ สำหรับเงินทุนหมุนเวียนเพื่อแก้ไขปัญหาหนี้สินข้าราชการครู
งบกลาง,งบกลาง
รายจ่ายเพื่อชดใช้เงินคงคลัง,รายจ่ายเพื่อชดใช้เงินคงคลัง
